Taxon,Genus,DCLX003A_S1_L001_nonrrna,DCLX003B_S2_L001_nonrrna,DCLX003C_S3_L001_nonrrna,DCLX003D_S4_L001_nonrrna,DCLX003E_S5_L001_nonrrna,DCLX003F_S6_L001_nonrrna,DCLX003G_S7_L001_nonrrna,DCLX004A_S8_L002_nonrrna,DCLX004B_S9_L002_nonrrna,DCLX004C_S10_L002_nonrrna,DCLX004D_S11_L002_nonrrna,DCLX004E_S12_L002_nonrrna,DCLX005A_S1_L001_nonrrna,DCLX005B_S2_L001_nonrrna,DCLX005C_S3_L001_nonrrna,DCLX005D_S4_L001_nonrrna,DCLX005E_S5_L001_nonrrna,DCLX006A_S6_L002_nonrrna,DCLX006B_S7_L002_nonrrna,DCLX006C_S8_L002_nonrrna,DCLX006D_S9_L002_nonrrna,DCLX007A_S1_L001_nonrrna,DCLX007B_S2_L001_nonrrna,DCLX007C_S3_L001_nonrrna,DCLX007D_S4_L001_nonrrna,DCLX007E_S5_L001_nonrrna,DCLX008A_S6_L002_nonrrna,DCLX008B_S7_L002_nonrrna,DCLX008C_S8_L002_nonrrna,DCLX008D_S9_L002_nonrrna,DCLX008E_S10_L002_nonrrna,DCLX009A_S1_L001_nonrrna,DCLX009B_S2_L001_nonrrna,DCLX009C_S3_L001_nonrrna,DCLX009D_S4_L001_nonrrna,DCLX009E_S5_L001_nonrrna,DCLX010A_S6_L002_nonrrna,DCLX010B_S7_L002_nonrrna,DCLX010C_S8_L002_nonrrna,DCLX010D_S9_L002_nonrrna,DCLX011A_S1_L001_nonrrna,DCLX011B_S2_L001_nonrrna,DCLX011C_S3_L001_nonrrna,DCLX011D_S4_L001_nonrrna,DCLX012A_S5_L002_nonrrna,DCLX012B_S6_L002_nonrrna,DCLX012C_S7_L002_nonrrna,DCLX012D_S8_L002_nonrrna,SRR8743058,SRR8743059,SRR8743060,SRR8743061,SRR8743062,SRR8743063,SRR8743064,SRR8743065,SRR8743066,SRR8743067,SRR8743068,SRR8743069,SRR8743070,SRR8743071,SRR8743072,SRR8743073,SRR8743074,SRR8743075,SRR8743076,SRR8743077,SRR8743078,SRR8743079,SRR8743080,SRR8743081,SRR8743082,SRR8743083,SRR8743084,SRR8743085,SRR8743086,SRR8743087,SRR8743088,SRR8743089,SRR8743090,SRR8743091,SRR8743092,SRR8743093,SRR8743094,SRR8743095,SRR8743096,SRR8743097,SRR8743098,SRR8743099,SRR8743100,SRR8743101,SRR8743102,SRR8743103,SRR8743104,SRR8743105,SRR8743106,SRR8743107,SRR8743108,SRR8743109,SRR8743110,SRR8743111,SRR8743112,SRR8743113,SRR8743114,SRR8743115,SRR8743116,SRR8743117,SRR8743118,SRR8743119,SRR8743120,SRR8743121,SRR8743122,SRR8743123,SRR8743124,SRR8743125,SRR8743126,SRR8743127,SRR8743128,SRR8743129,SRR8743130,SRR8743131,SRR8743132,SRR8743133,SRR8743134,SRR8743135,SRR8743136,SRR8743137,SRR8743138,SRR8743139,SRR8743140,SRR8743141,SRR8743142,SRR8743143,SRR8743144,SRR8743145,SRR8743146,SRR8743147,SRR8743148,SRR8743149,SRR8743150,SRR8743151,SRR8743152,SRR8743153,SRR8743154,SRR8743155,SRR8743156,SRR8743157,SRR8743158,SRR8743159,SRR8743160,SRR8743161,SRR8743162,SRR8743163,SRR8743164,SRR8743165,SRR8743166,SRR8743167,SRR8743168,SRR8743169,SRR8743170,SRR8743171,SRR8743172,SRR8743173,SRR8743174,SRR8743175,SRR8743176,SRR8743177,SRR8743178,SRR8743179,SRR8743180,SRR8743181,SRR8743182,SRR8743183,SRR8743184,SRR8743185,SRR8743186,SRR8743187,SRR8743188,SRR8743189,SRR8743190,SRR8743191,SRR8743192,SRR8743193,SRR8743194,SRR8743195,SRR8743196,SRR8743197,SRR8743198,SRR8743199,SRR8743200,SRR8743201,SRR8743202,SRR8743203,SRR8743204,SRR8743205,SRR8743206,SRR8743207,SRR8743208,SRR8743209,SRR8743210,SRR8743211,SRR8743212,SRR8743213,SRR8743214,SRR8743215,SRR8743216,SRR8743217,SRR8743218,SRR8743219,SRR8743220,SRR8743221,SRR8743222,SRR8743223,SRR8743224,SRR8743225,SRR8743226,SRR8743227,SRR8743228,SRR8743229,SRR8743230,SRR8743231,SRR8743232,SRR8743233,SRR8743234,SRR8743235,SRR8743236,SRR8743237,SRR8743238,SRR8743239,SRR8743240,SRR8743241,SRR8743242,SRR8743243,SRR8743244,SRR8743245,SRR8743246,SRR8743247,SRR8743248,SRR8743249,SRR8743250,SRR8743251,SRR8743252,SRR8743253,SRR8743254,SRR8743255,TP10B11S_S3_L001,TP10B11Z_S10_L002,TP10B12S_S4_L001,TP10B12Z_S11_L002,TP10B21S_S5_L001,TP10B21Z_S12_L002,TP10B22S_S6_L001,TP10B22Z_S13_L002,TP10B5S_S1_L001,TP10B5Z_S7_L001,TP10B6S_S2_L001,TP10B6Z_S8_L001,TP11B11S_S14_L002,TP11B11Z_S1_L001,TP11B12S_S15_L002,TP11B12Z_S2_L001,TP11B21S_S16_L002,TP11B21Z_S3_L001,TP11B22S_S17_L002,TP11B22Z_S4_L001,TP3B11S_S3_L001,TP3B11S_S3_L002,TP3B11Z_S7_L001,TP3B11Z_S7_L002,TP3B12S_S4_L001,TP3B12S_S4_L002,TP3B12Z_S8_L001,TP3B12Z_S8_L002,TP3B5S_S1_L001,TP3B5S_S1_L002,TP3B5Z_S5_L001,TP3B5Z_S5_L002,TP3B6S_S2_L001,TP3B6S_S2_L002,TP3B6Z_S6_L001,TP3B6Z_S6_L002,TP4B11S_S6_L001,TP4B11Z_S7_L001,TP4B12S_S18_L002,TP4B12Z_S8_L001,TP4B5S_S1_L001,TP4B5S_S1_L002,TP4B5Z_S9_L001,TP4B6S_S5_L001,TP4B6Z_S18_L002,TP8B11S_S12_L002,TP8B11Z_S16_L002,TP8B12S_S13_L002,TP8B12Z_S17_L002,TP8B5S_S10_L002,TP8B5Z_S14_L002,TP8B6S_S11_L002,TP8B6Z_S15_L002,TP9B11S_S3_L001,TP9B11S_S3_L002,TP9B11Z_S7_L001,TP9B11Z_S7_L002,TP9B12S_S4_L001,TP9B12S_S4_L002,TP9B12Z_S8_L001,TP9B12Z_S8_L002,TP9B5S_S9_L001,TP9B5Z_S5_L001,TP9B5Z_S5_L002,TP9B6S_S2_L001,TP9B6S_S2_L002,TP9B6Z_S6_L001,TP9B6Z_S6_L002
k__Eukaryota;p__Mucoromycota;c__Glomeromycetes;o__Glomerales;f__Glomeraceae;g__Rhizophagus;s__Rhizophagus irregularis,Rhizophagus,17249,11641,3951,8870,9170,2702,10648,14660,16679,26794,2526,1212,11195,21843,8053,7351,7707,2489,9002,19827,6479,4504,9395,9262,11644,5130,6501,8490,37052,6335,4534,26969,13213,8366,2835,10898,24941,27973,16219,27896,7028,10380,18471,24224,8629,12879,21139,15404,49,25,51,12,6,15,14,9,13,22,31,19,52,33,31,27,378,157,34,56,65,908,107,93,114,524,2391,1031,155,675,750,1612,2942,165,4949,2244,2688,5699,2000,742,1652,568,1530,736,1608,2026,1545,1516,769,2651,858,1491,821,318,929,1194,1396,506,1456,584,828,1735,12,70,52,106,49,11,216,657,291,1006,1408,198,586,465,903,1818,587,1078,765,895,1391,954,1462,1515,2615,12823,3275,10686,4831,7936,12116,9959,5781,9344,34513,5735,7162,5754,115,107,65,57,17,1,26,27,11,42,42,51,21,21,7,53,145,145,169,31,66,136,150,49,553,1400,994,2513,1613,1604,2967,2436,1781,9517,4595,5562,6417,1153,846,3713,540,668,3846,2506,205,3016,1370,1570,1501,1409,2636,434,1095,489,704,1745,533,726,1035,1953,1063,17,379,153,9,23,57,235,251,83,626,849,266,1346,690,523,535,913,2306,277,642,6818,1504,2767,8922,4020,5527,7116,8750,6967,5481,10068,6700,3893,19398,8298,2562,12394,2518,6199,3049,22368,7916,6842,2350,10423,2815,2317,430,814,1697,14299,5015,11924,2887,11425,2623,17398,1280,1356,4182,4283,793,799,3963,4081,2862,2991,10577,10965,2637,2596,6546,6628,10699,1450,1906,3874,19173,19316,3071,10495,2299,2768,2574,5662,6437,3426,1955,1882,3489,2505,2538,964,910,4258,4155,2660,2567,3727,1231,1314,3951,3981,2171,2185
k__Eukaryota;p__Mucoromycota;c__Glomeromycetes;o__Glomerales;f__Claroideoglomeraceae;g__Claroideoglomus;s__Claroideoglomus candidum,Claroideoglomus,13465,30433,6568,8667,28738,9570,28906,20920,786,913,6619,2983,18185,21690,1907,9730,2169,9537,2963,14185,16155,1092,7366,11573,20544,3309,5518,5214,28488,22524,10653,47471,67755,63637,3424,32196,15044,9456,10052,10528,5062,6558,3991,2276,7180,15821,15968,19946,175,29,54,12,39,42,37,53,44,122,145,71,44,71,62,58,633,223,87,119,760,432,116,248,174,411,625,1053,44,389,87,790,409,74,668,110,89,650,604,84,493,635,98,300,178,88,127,98,97,162,72,80,160,178,97,71,44,88,57,4720,3913,920,52,520,175,255,765,42,433,1762,212,297,3252,584,458,99,557,714,180,138,303,137,286,1474,115,134,319,550,207,271,394,309,393,413,327,377,1191,235,296,258,791,1239,541,306,264,104,148,131,17,200,265,148,72,78,134,21,168,88,205,67,144,79,125,90,289,448,173,513,738,488,346,251,217,584,568,421,634,215,190,1241,344,105,1233,358,41,152,242,68,74,151,111,81,79,88,35,109,50,26,11755,14595,1746,166,1816,252,116,74,239,233,698,163,509,1175,716,1546,376,253,693,510,825,35,134,680,952,169,459,415,220,427,599,362,460,345,239,159,656,316,87,509,333,1574,943,1917,671,1306,455,1380,480,1463,41,206,376,1537,539,1755,524,1616,666,1074,3871,4042,4335,4388,972,1031,3311,3310,1327,1415,4517,4661,1440,1419,3282,3347,19811,2446,4374,2439,10624,10510,918,12787,1587,1061,975,3021,1645,3184,793,1952,1119,371,314,34,27,1875,1840,97,111,92,92,102,63,66,1426,1507
k__Eukaryota;p__Mucoromycota;c__Glomeromycetes;o__Glomerales;f__Glomeraceae;g__Rhizophagus;s__Rhizophagus clarus,Rhizophagus,3142,305,1163,953,3648,301,989,9548,9282,16257,813,373,4008,3069,2776,1584,3412,556,506,1831,748,1771,3992,3915,1379,580,2065,3147,20600,547,755,12382,5029,3999,324,1230,5343,1867,584,1421,3349,5207,1293,2641,3894,7115,1680,1893,48,55,47,16,5,11,26,5,12,22,51,10,57,44,28,38,449,214,65,97,90,1361,166,141,168,613,2499,1304,207,954,1070,2272,3767,262,6142,2781,3215,7295,2743,1078,2291,725,2049,974,1926,2493,1854,1761,995,3315,1053,1748,910,335,1065,1460,1488,652,1596,838,1018,2576,13,111,74,127,76,15,274,759,334,1304,1846,219,801,598,1310,2400,808,1434,1045,1306,1937,1332,2002,2001,3441,13645,4325,14159,6459,9865,14969,12590,7653,11619,40383,7074,9059,7272,155,103,84,65,21,2,18,34,4,44,53,57,23,36,10,76,187,183,276,57,127,223,226,100,761,1617,1342,3259,2144,2121,3735,2957,2192,11889,5553,6822,7881,1431,1072,4716,671,854,4977,3001,224,3589,1758,2041,1966,1779,3204,538,1350,642,870,1974,584,868,1318,2589,1466,23,434,210,10,45,49,290,336,90,807,1221,384,1761,886,646,737,1089,3133,301,894,8992,2065,3414,10676,4829,6773,9371,11085,8938,6883,12078,8212,5061,23151,10182,3083,15100,1092,2487,1400,10162,3654,2829,1087,4516,1168,881,173,237,698,6314,2454,5319,1222,4900,1162,7797,526,499,994,1013,308,306,1145,1165,1149,1218,3835,3884,1045,1032,1885,1944,4439,382,728,1378,8249,7950,757,4289,502,1168,1062,2491,2790,1341,436,698,502,1043,1113,79,72,1787,1872,328,299,1632,37,41,1470,1538,552,535
k__Eukaryota;p__Mucoromycota;c__Glomeromycetes;o__Glomerales;f__Glomeraceae;g__Glomus;s__Glomus cerebriforme,Glomus,2159,228,2098,364,1062,171,340,9573,7851,5712,244,116,1921,1826,1567,2834,2687,319,403,2341,591,2822,3532,4132,734,340,2251,6348,7555,457,345,5704,2641,2692,405,666,2195,1635,526,709,3187,7644,1195,1411,4028,5194,719,2073,17,14,13,2,0,5,10,2,2,7,18,5,17,9,12,18,133,66,10,19,30,372,70,60,44,193,886,534,142,322,275,1586,1347,87,2153,973,1037,2917,1072,392,728,338,725,320,905,1013,558,951,445,1187,488,718,567,192,489,543,505,265,528,265,334,663,3,29,19,37,18,8,78,280,101,418,760,95,540,291,511,740,317,645,304,422,1853,413,881,965,1165,6854,2596,5009,2039,4261,6347,5824,3703,4113,18667,3766,4167,3820,46,38,14,16,6,1,8,11,3,20,13,19,7,17,5,28,61,45,83,14,38,81,68,31,235,500,359,970,597,735,1276,1184,794,4022,2239,2278,2712,555,399,1349,239,382,2346,1751,108,1225,913,818,615,994,1514,182,929,364,602,786,189,348,360,748,443,10,147,51,4,6,18,82,105,43,303,359,108,585,278,257,240,369,1572,119,278,3303,730,1440,3792,1453,2556,3957,4479,3477,2733,5136,3365,2099,10415,4889,1202,5711,353,818,965,3941,1398,1064,561,1510,297,278,99,145,337,1788,1626,1926,647,1771,488,2582,188,193,752,768,91,92,623,639,353,350,1258,1264,319,305,941,949,1117,203,205,441,1723,1714,396,1019,349,634,340,1135,948,312,403,218,779,369,371,27,37,997,952,149,123,337,32,39,482,489,378,401
k__Eukaryota;p__Mucoromycota;c__Glomeromycetes;o__Glomerales;f__Glomeraceae;g__Funneliformis;s__Funneliformis mosseae,Funneliformis,5614,2928,2756,3360,2593,765,3900,32202,1921,5093,730,336,2997,16260,1836,12097,1442,635,2067,19304,1080,1347,6817,5959,2570,1659,5412,4415,8408,2436,1575,10786,8966,12015,355,4462,11760,17023,7865,11102,4479,15479,7271,7871,5249,4772,6200,11025,4,6,3,0,0,0,0,2,1,0,0,1,2,2,0,2,47,5,2,1,9,40,21,18,17,21,84,82,19,78,29,197,169,35,113,162,103,218,289,92,325,51,61,51,103,80,85,95,58,123,71,67,102,67,66,69,56,30,83,31,34,66,0,29,4,2,77,6,5,53,9,105,404,12,164,66,301,564,200,508,147,85,173,201,168,119,253,556,239,405,412,346,496,368,271,288,1403,289,346,279,10,15,8,1,2,1,3,1,1,0,4,1,2,1,1,2,12,10,11,7,11,17,8,14,54,54,35,71,55,106,94,100,48,284,140,162,218,122,64,532,49,39,161,143,10,112,61,63,55,98,140,39,86,40,55,49,24,34,305,263,35,3,502,4,0,1,1,5,11,0,35,40,15,231,83,54,281,134,285,11,49,411,113,191,450,263,169,565,805,233,495,347,243,146,731,309,99,529,89,199,355,637,277,211,120,289,34,24,11,6,60,311,409,385,103,207,129,316,226,208,49,46,34,18,56,57,134,137,144,143,241,243,77,86,1581,12,127,43,306,324,30,492,28,120,46,708,316,95,13,37,13,53,52,2,5,561,539,38,32,44,4,3,42,58,22,23
k__Eukaryota;p__Mucoromycota;c__Glomeromycetes;o__Archaeosporales;f__Geosiphonaceae;g__Geosiphon;s__Geosiphon pyriformis,Geosiphon,7359,3466,3669,970,401,529,682,3279,5518,3747,523,247,6845,9348,2032,2913,4665,1537,4516,8771,2158,5048,4140,3405,4346,886,3292,3325,2420,2257,643,3418,4940,3681,6332,4912,6950,7056,11937,7624,5562,6933,8396,6448,10203,12656,7945,12343,1,6,5,0,2,5,6,1,3,4,1,1,2,1,3,3,13,6,2,16,14,28,59,38,31,56,141,50,20,28,21,58,44,44,125,31,23,72,78,13,41,14,31,18,38,51,24,36,16,82,27,48,30,37,21,41,25,7,19,12,17,30,3,8,0,16,6,1,9,71,4,20,29,14,27,13,43,51,16,28,26,19,50,20,27,33,45,180,75,123,197,105,138,137,110,117,434,85,183,101,4,0,4,6,5,0,5,9,12,4,2,9,1,2,3,5,7,6,14,17,6,50,27,39,36,53,43,44,34,49,36,57,43,139,70,69,59,30,32,52,31,8,73,50,12,36,41,19,36,31,49,26,46,15,21,34,15,12,31,45,17,4,3,1,7,5,11,14,21,15,13,25,26,25,35,37,30,18,60,4,17,91,22,56,101,60,87,112,110,82,66,149,81,78,290,126,41,162,21,62,39,112,34,57,31,66,16,31,21,12,32,56,40,61,32,73,25,57,70,53,52,65,20,18,39,56,31,34,80,74,26,24,65,55,211,53,49,33,132,142,29,159,23,54,28,64,46,37,31,32,24,21,19,2,5,76,59,12,8,17,5,10,27,44,53,45
k__Eukaryota;p__Mucoromycota;c__Glomeromycetes;o__Diversisporales;f__Diversisporaceae;g__Diversispora;s__Diversispora epigaea,Diversispora,2279,685,1275,796,846,379,936,2866,1549,13267,1328,523,3230,7522,3315,2252,1224,1178,2609,8445,1310,1116,5571,5160,2975,729,2495,2245,1867,967,434,4260,2208,1193,1025,1988,30256,16943,3418,8176,3670,6054,3859,9077,2606,4538,16042,11875,3,3,0,1,0,0,2,1,3,0,1,1,1,2,2,2,13,7,5,8,11,37,18,36,40,42,158,43,13,42,31,73,86,56,148,58,50,140,96,44,41,25,52,45,48,121,56,84,43,201,60,91,120,98,93,83,54,58,52,34,25,22,2,6,0,13,8,1,9,110,8,27,74,16,48,27,43,69,36,55,47,24,70,21,53,43,65,282,115,200,103,160,257,188,219,172,723,163,159,146,4,3,5,2,0,1,2,1,1,3,1,2,1,0,0,3,8,3,10,6,6,22,20,34,34,51,61,69,51,60,80,94,56,198,87,131,119,27,35,94,29,22,141,105,14,114,60,49,72,49,80,137,53,34,22,48,33,24,52,77,26,0,15,4,1,4,3,18,19,7,27,45,34,53,40,31,43,39,96,17,18,140,47,79,174,65,117,185,195,148,132,191,143,91,381,167,56,261,54,117,102,337,121,128,51,179,37,67,11,50,37,246,103,212,55,186,41,237,79,82,276,246,18,29,139,188,54,71,252,254,74,63,255,227,375,109,86,117,246,234,145,214,119,84,56,139,149,66,162,38,306,48,47,5,5,110,139,14,26,50,7,2,83,85,148,141
k__Eukaryota;p__Mucoromycota;c__Glomeromycetes;o__Glomerales;f__Glomeraceae;g__Rhizophagus;s__Rhizophagus sp. MUCL 43196,Rhizophagus,1009,294,279,287,1055,80,297,2683,2446,4556,173,55,887,699,784,376,952,83,142,481,168,447,1085,938,356,138,524,727,5764,141,155,3664,1470,1216,78,406,1324,506,206,337,986,1425,357,776,1107,1826,283,544,15,11,9,2,0,4,2,0,4,8,11,1,7,7,9,8,159,41,5,15,22,294,30,37,42,166,750,333,52,228,256,479,925,57,1564,592,718,1809,690,264,535,167,502,200,457,573,384,397,255,788,199,414,203,70,288,352,345,137,385,224,281,638,4,22,17,30,17,2,59,202,90,344,493,54,198,198,317,576,205,334,255,298,403,323,498,479,799,3856,1042,3610,1590,2392,3609,2876,1779,2681,9348,1609,2052,1722,57,28,20,22,4,0,9,2,0,8,9,16,9,7,4,14,41,39,62,9,32,43,65,20,178,437,271,801,495,518,873,737,524,2765,1301,1599,1943,326,314,1114,152,200,1110,776,49,782,371,447,430,398,729,147,332,157,176,458,139,189,351,652,379,8,145,66,5,7,28,73,82,32,198,246,90,419,257,173,158,271,725,80,193,2033,477,869,2595,1203,1730,2203,2686,2195,1676,2890,1893,1190,5372,2375,699,3560,345,855,359,2928,1043,873,347,1355,377,281,65,97,227,1920,645,1545,380,1484,346,2409,167,162,381,395,112,95,394,433,368,369,1305,1273,332,353,676,718,1321,145,235,484,2810,2821,325,1513,208,330,349,673,795,530,187,256,266,353,333,19,21,495,504,70,77,536,10,14,502,474,231,232
k__Eukaryota;p__Mucoromycota;c__Glomeromycetes;o__Glomerales;f__Glomeraceae;g__Funneliformis;s__Funneliformis caledonium,Funneliformis,972,84,868,91,223,12,181,19965,949,951,98,25,766,4241,331,5622,465,56,51,3664,86,324,3858,2317,95,98,2007,1255,4231,27,84,4715,6336,9538,43,99,3185,2496,1018,1418,1848,6648,672,1025,2343,1764,908,2698,7,14,3,1,0,0,2,0,1,1,1,0,3,6,0,0,51,21,3,4,25,66,20,8,16,42,109,113,17,124,17,212,263,8,193,211,66,256,542,98,715,91,60,77,125,86,72,90,44,111,51,72,116,49,31,55,59,32,63,53,37,75,0,41,8,8,192,3,8,40,10,156,664,7,301,97,706,1044,211,787,249,103,221,392,302,192,491,574,273,494,756,493,578,424,295,410,1424,330,405,369,20,23,28,2,6,0,3,0,0,1,0,0,4,3,0,1,9,25,5,3,7,14,4,5,82,56,42,122,73,137,162,135,90,315,160,198,311,162,76,1069,17,72,202,150,9,102,92,92,61,110,132,19,97,25,63,67,33,29,598,495,33,2,1097,16,0,2,3,11,6,0,32,77,21,436,114,72,529,245,527,11,69,691,188,284,698,503,315,738,1365,385,663,434,247,200,797,410,139,804,143,292,567,913,424,323,181,322,38,37,9,9,113,417,605,561,161,240,207,444,344,341,56,61,28,34,80,81,197,236,170,206,374,356,125,106,2744,31,175,69,451,460,43,845,14,193,79,1080,471,133,21,75,29,71,62,5,3,901,797,55,41,42,1,1,50,66,38,25
k__Eukaryota;p__Mucoromycota;c__Glomeromycetes;o__Diversisporales;f__Acaulosporaceae;g__Acaulospora;s__Acaulospora morrowiae,Acaulospora,2919,429,1209,217,227,119,193,3319,11358,10483,158,108,1053,449,6484,2092,2447,291,503,618,605,3848,4081,1788,434,144,2965,4509,2061,297,164,3850,2091,3099,316,446,428,243,336,230,3740,1945,220,224,5882,5829,475,654,0,2,1,0,0,0,0,1,0,2,2,0,2,0,1,1,13,6,3,8,9,60,42,30,22,38,249,69,21,42,45,124,115,39,192,92,68,235,106,33,71,26,72,38,132,246,78,92,33,188,76,138,58,54,102,67,74,21,42,22,32,47,3,4,2,6,10,5,19,206,19,43,77,16,40,21,65,78,25,58,68,41,113,46,61,78,101,365,155,301,115,245,291,296,226,208,1013,213,306,206,8,9,4,6,2,0,2,2,1,0,1,1,0,1,2,5,8,7,20,20,8,33,40,34,70,61,49,104,68,107,88,86,70,250,132,142,203,30,41,119,28,22,174,122,20,150,75,51,118,71,125,41,77,25,33,57,14,27,56,91,40,1,14,11,3,2,6,11,22,10,32,47,26,45,29,32,48,36,126,14,25,214,52,88,237,115,164,242,273,205,186,265,206,156,541,237,59,349,30,50,47,141,61,52,31,60,30,30,15,15,21,85,69,92,34,52,26,106,33,28,49,54,8,16,31,42,23,28,78,94,20,21,44,54,116,14,32,32,95,104,12,89,22,32,23,51,43,24,35,17,38,30,18,2,4,52,48,9,5,24,4,14,34,30,33,34
k__Eukaryota;p__Mucoromycota;c__Glomeromycetes;o__Diversisporales;f__Gigasporaceae;g__Gigaspora;s__Gigaspora rosea,Gigaspora,1931,267,41,226,42,120,293,337,751,375,128,84,349,489,315,546,822,268,397,425,339,906,973,946,1488,295,1029,1317,844,440,324,1204,951,964,1329,623,353,441,691,313,322,334,1401,598,713,480,1657,1413,1,0,3,1,0,1,1,1,1,1,0,1,0,1,1,0,7,3,3,6,9,16,15,9,7,12,50,28,2,13,18,46,29,12,23,29,25,66,41,17,53,11,11,5,16,25,14,18,3,31,22,11,21,17,16,20,16,10,21,21,15,47,0,3,1,2,6,4,8,30,6,13,25,2,24,1,25,26,8,12,16,13,23,13,16,24,39,101,52,63,45,67,115,71,88,71,271,56,72,68,1,4,2,0,2,1,1,0,2,1,2,1,4,1,0,2,6,1,8,4,4,15,7,11,13,21,21,24,22,26,25,30,18,69,36,39,35,12,14,36,9,11,35,44,6,18,22,11,20,16,27,8,14,9,8,12,6,11,27,77,25,1,6,5,4,4,1,6,9,13,9,21,9,18,8,9,22,16,29,3,6,64,24,28,77,38,41,67,80,66,67,73,67,35,161,84,19,88,29,104,85,270,85,96,50,124,26,72,12,17,38,172,88,166,45,139,30,167,143,175,142,160,30,35,122,138,88,84,207,209,82,72,164,149,809,82,147,110,454,433,35,474,65,76,44,187,117,121,26,75,43,26,37,2,2,124,141,10,14,17,5,5,20,23,68,60
k__Eukaryota;p__Mucoromycota;c__Glomeromycetes;o__Archaeosporales;f__Ambisporaceae;g__Ambispora;s__Ambispora gerdemannii,Ambispora,182,501,154,60,64,42,38,510,169,191,32,34,358,271,185,335,140,56,174,1276,46,141,239,221,115,49,133,147,329,70,39,289,280,275,103,108,369,301,283,234,216,594,472,174,314,329,837,698,1,0,0,0,0,0,0,0,1,2,1,0,2,1,1,0,10,8,11,8,13,27,36,40,21,32,114,47,17,27,18,66,71,31,104,43,41,114,63,24,29,11,25,19,36,43,18,41,12,55,35,26,38,50,29,29,26,13,20,15,15,11,1,2,0,5,8,3,16,29,3,20,34,11,26,19,36,44,36,26,39,14,36,29,25,29,43,185,80,145,76,158,179,202,169,183,610,111,148,114,1,8,1,0,0,2,0,0,0,4,0,0,1,1,2,1,9,3,17,26,12,45,23,31,40,44,35,51,30,57,51,71,42,161,66,94,95,33,24,65,30,12,58,72,8,37,25,19,27,40,58,27,33,27,20,34,15,22,32,34,17,2,7,2,7,1,3,9,12,8,15,28,22,28,38,19,35,26,50,13,18,136,23,53,137,56,120,133,177,124,95,158,120,108,334,167,60,209,32,78,93,162,85,98,50,99,38,29,25,14,24,114,90,128,65,102,41,130,61,62,55,69,19,28,66,62,39,48,117,140,33,39,89,80,304,36,63,46,390,371,18,248,37,57,39,170,68,66,24,30,23,22,27,3,5,135,151,12,9,28,6,6,33,37,32,35
k__Eukaryota;p__Mucoromycota;c__Glomeromycetes;o__Archaeosporales;f__Ambisporaceae;g__Ambispora;s__Ambispora leptoticha,Ambispora,151,21,170,57,117,39,69,506,217,191,134,116,359,251,125,181,219,82,51,205,107,213,295,210,143,59,136,196,244,95,116,264,288,307,179,162,236,153,122,131,284,412,139,128,284,368,105,351,17,13,9,8,31,15,19,30,29,18,22,17,22,25,34,19,26,30,15,30,26,33,37,29,24,51,207,91,30,33,28,58,47,31,92,43,41,107,64,37,34,32,36,24,32,49,27,50,19,54,34,28,41,14,45,40,38,34,40,26,32,33,17,18,24,37,21,23,63,184,40,36,49,26,46,44,69,56,41,50,44,29,57,29,39,41,39,291,94,136,62,134,172,188,152,137,492,127,144,114,7,10,8,9,7,7,3,18,31,7,4,9,7,13,8,8,11,9,13,10,13,28,23,17,33,43,46,43,29,44,33,79,37,143,72,82,90,24,34,46,28,18,52,54,8,30,39,32,25,29,54,33,27,9,26,40,10,11,17,52,8,9,7,9,21,5,13,37,34,71,19,28,34,38,27,19,27,36,33,9,15,86,34,56,106,60,80,113,148,88,56,130,103,80,285,138,36,195,33,67,83,161,77,95,31,70,21,34,19,13,26,115,97,123,44,76,48,91,65,69,70,64,11,13,57,58,40,30,94,83,34,37,55,68,279,51,64,53,342,320,37,228,30,49,33,149,95,53,28,33,50,28,29,7,3,141,154,14,15,18,7,11,24,25,37,32
k__Eukaryota;p__Mucoromycota;c__Glomeromycetes;o__Diversisporales;f__Gigasporaceae;g__Gigaspora;s__Gigaspora margarita,Gigaspora,188,41,109,77,72,26,64,534,157,180,54,35,218,204,107,162,186,67,77,200,132,177,236,214,132,103,148,174,265,102,69,324,427,359,108,195,196,337,104,137,260,477,176,362,435,375,149,326,0,2,0,0,0,1,0,0,1,0,0,0,1,0,0,0,10,6,1,2,6,47,16,22,17,20,76,45,21,24,24,113,66,19,71,46,37,87,67,14,45,16,18,7,29,28,14,30,7,58,39,32,31,32,20,38,27,17,15,30,14,20,3,1,1,9,1,4,10,25,2,19,38,7,20,17,33,42,24,31,37,17,63,13,36,29,43,146,67,126,68,133,181,148,128,112,421,155,159,120,0,3,2,0,1,0,2,1,1,0,0,0,1,1,1,2,9,2,13,6,6,19,16,23,20,31,37,48,36,46,57,57,36,141,63,94,97,23,11,67,10,13,54,48,5,36,34,17,33,27,40,38,24,16,13,14,8,8,28,46,23,1,7,3,5,3,1,4,8,3,9,20,20,33,17,17,25,25,67,13,11,127,25,56,103,55,107,139,124,81,76,135,90,73,276,141,40,122,41,100,97,287,95,103,47,135,32,36,10,13,35,156,122,183,60,145,65,228,58,64,82,67,15,15,72,64,42,56,126,124,35,46,73,91,360,51,60,56,289,260,48,228,38,54,56,185,99,40,36,38,27,44,29,9,4,165,130,12,16,30,6,1,42,47,37,37
k__Eukaryota;p__Mucoromycota;c__Glomeromycetes;o__Paraglomerales;f__Paraglomeraceae;g__Paraglomus;s__Paraglomus occultum,Paraglomus,287,42,106,52,88,28,50,516,237,230,82,69,285,369,118,605,198,197,273,308,153,164,399,232,364,78,156,188,296,93,87,283,222,178,363,133,238,141,142,275,588,340,260,250,430,349,547,416,1,3,1,0,4,1,0,3,1,3,4,1,3,7,2,1,15,11,1,13,5,24,62,16,16,26,148,32,11,16,8,37,37,17,65,44,23,34,69,14,16,8,26,7,21,20,13,15,5,31,20,23,17,107,16,16,23,11,6,11,5,14,6,4,1,3,1,7,11,67,4,7,32,9,20,6,99,30,36,26,58,43,28,19,26,21,48,174,48,70,74,72,85,94,68,92,319,74,125,51,3,6,1,0,0,1,2,1,3,1,1,4,1,1,3,1,3,5,10,13,2,24,19,25,21,51,26,40,45,42,24,82,25,85,43,35,46,35,19,44,8,3,40,39,9,21,19,16,15,21,25,17,18,16,13,27,4,6,21,39,7,8,9,5,3,4,6,7,14,8,8,15,13,15,20,15,16,20,81,4,4,81,10,32,65,50,92,99,119,92,69,84,61,54,172,81,32,122,17,34,63,75,27,31,28,35,14,9,11,10,33,69,44,88,39,48,27,41,58,46,41,31,23,14,62,76,24,17,47,59,16,17,35,33,98,16,23,24,110,109,12,121,16,32,10,80,29,20,15,14,13,19,21,2,6,143,136,15,12,9,11,3,21,29,19,19
k__Eukaryota;p__Mucoromycota;c__Glomeromycetes;o__Paraglomerales;f__Paraglomeraceae;g__Paraglomus;s__Paraglomus brasilianum,Paraglomus,70,14,182,41,63,21,137,643,132,153,33,28,233,183,124,795,292,52,61,308,63,143,907,352,85,32,141,181,151,116,53,173,177,148,137,75,158,158,125,70,669,492,77,73,486,321,126,379,3,1,2,2,4,0,4,0,0,0,0,3,2,2,1,2,10,10,3,16,20,24,56,39,28,22,114,41,13,19,15,39,40,28,81,37,14,54,103,21,32,20,28,10,31,31,12,34,12,40,26,23,31,38,28,10,14,13,16,8,14,16,3,8,2,12,3,8,14,54,4,25,33,15,18,26,136,46,37,16,75,14,45,19,26,16,54,124,59,84,104,86,104,109,107,97,335,70,144,82,3,8,3,0,2,7,3,4,0,4,2,4,2,2,2,9,2,5,12,15,8,51,20,31,28,54,41,61,32,51,32,56,29,91,55,54,55,62,11,51,20,12,60,54,9,28,26,18,23,22,49,19,32,12,15,42,12,14,33,40,11,7,4,3,7,6,7,5,15,7,14,15,16,21,15,12,32,21,87,6,11,114,32,45,90,61,97,117,113,101,57,96,49,65,263,84,33,177,29,34,62,83,53,27,34,47,24,16,7,6,42,85,54,79,44,57,20,52,41,58,40,44,17,18,94,71,24,34,62,67,22,29,31,48,156,24,33,25,106,104,13,115,24,36,24,100,37,24,7,14,14,22,32,1,2,175,176,13,11,14,2,4,23,39,21,19
k__Eukaryota;p__Mucoromycota;c__Glomeromycetes;o__Diversisporales;f__Gigasporaceae;g__Dentiscutata;s__Dentiscutata heterogama,Dentiscutata,330,92,110,16,7,15,6,783,90,67,7,6,116,169,102,282,160,114,626,384,209,429,242,322,424,18,240,465,170,88,28,281,204,169,57,130,207,1427,155,217,529,1300,529,841,227,362,721,501,0,0,0,0,0,1,0,0,0,0,1,1,1,1,0,0,1,6,1,1,4,4,6,3,4,7,5,11,2,4,2,13,11,3,21,15,12,17,12,6,8,3,4,4,10,14,7,10,7,19,3,11,2,0,10,7,7,3,8,1,3,3,1,0,0,2,2,1,4,3,0,9,7,3,7,7,8,8,7,7,6,6,7,3,5,10,9,56,17,40,14,29,49,55,31,25,100,32,38,23,0,2,1,0,0,0,0,0,1,0,1,0,0,0,0,0,3,1,3,0,1,11,3,3,5,7,8,5,6,10,16,14,5,37,18,14,20,3,4,16,3,2,15,12,0,13,4,4,2,6,14,2,14,2,3,6,3,3,7,9,3,0,9,1,0,1,0,1,3,0,2,4,5,3,6,3,5,3,15,1,2,32,5,14,29,11,13,31,27,19,21,34,35,12,53,32,9,33,4,11,11,31,11,11,8,11,3,4,3,1,2,12,15,6,9,15,11,16,9,13,7,7,2,1,9,12,3,7,7,12,5,7,9,9,31,2,6,2,18,33,4,15,5,8,0,13,5,9,1,3,3,2,1,1,0,8,11,0,3,5,1,1,3,7,5,2
k__Eukaryota;p__Mucoromycota;c__Glomeromycetes;o__Diversisporales;f__Gigasporaceae;g__Cetraspora;s__Cetraspora pellucida,Cetraspora,69,16,126,34,42,18,33,316,68,113,48,44,208,116,38,112,88,66,55,115,79,123,149,119,63,39,76,120,105,26,32,117,122,136,50,39,111,99,45,43,131,327,54,103,152,241,81,294,1,0,0,0,0,2,1,0,1,0,0,2,0,0,1,1,5,2,4,9,10,37,33,13,36,36,107,32,29,30,10,62,58,34,84,47,38,90,223,14,20,14,27,12,31,23,18,28,20,55,19,33,32,65,43,33,29,16,18,35,23,19,1,2,1,4,8,3,2,54,5,16,30,13,24,13,27,27,26,16,21,41,61,20,28,20,48,183,77,133,80,161,212,158,99,122,457,126,165,122,9,4,0,2,1,0,0,1,1,2,2,1,1,1,0,4,5,1,11,23,9,16,15,12,31,61,49,60,63,48,38,71,48,162,104,89,96,26,15,35,24,9,94,62,8,40,29,27,24,29,51,22,27,15,14,53,8,17,35,63,16,3,7,4,1,2,2,9,7,4,12,9,14,25,42,18,33,16,60,10,15,106,30,45,106,40,67,121,124,102,73,170,105,69,273,137,44,149,17,58,59,162,58,62,33,81,22,18,6,8,18,90,62,95,28,64,45,114,33,36,38,37,13,11,20,28,24,32,67,91,30,26,52,44,180,12,17,35,127,138,14,101,9,36,19,114,59,22,16,14,23,20,20,0,4,64,83,7,9,19,5,2,21,20,12,19
k__Eukaryota;p__Mucoromycota;c__Glomeromycetes;o__Diversisporales;f__Acaulosporaceae;g__Acaulospora;s__Acaulospora colombiana,Acaulospora,119,34,137,16,63,14,36,329,118,110,38,29,186,140,66,140,120,71,83,185,97,175,180,197,111,55,150,196,190,41,32,211,222,175,83,72,96,111,101,93,94,287,83,77,137,191,178,199,0,2,1,0,6,0,0,0,0,0,2,2,1,2,1,1,4,1,3,11,10,22,36,47,32,21,89,38,35,22,24,62,46,34,85,33,68,91,123,14,25,15,30,15,20,32,14,31,14,37,37,34,18,23,16,13,16,8,20,17,13,15,4,1,3,15,13,2,16,35,8,20,27,10,26,16,24,39,15,37,22,17,68,19,36,37,41,146,71,85,58,117,151,186,128,254,446,106,115,88,7,1,0,0,2,2,1,2,4,2,3,1,1,1,0,3,5,6,17,16,12,43,17,52,35,43,23,44,24,43,32,44,35,114,57,72,61,15,25,42,18,22,71,60,3,33,27,14,24,31,57,16,41,15,12,51,9,12,26,47,13,4,12,0,4,8,9,6,20,5,18,20,21,20,22,18,30,17,46,4,13,100,30,46,79,61,71,110,117,116,72,133,89,82,264,138,28,132,9,20,32,75,23,27,13,28,5,8,8,5,10,45,39,36,14,39,13,48,8,12,22,21,3,1,16,22,13,18,33,32,7,21,29,30,47,7,12,19,62,56,7,43,9,11,12,30,25,8,9,6,16,9,6,1,6,29,29,2,2,15,4,5,19,18,20,12
k__Eukaryota;p__Mucoromycota;c__Glomeromycetes;o__Diversisporales;f__Gigasporaceae;g__Scutellospora;s__Scutellospora calospora,Scutellospora,247,79,70,34,63,20,152,203,389,221,44,32,157,119,119,211,359,61,70,142,40,374,326,316,156,87,308,285,204,40,43,180,213,193,60,63,108,119,85,182,169,291,96,162,380,293,171,497,2,0,1,0,0,0,0,0,0,0,0,1,0,1,1,0,1,4,1,2,5,4,7,37,17,63,48,36,21,33,14,29,94,98,33,65,44,40,38,9,10,1,11,9,18,19,21,31,9,19,7,15,84,21,34,24,23,11,6,14,9,11,1,2,1,4,2,0,5,13,1,3,15,3,5,5,15,8,5,10,2,5,25,8,51,20,9,117,127,51,94,90,94,98,65,97,216,51,68,37,1,3,1,0,1,0,1,0,0,2,0,1,0,0,0,0,4,0,14,1,2,19,26,7,101,36,60,37,63,70,45,152,53,141,28,43,51,10,5,15,7,5,25,47,4,15,26,17,27,33,28,58,15,39,38,16,19,17,16,14,15,1,5,1,0,2,2,4,4,0,6,9,3,11,9,4,3,3,18,8,4,43,14,26,41,17,60,221,103,77,46,54,68,28,119,62,19,98,8,18,20,62,28,9,11,29,2,6,5,1,6,37,23,44,15,19,17,36,7,8,8,10,3,1,11,9,5,7,22,24,8,9,12,6,51,8,11,4,34,32,4,42,5,12,5,22,15,7,3,4,7,2,5,0,2,30,29,4,1,3,0,0,7,4,6,9
k__Eukaryota;p__Mucoromycota;c__Glomeromycetes;o__Glomerales;f__Glomeraceae;g__Rhizophagus;s__Rhizophagus sp. DAOM 213198,Rhizophagus,233,11,197,32,52,11,38,877,1505,1304,6,4,266,160,309,205,192,24,38,170,130,119,358,241,63,5,333,354,1013,22,7,1207,427,314,10,36,260,101,39,28,425,568,68,89,455,497,87,264,0,0,0,0,0,0,0,0,0,0,0,0,0,0,0,0,0,1,0,0,0,0,0,0,0,0,0,0,0,0,0,0,0,0,0,0,0,0,0,0,0,0,0,0,0,0,0,1,0,0,0,0,0,0,0,0,0,0,0,0,0,0,0,0,0,0,0,0,0,0,0,0,0,0,0,0,0,0,0,0,1,0,0,0,0,0,0,0,0,0,0,0,0,0,0,0,0,0,0,0,0,0,0,0,0,0,0,0,0,0,0,0,0,0,0,0,0,0,0,0,0,0,0,0,0,0,0,0,0,0,0,0,0,0,0,0,1,0,0,0,0,0,0,0,0,0,0,0,0,2,0,0,0,0,0,0,0,0,0,0,0,0,0,0,0,0,0,0,0,0,0,0,0,0,0,0,0,0,0,0,0,1,0,0,0,0,0,0,0,0,0,0,0,0,0,0,0,0,4,14,4,59,18,9,3,16,3,1,2,0,2,24,8,26,6,11,3,28,5,3,1,9,3,2,2,2,8,11,15,13,5,5,6,4,24,1,4,5,32,22,2,15,3,8,6,17,21,4,2,4,1,14,13,0,0,10,10,0,0,4,0,0,8,11,2,0
k__Eukaryota;p__Mucoromycota;c__Glomeromycetes;o__Diversisporales;f__Gigasporaceae;g__Dentiscutata;s__Dentiscutata erythropus,Dentiscutata,33,5,77,17,28,10,13,208,107,92,22,20,108,64,52,42,60,26,44,74,33,44,59,68,29,17,28,86,85,14,22,75,73,70,37,30,66,61,27,35,70,190,27,39,72,107,22,88,3,0,0,0,0,0,0,1,0,1,0,0,2,1,4,1,4,1,5,7,7,23,24,13,24,27,66,27,11,6,19,32,43,11,72,30,28,65,117,19,23,15,19,9,16,40,17,35,20,32,36,23,25,9,18,18,20,11,18,14,16,19,1,1,1,13,1,2,12,10,2,23,34,6,20,14,14,33,26,14,18,20,33,17,29,25,31,122,62,100,61,82,148,131,121,94,397,70,91,76,4,4,2,0,1,0,2,2,1,0,0,1,0,2,0,2,3,4,10,7,12,19,16,19,27,30,30,27,28,34,35,54,32,86,35,57,59,18,12,49,12,7,57,57,8,32,40,15,33,42,38,14,28,12,12,28,7,10,25,46,8,1,3,0,6,1,2,4,10,11,6,15,16,35,16,16,30,19,33,13,17,82,19,46,92,39,58,97,111,84,73,96,86,55,223,111,28,122,10,26,31,107,43,29,20,42,13,9,0,6,13,64,38,67,12,56,15,80,27,25,26,20,3,9,23,29,20,18,39,50,17,11,19,28,119,7,16,16,72,86,7,68,15,20,19,32,37,21,7,13,10,13,4,0,2,41,32,3,3,8,0,4,17,17,8,13
k__Eukaryota;p__Mucoromycota;c__Glomeromycetes;o__Diversisporales;f__Gigasporaceae;g__Racocetra;s__Racocetra persica,Racocetra,72,39,19,13,23,4,15,179,16,48,7,13,82,68,23,60,51,14,2,92,42,50,107,75,109,8,63,70,97,18,15,113,113,98,30,31,59,40,36,17,41,106,18,34,56,97,60,75,1,1,0,0,1,0,1,0,1,0,0,0,0,0,0,1,6,1,0,3,3,21,14,12,12,12,33,20,3,9,11,33,41,19,85,24,28,72,31,10,16,5,29,8,15,30,14,25,3,31,18,15,13,6,14,12,22,3,11,12,8,9,1,2,1,2,1,0,4,9,2,12,16,6,8,9,20,30,13,13,10,8,33,12,22,25,28,84,56,95,56,107,149,148,78,117,361,71,100,60,1,1,4,3,1,1,0,1,1,0,0,3,0,1,0,3,0,6,7,3,2,6,12,5,8,24,20,23,11,25,45,21,21,89,42,63,61,20,14,34,2,5,38,29,4,24,15,24,27,21,27,8,15,9,9,11,7,5,12,29,11,1,8,0,5,0,2,0,7,3,12,21,4,18,12,19,9,16,31,5,14,77,22,30,84,40,70,76,86,62,54,104,83,38,256,87,18,117,21,37,43,82,36,31,24,52,6,20,9,7,12,71,47,62,22,41,25,57,20,16,20,26,9,3,20,23,15,21,39,49,12,19,29,33,137,14,22,12,94,71,14,101,16,25,22,75,37,21,5,12,8,11,11,4,0,68,71,4,4,10,1,1,11,6,20,17
k__Eukaryota;p__Mucoromycota;c__Glomeromycetes;o__Diversisporales;f__Diversisporaceae;g__Diversispora;s__Diversispora eburnea,Diversispora,28,34,43,16,20,11,4,163,54,80,8,2,104,75,36,48,49,9,53,71,22,47,95,91,32,14,24,76,80,12,6,97,102,69,30,43,67,51,47,58,41,178,45,42,63,142,181,79,0,0,0,0,0,0,0,0,0,1,0,0,0,0,1,0,5,3,5,2,2,32,21,9,14,14,52,17,8,18,11,45,27,16,67,35,20,69,37,13,23,10,16,13,16,26,13,18,5,51,19,29,16,31,19,24,16,6,7,20,12,17,0,4,0,4,1,1,3,7,5,13,24,8,9,5,10,27,12,17,14,10,29,17,22,24,34,106,56,95,54,89,147,103,85,91,471,78,104,81,3,3,1,1,0,0,1,1,0,1,2,0,0,1,1,0,1,1,8,3,1,15,15,11,14,27,24,45,23,33,29,40,24,91,53,57,63,20,15,32,9,9,64,46,3,15,19,12,12,24,28,16,20,6,14,21,7,6,35,46,19,0,5,1,3,1,1,4,12,2,14,15,9,23,15,6,20,19,39,8,8,90,24,38,83,39,57,98,86,65,39,98,74,55,227,87,23,121,12,22,30,89,35,36,9,33,9,9,3,5,16,47,24,50,13,22,5,41,16,15,21,20,4,6,10,17,7,9,25,27,12,10,28,17,77,11,14,13,56,52,6,49,7,16,13,37,32,10,3,12,7,7,9,1,1,26,26,4,0,7,1,2,26,17,12,7
k__Eukaryota;p__Mucoromycota;c__Glomeromycetes;o__Glomerales;f__Glomeraceae;g__NA;s__uncultured Glomus,Unclass,0,1,110,2,0,1,3,404,26,967,1,1,159,53,125,63,2,1,47,72,1,43,279,217,6,0,266,237,3,2,2,179,0,15,1,0,188,60,8,17,522,432,31,48,447,337,63,132,0,0,0,0,0,0,0,0,0,0,0,0,0,0,0,0,0,0,0,0,0,0,0,0,0,0,0,0,0,0,0,0,0,0,0,0,0,0,0,0,0,0,0,0,0,0,0,0,0,0,0,0,0,0,0,0,0,0,0,0,0,0,0,0,0,0,0,0,0,0,0,0,0,0,0,0,0,0,0,0,0,0,0,0,0,0,0,0,0,0,0,0,0,0,0,0,1,0,0,0,0,0,0,0,0,0,0,0,0,0,0,0,0,0,0,0,0,0,0,0,0,0,0,0,0,0,0,0,0,0,0,0,0,0,0,0,0,0,0,0,0,0,0,0,0,0,0,0,0,0,0,0,1,0,0,0,0,0,0,0,0,0,0,0,0,0,0,0,0,0,0,0,0,0,0,0,0,0,0,0,0,0,0,0,0,0,0,0,0,0,0,0,0,0,0,0,0,0,1,1,1,9,4,1,2,2,0,0,0,0,1,2,4,6,0,3,1,6,0,0,0,0,0,0,0,0,1,0,0,0,0,0,0,0,0,0,0,1,0,0,0,0,0,0,1,5,2,0,0,0,0,1,3,0,0,0,1,2,0,0,0,0,2,3,0,0
k__Eukaryota;p__Mucoromycota;c__Glomeromycetes;o__Diversisporales;f__Gigasporaceae;g__Racocetra;s__Racocetra fulgida,Racocetra,7,1,29,5,5,3,5,61,9,24,8,5,46,32,7,37,23,5,14,51,1,18,33,34,11,2,19,31,41,4,4,38,32,25,4,6,31,21,15,14,23,60,12,10,22,45,33,63,1,1,0,0,0,0,0,0,0,0,1,1,1,1,1,1,3,3,1,0,3,7,11,9,6,6,10,15,5,3,2,21,11,1,38,8,9,56,39,8,3,3,7,7,11,8,5,8,1,17,10,13,11,10,20,10,9,9,3,10,0,21,0,0,0,1,0,1,1,4,1,6,9,2,10,5,11,15,5,10,8,8,50,5,14,4,10,37,24,46,25,48,54,39,49,36,169,93,109,50,0,1,1,1,0,0,0,2,0,0,0,1,0,0,3,0,1,2,4,16,3,4,3,9,3,8,10,16,15,7,10,13,7,39,22,15,42,13,2,18,7,3,27,14,3,11,7,8,8,10,10,12,15,11,4,3,9,3,11,8,4,0,0,2,0,1,3,3,3,1,5,8,1,5,8,9,3,7,20,7,6,35,7,18,25,9,19,35,34,20,31,41,44,25,91,41,14,63,12,14,21,83,36,22,22,24,6,4,3,4,7,27,33,42,13,39,17,55,15,11,13,15,4,3,10,15,8,11,28,28,13,7,13,8,62,7,12,11,56,51,6,50,4,16,9,36,18,9,5,7,10,7,7,2,3,38,22,3,2,4,2,4,5,6,7,10
k__Eukaryota;p__Mucoromycota;c__Glomeromycetes;o__Glomerales;f__Glomeraceae;g__Rhizophagus;s__Rhizophagus custos,Rhizophagus,0,0,2,2,2,1,0,67,0,112,0,0,11,10,21,3,2,1,5,7,0,13,21,12,3,0,4,6,16,1,1,74,6,7,0,0,37,5,0,2,9,31,1,0,7,4,2,6,0,0,0,0,0,0,0,0,0,0,0,0,0,0,0,0,3,1,0,0,0,3,3,2,0,5,16,3,1,3,6,7,22,0,19,10,12,26,11,2,7,0,4,0,0,2,0,0,0,0,0,0,2,0,0,1,0,0,0,0,0,2,0,0,0,1,0,0,0,5,1,7,3,0,2,2,7,8,2,2,2,1,4,3,5,1,18,27,4,19,11,21,23,9,14,14,39,19,20,20,0,0,0,0,0,0,0,0,0,0,0,0,0,0,0,0,1,0,2,0,0,1,1,0,5,3,2,12,6,8,14,10,3,12,4,25,15,1,1,13,0,1,4,3,0,0,3,1,2,0,3,0,1,0,0,0,0,0,2,6,0,0,0,0,0,0,1,1,0,0,0,2,1,4,9,5,2,2,6,0,3,20,7,9,13,12,17,18,25,27,12,25,7,8,31,15,2,38,1,0,0,2,2,0,0,2,0,0,0,0,1,3,0,1,0,1,0,2,0,0,0,0,0,0,0,0,0,0,0,1,0,0,0,0,0,0,0,0,1,1,0,0,0,0,1,0,0,0,0,0,0,0,2,0,0,0,1,0,0,0,0,0,1,1,0,0
k__Eukaryota;p__Mucoromycota;c__Glomeromycetes;o__Diversisporales;f__Diversisporaceae;g__Diversispora;s__Diversispora versiformis,Diversispora,16,2,0,0,12,1,0,9,7,29,1,0,3,0,1,0,1,0,0,2,0,6,0,0,0,2,2,1,8,0,1,8,4,1,1,1,9,2,1,9,8,6,2,16,18,113,5,2,1,0,0,0,0,0,0,0,0,0,0,0,2,0,0,1,1,0,0,0,0,3,0,0,0,2,4,5,0,0,2,2,7,0,37,8,4,4,7,2,11,1,7,9,5,6,6,6,1,14,0,7,9,5,5,7,7,7,3,1,2,0,0,0,0,0,0,0,0,1,0,0,0,0,2,0,1,5,2,1,1,1,3,3,4,4,9,19,7,25,7,18,31,12,15,11,78,12,18,10,1,1,0,0,0,0,0,0,0,0,1,0,0,0,0,0,0,0,0,0,0,0,0,0,0,9,0,7,1,4,10,28,9,23,8,43,29,5,6,2,7,8,34,10,8,14,10,0,11,8,9,9,1,3,2,8,1,2,1,4,0,0,0,0,0,1,1,1,1,0,2,1,1,4,0,1,0,1,5,0,1,14,22,10,26,10,12,8,17,12,29,19,11,11,34,12,13,36,0,0,0,0,0,0,0,0,0,0,0,0,0,1,0,0,0,0,0,0,0,0,1,0,0,0,0,0,0,0,2,0,0,0,0,0,0,0,0,0,0,0,0,0,0,0,0,0,1,0,0,0,0,0,0,0,0,0,0,0,0,0,0,0,0,0,0,0
k__Eukaryota;p__Mucoromycota;c__Glomeromycetes;o__Glomerales;f__Glomeraceae;g__Rhizophagus;s__Rhizophagus sp. (in: Fungi),Rhizophagus,5,0,44,2,1,0,4,133,29,17,1,0,3,11,16,36,11,1,0,24,2,46,6,23,4,1,9,184,78,1,0,39,12,12,2,1,7,27,0,4,50,166,9,17,39,106,6,21,0,0,0,0,0,0,0,0,0,0,0,0,0,0,0,0,0,0,0,0,0,0,0,0,0,0,0,0,0,0,0,0,0,0,0,0,0,0,0,0,0,0,0,0,0,0,0,0,0,0,0,0,0,0,0,0,0,0,0,0,0,0,0,0,0,0,0,0,0,0,0,0,0,0,0,0,0,0,0,0,0,0,0,0,0,0,0,0,0,0,0,0,0,0,0,0,0,0,0,0,0,0,0,0,0,0,0,0,0,0,0,0,0,0,0,0,0,0,0,0,0,0,0,0,0,0,0,0,0,0,0,0,0,0,0,0,0,0,0,0,0,0,0,0,0,0,0,0,0,0,0,0,0,0,0,0,0,0,0,0,0,0,0,0,0,0,0,0,0,0,0,0,0,0,1,0,0,0,0,0,0,0,0,0,0,0,0,0,0,0,0,0,0,0,0,0,0,0,0,0,0,2,1,0,0,0,1,0,0,0,0,0,0,0,1,2,0,1,0,0,0,1,0,0,3,0,3,0,3,1,2,0,3,3,3,0,1,1,7,3,0,1,0,0,0,1,0,1,0,0,0,0,0,0,0,2,1,0,0,2,0,0,0,1,0,0
k__Eukaryota;p__Mucoromycota;c__Glomeromycetes;o__Glomerales;f__Glomeraceae;g__Glomus;s__Glomus sp. DAOM 240422,Glomus,6,0,28,2,0,0,4,109,22,105,0,0,24,23,28,15,8,2,3,21,0,21,24,34,2,0,20,96,31,0,0,34,12,35,0,4,20,8,4,5,43,77,1,10,57,44,9,23,0,0,0,0,0,0,0,0,0,0,0,0,0,0,0,0,0,0,0,0,0,0,0,0,0,0,0,0,0,0,0,0,0,0,0,0,0,0,0,0,0,0,0,0,0,0,0,0,0,0,0,0,0,0,0,0,0,0,0,0,0,0,0,0,0,0,0,0,0,0,0,0,0,0,0,0,0,0,0,0,0,0,0,0,0,0,0,0,0,0,0,0,0,0,0,0,0,0,0,0,0,0,0,0,0,0,0,0,0,0,0,0,0,0,0,0,0,0,0,0,0,0,0,0,0,0,0,0,0,0,0,0,0,0,0,0,0,0,0,0,0,0,0,0,0,0,0,0,0,0,0,0,0,0,0,0,0,0,0,0,0,0,0,0,0,0,0,0,0,0,0,0,0,0,0,0,0,0,0,0,0,0,0,0,0,0,0,0,0,0,0,0,0,0,0,0,0,0,0,6,1,10,4,3,1,1,0,0,1,0,1,4,7,5,2,2,1,6,1,1,2,0,0,0,1,2,1,4,2,4,2,1,3,2,5,0,1,1,2,6,0,9,2,1,0,6,5,4,0,1,1,4,2,0,0,3,1,1,0,0,0,0,1,1,2,0
k__Eukaryota;p__Mucoromycota;c__Glomeromycetes;o__Glomerales;f__Glomeraceae;g__Funneliformis;s__Funneliformis coronatus,Funneliformis,18,1,3,0,0,0,0,49,0,2,0,1,2,4,6,9,0,0,0,8,0,2,3,3,0,0,5,2,2,0,0,15,17,28,0,1,12,3,3,3,3,16,6,3,15,6,0,4,0,0,0,0,0,0,0,0,0,0,0,0,0,0,0,0,1,0,0,0,0,5,4,0,0,0,0,2,0,0,0,0,0,0,0,0,0,0,57,0,0,0,0,0,1,0,0,0,0,1,1,0,0,7,0,0,0,0,0,0,0,0,0,0,0,0,0,0,0,0,0,0,0,0,0,0,1,0,0,0,0,9,0,1,0,0,0,2,0,0,0,0,1,2,1,0,0,0,0,0,0,0,0,0,0,0,0,0,0,0,0,0,0,0,0,0,0,0,0,0,0,0,0,0,0,1,0,0,2,1,2,1,1,0,0,3,0,0,0,0,1,0,0,0,1,0,3,0,0,0,0,0,0,0,0,0,0,0,0,0,0,0,0,0,0,0,0,0,0,0,0,1,0,0,2,0,0,0,0,0,0,0,0,0,0,0,0,1,1,0,0,0,0,0,1,0,0,0,0,0,0,1,0,0,0,0,0,0,0,0,0,0,2,0,1,0,0,0,1,0,0,1,0,0,0,0,0,1,0,0,2,0,0,0,2,0,0,0,0,0,0,0,0,0,0,0,0,0,0,0,1,0,0,1,0,1,2,3,2,0,0,0,0,0,0,0
k__Eukaryota;p__Mucoromycota;c__Glomeromycetes;o__Glomerales;f__Glomeraceae;g__Funneliformis;s__Funneliformis geosporum,Funneliformis,0,1,0,6,11,2,4,13,0,1,27,20,8,7,10,3,3,6,0,3,8,0,2,0,2,9,0,1,2,12,18,3,2,7,4,13,9,2,2,3,1,8,4,2,3,10,5,2,0,0,0,0,0,0,0,0,0,0,0,0,0,0,0,0,0,0,0,0,0,0,0,0,0,0,11,0,0,0,0,0,1,0,0,1,0,0,1,0,0,0,1,0,0,0,0,0,0,0,0,0,0,0,0,0,0,2,0,1,1,0,0,0,0,1,0,0,3,17,0,0,0,1,0,0,0,0,0,0,0,0,0,0,2,0,1,14,0,0,0,0,1,0,1,0,0,0,1,0,0,0,1,0,1,0,0,0,0,0,0,0,0,1,1,0,0,0,0,0,0,0,0,0,0,1,0,0,0,2,0,0,2,0,0,1,0,0,0,0,0,0,0,0,1,0,1,0,0,2,2,0,0,0,0,0,1,1,0,0,0,0,1,0,0,0,2,1,1,1,0,0,2,1,0,0,0,0,0,0,0,1,1,0,1,0,0,2,1,0,1,0,0,0,0,0,0,2,0,0,0,0,0,0,0,0,0,0,0,3,0,0,0,0,0,0,0,1,0,0,0,0,0,0,1,1,0,0,0,2,0,0,0,1,0,1,0,0,0,0,0,0,1,0,0,0,0,0,0,0,0,0,0,0,0,0,0,0,0,2,0,0,1,0,2,0
k__Eukaryota;p__Mucoromycota;c__Glomeromycetes;o__Glomerales;f__Glomeraceae;g__Rhizophagus;s__Rhizophagus prolifer,Rhizophagus,0,0,2,0,0,0,0,10,3,6,1,0,0,0,3,1,0,0,0,0,0,1,2,6,1,0,3,0,18,0,0,9,2,2,0,0,3,0,0,0,4,8,2,2,2,3,0,0,0,0,0,0,0,0,0,0,0,0,0,0,0,0,0,0,0,0,0,0,0,0,0,0,0,0,4,0,2,0,2,3,1,0,1,1,2,0,0,0,0,0,0,0,2,0,0,0,1,0,0,0,0,0,0,0,0,0,1,1,2,6,1,0,0,0,0,0,0,1,0,1,0,0,0,0,0,1,0,1,0,0,2,0,0,0,2,3,4,0,4,4,4,4,0,3,19,3,4,1,0,0,0,0,0,0,0,0,0,0,0,1,0,0,0,0,0,0,0,0,0,0,0,0,0,1,1,1,1,1,0,0,2,9,0,1,5,1,0,1,0,0,3,5,0,0,1,1,0,0,0,1,0,1,0,1,0,0,0,1,1,0,0,0,0,0,0,2,0,0,0,0,0,1,0,0,0,0,5,0,0,8,0,0,2,3,1,4,7,7,2,3,1,0,11,4,1,9,1,0,0,0,1,0,0,0,0,1,0,0,0,1,0,1,0,1,0,2,0,0,0,0,0,0,0,0,1,0,1,2,0,0,1,0,0,0,0,0,2,2,0,1,0,0,0,0,0,0,0,0,0,0,1,0,0,0,0,0,0,1,0,0,2,0,1,0
k__Eukaryota;p__Mucoromycota;c__Glomeromycetes;o__Glomerales;f__Glomeraceae;g__Rhizophagus;s__Rhizophagus intraradices,Rhizophagus,0,0,2,0,0,0,1,2,6,5,0,0,0,3,0,1,1,0,0,0,2,0,0,4,0,0,0,3,12,0,0,4,4,1,0,0,2,0,0,0,1,1,0,0,0,2,0,1,0,0,0,0,0,0,0,0,0,0,0,0,0,0,0,0,1,1,1,0,0,0,0,0,0,0,1,2,0,1,1,1,0,0,1,0,0,3,0,0,0,1,0,0,0,2,0,1,0,2,0,0,0,1,0,1,1,0,1,2,0,3,0,1,0,0,0,0,0,2,0,0,1,0,0,0,1,2,3,1,1,2,1,1,2,2,2,7,2,3,2,8,5,4,1,5,14,3,4,1,0,0,0,0,0,0,0,0,0,0,0,0,0,0,0,0,1,0,0,0,0,0,0,0,0,0,2,2,1,2,1,0,1,9,1,2,3,0,0,1,1,0,0,2,0,1,1,2,1,0,1,0,0,0,0,0,1,0,2,1,0,0,0,0,0,0,0,0,0,0,0,0,0,0,0,0,0,1,1,0,0,2,0,0,7,4,1,2,5,5,2,3,3,0,11,3,0,4,1,0,0,1,0,0,0,0,1,0,0,1,0,1,0,1,0,1,0,3,0,0,2,1,0,0,0,0,1,1,2,2,1,0,2,1,0,1,0,1,2,3,0,1,0,1,0,1,1,0,0,0,0,0,0,0,0,0,0,0,0,0,0,0,1,0,0,0
k__Eukaryota;p__Mucoromycota;c__Glomeromycetes;o__Glomerales;f__Glomeraceae;g__Glomus;s__Glomus sp. DAOM 229456,Glomus,0,0,3,0,0,0,0,11,0,17,0,0,5,2,6,5,1,0,0,4,0,0,1,2,0,1,3,3,1,0,0,9,0,0,0,0,8,2,2,0,4,4,0,1,8,7,3,8,0,0,0,0,0,0,0,0,0,0,0,0,0,0,0,0,0,0,0,0,0,0,0,0,0,0,0,0,0,0,0,0,0,0,0,0,0,0,0,0,0,0,0,0,0,0,0,0,0,0,0,0,0,0,0,0,0,0,0,0,0,0,0,0,0,0,0,0,0,0,0,0,0,0,0,0,0,0,0,0,0,0,0,0,0,0,0,0,0,0,0,0,0,0,0,0,0,0,0,0,0,0,0,0,0,0,0,0,0,0,0,0,0,0,0,0,0,0,0,0,0,0,0,0,0,0,0,0,0,0,0,0,0,0,0,0,0,0,0,0,0,0,0,0,0,0,0,0,0,0,0,0,0,0,0,0,0,0,0,0,0,0,0,0,0,0,0,0,0,0,0,0,0,0,0,0,0,0,0,0,0,0,0,0,0,0,0,0,0,0,0,0,0,0,0,0,0,0,0,2,0,3,2,0,0,0,0,0,0,1,1,1,0,1,1,1,0,4,0,0,0,0,0,0,0,0,0,0,0,1,0,1,0,0,1,0,0,2,2,3,0,2,0,0,0,2,0,0,0,0,0,1,1,0,0,1,1,1,0,0,1,0,0,1,0,0
k__Eukaryota;p__Mucoromycota;c__Glomeromycetes;o__Glomerales;f__Glomeraceae;g__Rhizophagus;s__Rhizophagus fasciculatus,Rhizophagus,3,0,1,1,0,1,0,1,11,4,1,0,0,1,2,1,3,0,2,0,0,0,2,0,1,0,3,0,20,0,0,12,7,3,0,0,1,0,0,0,1,0,0,2,1,3,4,1,0,0,0,0,0,0,0,0,0,0,0,0,0,0,0,0,0,0,0,0,0,0,0,0,0,0,0,0,0,0,0,0,0,0,0,0,0,0,0,0,0,0,0,0,0,0,0,0,0,0,0,0,0,0,0,0,0,0,0,0,0,0,0,0,0,0,0,0,0,0,0,0,0,0,0,0,0,0,0,0,0,0,0,0,0,0,0,0,0,0,0,0,0,0,0,0,0,0,0,0,0,0,0,0,0,0,0,0,0,0,0,0,0,0,0,0,0,0,0,0,0,0,0,0,0,0,0,0,0,0,0,0,0,0,0,0,0,0,0,0,0,0,0,0,0,0,0,0,0,0,0,0,0,0,0,0,0,0,0,0,0,0,0,0,0,0,0,0,0,0,0,0,0,0,0,0,0,0,0,0,0,0,0,0,0,0,0,0,0,0,0,0,0,0,0,0,0,0,0,3,0,0,1,0,0,0,2,0,0,0,0,1,0,1,0,2,0,3,0,0,0,4,0,1,3,0,3,0,4,0,2,2,0,0,2,0,0,0,5,6,0,5,0,0,0,1,0,2,0,1,0,0,0,0,0,1,0,0,0,0,0,0,0,1,0,0
k__Eukaryota;p__Mucoromycota;c__Glomeromycetes;o__Glomerales;f__Glomeraceae;g__Glomus;s__Glomus sp. DAOM 212150,Glomus,0,0,0,0,0,0,2,2,3,7,0,0,0,0,0,0,0,0,0,0,0,0,0,0,0,0,0,1,18,0,0,5,4,2,0,1,2,0,0,0,0,2,0,1,0,1,0,0,0,0,0,0,0,0,0,0,0,0,2,0,0,0,0,0,0,0,0,0,0,0,0,0,0,0,1,0,0,0,0,0,0,0,0,1,0,0,1,0,0,0,0,0,0,0,0,0,0,0,0,0,0,0,0,0,0,0,0,1,3,10,0,0,0,0,0,0,1,1,0,0,0,0,0,0,0,0,0,0,0,0,0,0,0,1,0,4,0,0,0,0,1,0,0,0,0,2,2,2,0,0,0,0,0,0,0,0,0,0,0,0,0,0,0,0,0,0,0,0,0,0,0,0,0,0,0,0,0,0,0,0,0,0,1,0,0,0,0,0,0,0,0,0,0,0,0,0,0,0,0,0,0,0,0,0,0,0,2,3,0,0,2,0,0,0,0,0,0,0,2,0,0,1,0,0,0,0,2,0,0,0,0,0,0,0,1,1,1,1,0,0,0,0,0,2,3,0,0,0,0,0,0,0,0,0,0,0,0,0,0,0,0,0,0,0,0,0,0,0,0,0,0,0,0,0,0,0,0,0,0,0,0,0,0,0,0,0,0,1,0,0,0,0,0,0,0,0,0,0,0,0,0,0,0,0,0,0,0,0,0,0,0,0,0,0
k__Eukaryota;p__Mucoromycota;c__Glomeromycetes;o__Glomerales;f__Glomeraceae;g__Sclerocystis;s__Sclerocystis sinuosa,Sclerocystis,1,0,6,0,0,1,0,17,0,0,0,0,2,0,0,4,1,0,0,1,3,1,3,2,0,1,2,9,1,2,0,2,4,1,0,2,1,0,1,0,6,16,0,0,3,3,0,5,0,0,0,0,0,0,0,0,0,0,0,0,0,0,0,0,0,0,0,0,0,0,0,0,0,0,0,0,0,0,0,0,0,0,0,0,0,0,0,0,0,0,0,0,0,0,0,0,0,0,0,0,0,0,0,0,0,0,0,0,0,0,0,0,0,0,0,0,0,0,0,0,0,0,0,0,0,0,0,0,0,0,0,0,0,0,0,0,0,0,0,0,0,0,0,0,0,0,0,0,0,0,0,0,0,0,0,0,0,0,0,0,0,0,0,0,0,0,0,0,0,0,0,0,0,0,0,0,0,0,0,0,0,0,0,1,0,0,0,0,0,0,0,0,0,0,0,0,0,0,0,0,0,0,0,0,0,0,0,0,0,0,0,0,0,0,0,0,0,0,0,0,0,0,0,0,0,0,0,0,0,0,0,0,1,0,0,0,0,0,0,0,0,0,0,0,0,0,0,0,0,1,0,0,0,0,0,0,0,0,0,0,0,0,0,0,0,0,0,0,0,0,0,0,0,0,0,0,0,0,0,0,0,0,0,0,0,0,0,0,0,0,0,0,0,0,0,0,0,0,0,0,0,0,0,0,0,0,0,0,0,0,0,0,0,0
k__Eukaryota;p__Mucoromycota;c__Glomeromycetes;o__Glomerales;f__Claroideoglomeraceae;g__Claroideoglomus;s__Claroideoglomus claroideum,Claroideoglomus,0,0,2,1,0,0,0,1,0,0,0,0,3,0,0,0,0,0,0,1,0,0,0,5,1,0,0,0,3,0,0,4,12,18,0,3,0,0,0,0,3,0,0,0,0,0,0,5,0,0,0,0,0,0,0,0,0,0,0,0,0,0,0,0,1,0,0,0,0,0,0,0,0,0,0,0,0,2,0,0,0,0,0,0,0,0,0,0,0,0,0,0,0,0,0,0,0,0,1,0,0,0,0,0,0,0,0,0,1,0,0,0,0,0,0,0,0,2,0,0,1,0,0,0,0,0,0,0,0,0,1,0,0,0,0,0,0,0,0,0,0,0,0,0,0,0,0,0,0,1,0,0,0,0,0,0,0,0,0,0,0,0,0,0,0,0,0,0,0,0,0,0,0,0,0,0,0,0,0,0,0,0,0,0,0,0,0,0,0,0,0,0,0,0,0,0,0,0,0,0,0,0,0,0,0,0,7,2,1,0,0,0,0,0,0,0,0,0,0,0,0,0,0,0,0,0,1,0,0,0,0,0,0,0,0,0,1,0,1,0,0,0,0,0,0,0,0,0,0,0,0,0,0,0,0,0,0,0,0,0,0,0,0,0,0,0,0,0,0,0,0,0,0,0,0,0,0,0,0,0,0,0,0,0,0,0,0,0,0,0,0,1,0,0,0,0,0,0,0,0,0,0,0,0,0,0,0,0,0,0,0,0,0,0
k__Eukaryota;p__Mucoromycota;c__Glomeromycetes;o__Glomerales;f__Claroideoglomeraceae;g__Claroideoglomus;s__Claroideoglomus etunicatum,Claroideoglomus,0,0,2,0,0,0,1,1,0,0,0,0,0,0,0,0,0,0,0,1,0,0,1,0,0,0,0,0,0,0,0,3,3,4,0,0,1,1,0,0,0,1,0,0,0,0,0,1,0,0,0,0,0,0,0,0,0,0,0,0,0,0,0,0,0,0,0,0,0,0,0,0,0,0,0,0,0,0,0,0,0,0,0,0,1,0,0,0,0,0,0,0,0,0,0,0,0,0,0,0,0,0,0,0,0,0,0,0,0,0,0,0,0,0,0,0,0,0,0,0,0,0,0,0,0,0,0,0,0,0,0,0,0,0,0,0,0,0,0,0,0,0,0,0,0,0,0,0,0,0,0,0,0,0,0,0,0,0,0,0,0,0,0,0,0,0,0,0,0,0,0,0,0,0,0,0,0,1,0,0,0,0,0,0,0,0,0,0,0,0,0,0,0,0,0,0,0,0,0,0,0,0,0,0,0,0,0,1,0,0,0,0,0,0,0,0,0,0,0,0,0,0,0,0,0,0,0,0,0,0,0,0,0,0,0,0,0,0,0,0,0,0,0,0,0,0,0,0,0,0,0,1,0,1,0,0,0,0,0,0,0,0,0,1,0,0,2,0,1,0,0,0,0,1,0,0,1,0,1,2,0,0,3,1,0,0,1,2,0,2,0,0,0,0,0,1,0,0,0,0,0,0,0,0,0,0,0,0,0,0,0,0,0,1
k__Eukaryota;p__Mucoromycota;c__Glomeromycetes;o__Glomerales;f__Glomeraceae;g__Septoglomus;s__Septoglomus constrictum,Septoglomus,0,0,0,0,0,0,0,0,0,0,0,0,0,0,0,0,0,0,0,0,0,0,0,0,0,0,0,0,0,0,0,0,0,0,0,0,0,0,0,0,0,0,0,1,0,0,0,0,0,0,0,0,0,0,0,0,0,0,0,0,0,0,0,0,0,0,0,0,0,0,0,0,0,0,0,0,0,0,0,0,0,0,0,0,0,0,0,0,0,0,1,0,0,1,0,0,0,0,0,0,0,0,0,0,0,0,0,0,0,0,0,0,0,0,0,0,0,0,0,0,1,0,0,0,0,0,0,1,0,0,0,0,1,0,0,1,0,1,1,0,1,0,0,1,2,0,0,2,0,0,0,0,0,0,0,0,0,0,0,0,0,0,0,0,0,0,0,0,0,0,0,0,0,0,1,0,0,1,3,0,0,0,0,0,0,0,1,0,0,0,1,0,0,0,0,0,1,0,0,0,0,0,0,0,0,0,0,0,0,0,0,0,0,0,0,0,0,0,0,1,0,2,0,0,0,0,0,0,0,0,0,0,1,0,0,0,2,1,0,1,0,0,1,1,0,1,0,0,0,0,0,0,0,0,0,0,0,0,0,0,0,0,0,0,0,0,0,0,0,0,0,0,0,0,0,0,0,0,0,0,0,0,0,0,0,0,0,0,0,0,0,0,0,0,0,0,0,0,0,0,0,0,0,0,0,0,0,0,0,0,0,0,0,0
k__Eukaryota;p__Mucoromycota;c__Glomeromycetes;o__Glomerales;f__Glomeraceae;g__Oehlia;s__Oehlia diaphana,Oehlia,0,0,0,0,0,0,0,0,0,0,0,0,0,0,0,0,0,1,0,1,0,0,0,0,0,0,0,0,0,0,0,0,1,0,0,0,0,0,0,0,0,0,0,0,1,0,1,0,0,0,0,0,0,0,0,0,0,0,0,0,0,0,0,0,0,0,0,0,0,0,0,0,0,0,0,0,0,0,0,0,0,0,0,0,0,0,1,0,0,0,0,0,0,0,0,0,0,0,0,0,0,0,1,0,0,0,0,0,0,0,0,0,0,0,0,0,0,0,0,0,0,0,0,0,0,1,0,0,0,0,0,0,0,0,1,0,0,1,0,0,0,0,0,0,1,0,0,0,0,0,0,0,0,0,0,0,0,0,0,0,0,0,0,0,0,0,0,0,0,0,0,0,0,1,0,0,0,0,0,0,0,0,0,0,0,0,0,0,0,0,0,0,0,0,0,0,0,0,0,0,0,0,0,0,0,0,0,0,0,0,0,0,0,0,0,0,0,0,0,0,0,0,0,0,0,0,0,0,0,0,0,0,0,0,0,0,0,0,0,0,0,0,0,0,2,0,0,0,0,0,0,0,0,1,0,0,0,0,0,1,0,2,0,0,0,1,0,0,0,0,0,0,0,0,0,0,0,0,0,0,0,0,1,0,0,0,0,0,0,0,0,0,0,0,0,1,0,1,0,0,1,0,0,0,0,0,0,0,0,0,0,0,0,0
k__Eukaryota;p__Mucoromycota;c__Glomeromycetes;o__Glomerales;f__Glomeraceae;g__Sclerocystis;s__Sclerocystis cf. pubescens HS-2013,Sclerocystis,2,0,0,0,0,0,0,3,0,0,0,0,1,1,0,0,0,0,0,0,1,0,0,1,1,0,0,0,0,0,0,0,1,0,0,0,0,0,0,0,1,0,0,0,1,0,0,0,0,0,0,0,0,0,0,0,0,0,0,0,0,0,0,0,0,0,0,0,0,0,0,0,0,0,0,0,0,0,0,0,0,0,0,0,0,0,0,0,0,0,0,0,1,0,0,1,0,0,0,0,0,0,0,0,0,0,0,0,0,0,0,0,0,0,0,0,0,0,0,0,0,0,0,0,0,0,0,0,0,0,0,0,0,0,0,0,0,0,0,0,0,0,0,0,0,0,0,1,0,0,0,0,0,0,0,0,0,0,0,0,0,0,0,0,0,0,0,0,0,0,0,0,0,0,0,0,0,0,0,0,0,0,0,0,0,0,0,0,0,0,0,0,0,0,0,0,0,0,0,0,0,0,0,0,0,0,0,0,0,0,0,0,0,0,0,0,0,0,0,0,0,0,0,0,0,0,0,0,0,0,0,0,0,0,2,0,0,0,0,0,0,0,0,0,0,2,0,0,0,0,0,0,0,0,0,0,0,0,0,0,0,0,0,0,0,0,0,0,0,0,0,0,0,0,1,0,0,1,0,0,0,0,0,0,0,0,0,0,0,0,0,0,0,0,0,0,0,0,0,0,0,0,0,0,0,0,0,0,0,0,0,0,0,0
k__Eukaryota;p__Mucoromycota;c__Glomeromycetes;o__Diversisporales;f__Gigasporaceae;g__Scutellospora;s__Scutellospora erythropa,Scutellospora,0,0,0,0,0,0,0,0,0,0,0,0,2,6,0,0,0,0,0,0,0,0,0,0,0,0,0,0,0,0,0,0,0,0,0,0,0,1,0,0,0,0,0,0,0,0,0,6,0,0,0,0,0,0,0,0,0,0,0,0,0,0,0,0,0,0,0,0,0,0,0,0,0,0,0,0,0,0,0,0,0,0,0,0,0,0,0,0,0,0,0,0,0,0,0,0,0,0,0,0,0,0,0,0,0,0,0,0,0,0,0,0,0,0,0,0,0,0,0,0,0,0,0,0,0,0,1,0,0,0,0,0,0,0,0,0,0,0,0,0,0,0,0,1,0,0,0,0,0,0,0,0,0,0,0,0,0,0,0,0,0,0,0,0,0,0,0,0,0,0,0,0,0,0,0,0,0,0,0,0,0,0,0,0,0,0,0,0,0,0,0,0,0,0,0,0,0,0,0,0,0,0,0,0,0,0,0,0,0,0,0,0,0,0,0,0,0,0,0,0,0,0,0,0,0,0,0,0,0,0,0,1,0,0,0,0,0,0,0,0,0,0,0,0,0,0,0,0,0,0,0,0,0,0,0,0,0,0,0,0,0,0,0,0,0,0,0,0,0,0,0,0,0,0,0,0,0,0,0,0,0,0,0,0,0,0,0,0,0,0,0,0,0,0,0,0,0,0,0,0,0,0,0,0,0,0,0,0,0,0,0,0,0,0
k__Eukaryota;p__Mucoromycota;c__Glomeromycetes;o__Glomerales;f__Glomeraceae;g__Glomus;s__Glomus sp. BEG19,Glomus,0,0,0,0,0,0,0,0,0,0,0,0,0,0,0,0,0,0,0,1,0,0,0,0,0,0,0,0,1,0,0,0,0,0,0,0,0,0,0,0,1,0,0,0,0,0,0,0,0,0,0,0,0,0,0,0,0,0,0,0,0,0,0,0,0,0,0,0,1,0,0,0,0,1,0,0,0,0,0,0,0,0,0,2,0,1,0,0,0,0,0,0,0,0,0,0,0,0,0,0,0,0,0,0,0,0,0,0,0,0,0,0,0,0,0,0,0,0,0,1,0,0,0,0,0,0,0,0,0,0,0,0,0,0,0,1,0,0,0,0,0,0,0,0,0,0,1,0,0,0,0,0,0,0,0,0,0,0,0,0,0,0,0,0,0,0,0,0,0,0,0,0,0,0,0,0,0,1,0,0,0,0,0,0,0,0,0,1,0,0,0,0,0,0,0,0,1,0,0,0,0,0,0,0,0,0,0,0,0,0,0,0,0,0,0,0,0,0,0,0,0,0,0,0,0,0,0,0,0,0,0,0,0,0,0,0,0,0,0,0,0,0,0,0,0,0,0,0,0,0,0,0,0,0,0,0,0,0,0,0,0,0,0,0,0,0,0,0,0,0,0,0,0,0,0,0,0,0,0,0,0,0,0,0,0,0,0,0,0,0,0,0,0,0,0,0,0,0,0,0,0,0,0,0,0,0,0,0,0,0,0,0,0,0
k__Eukaryota;p__Mucoromycota;c__Glomeromycetes;o__Diversisporales;f__Acaulosporaceae;g__Acaulospora;s__Acaulospora foveata,Acaulospora,0,0,0,0,0,0,0,0,0,0,0,0,0,0,0,0,0,0,0,0,0,0,0,0,0,0,0,0,0,0,0,0,0,0,0,0,0,0,0,0,0,0,0,0,0,0,0,0,0,0,0,0,0,0,0,0,0,0,0,0,0,0,0,0,0,0,0,0,0,0,0,0,0,0,0,0,0,0,0,0,0,0,0,0,0,0,0,0,0,0,0,0,0,0,0,0,0,0,0,0,0,0,0,0,0,0,0,0,0,0,0,0,0,0,0,0,0,0,0,0,0,0,0,0,0,0,0,1,0,0,0,0,0,0,0,0,0,0,0,0,0,0,0,3,1,0,0,0,0,0,0,0,0,0,0,0,0,0,0,0,0,0,0,0,0,0,0,0,0,1,0,0,0,1,0,0,0,0,0,0,0,0,0,0,0,0,0,0,0,0,0,0,0,0,0,0,0,0,0,1,0,0,0,0,0,0,0,0,0,0,0,0,0,0,0,0,0,0,0,0,1,0,0,0,0,0,0,0,0,0,0,0,0,0,0,0,1,0,0,0,0,0,0,0,0,0,0,0,0,0,0,0,0,0,0,0,0,0,0,0,0,0,0,0,0,0,0,0,0,0,0,0,0,0,0,0,0,0,0,0,0,0,0,0,0,0,0,0,0,0,0,0,0,0,0,0,0,0,0,0,0,0,0,0,0,0,0,0,0,0,0,0,0,0
k__Eukaryota;p__Mucoromycota;c__Glomeromycetes;o__Glomerales;f__Glomeraceae;g__Glomus;s__Glomus cubense,Glomus,0,0,0,0,0,0,0,1,0,0,0,0,0,0,0,0,0,0,0,0,0,0,0,0,0,0,0,3,0,0,0,0,0,0,0,0,0,0,0,0,0,0,0,0,0,0,0,0,0,0,0,0,0,0,0,0,0,0,0,0,0,0,0,0,0,0,0,0,0,0,0,0,0,0,0,0,0,0,0,1,0,0,0,0,0,0,0,0,0,0,0,0,0,0,0,0,0,0,0,0,0,0,0,0,0,0,0,0,0,0,0,0,0,0,0,0,0,0,0,0,0,0,0,0,0,0,0,0,0,0,0,0,0,0,0,0,0,0,0,0,0,0,0,0,0,0,0,0,0,0,0,0,0,0,0,0,0,0,0,0,0,0,0,0,0,0,0,0,0,0,0,0,0,0,0,0,0,0,0,0,0,0,0,0,0,0,0,0,0,0,0,0,0,0,0,0,0,0,0,0,0,0,0,0,0,0,0,0,0,0,0,0,0,0,0,0,0,0,0,0,0,0,0,0,0,0,1,0,0,0,0,0,1,0,0,0,0,0,0,1,0,0,0,0,0,0,0,0,0,0,0,0,0,0,0,0,0,0,0,0,0,0,0,0,0,0,0,0,0,0,0,0,0,0,0,0,0,0,0,0,0,0,0,0,0,0,0,0,0,0,0,0,0,0,0,0,0,0,0,0,0,0,0,0,0,0,0,0,0,0,0,0,0,0
k__Eukaryota;p__Mucoromycota;c__Glomeromycetes;o__Glomerales;f__Claroideoglomeraceae;g__Claroideoglomus;s__Claroideoglomus sp.,Claroideoglomus,0,0,0,0,0,0,0,0,0,0,0,0,0,0,0,0,0,0,0,0,0,0,0,0,0,0,0,1,0,0,0,0,0,1,0,0,0,0,0,0,0,1,0,0,0,0,0,0,0,0,0,0,0,0,0,0,0,0,0,0,0,0,0,0,0,0,0,0,0,0,0,0,0,0,0,0,0,0,0,0,0,0,0,0,0,0,0,0,0,0,0,0,0,0,0,0,0,0,0,0,0,0,0,0,0,0,0,0,0,0,0,0,0,0,0,0,0,0,0,0,0,0,0,0,0,0,0,0,0,0,0,0,0,0,0,0,0,0,0,0,0,0,0,0,0,0,0,0,0,0,0,0,0,0,0,0,0,0,0,0,0,0,0,0,0,0,0,0,0,0,0,0,0,0,0,0,0,0,0,0,0,0,0,0,0,0,0,0,0,0,0,0,0,0,0,0,0,0,0,0,0,0,0,0,0,0,0,0,0,0,0,0,0,0,0,0,1,0,0,0,0,0,0,0,0,0,0,0,0,0,0,0,0,0,0,0,0,0,0,0,0,0,0,0,0,0,0,0,0,0,0,0,0,0,0,1,0,0,0,0,0,0,0,0,0,0,0,0,0,0,0,0,0,1,0,0,0,0,0,0,0,0,0,0,0,0,0,1,0,0,0,0,0,0,0,0,0,0,0,0,0,0,0,0,0,0,0,0,0,0,0,0,0,0
k__Eukaryota;p__Mucoromycota;c__Glomeromycetes;o__Diversisporales;f__Acaulosporaceae;g__Acaulospora;s__Acaulospora laevis,Acaulospora,0,0,0,0,0,0,0,1,0,0,0,0,0,0,0,0,0,0,0,0,0,0,0,0,1,0,0,0,0,0,0,0,0,0,0,0,0,0,0,0,0,0,0,0,0,0,0,0,0,0,0,0,0,0,0,0,0,0,0,0,0,0,0,0,0,0,0,0,0,0,0,0,0,0,0,0,0,0,0,0,0,0,0,0,1,0,0,0,0,0,0,0,0,0,0,1,0,0,0,0,0,0,0,0,0,0,0,0,0,0,0,0,0,0,0,0,1,0,0,0,0,0,0,0,0,0,0,0,0,0,0,0,0,0,0,0,0,0,0,0,0,0,0,0,0,0,0,0,0,0,0,0,0,0,0,0,0,0,0,0,0,0,0,0,0,0,0,0,0,0,0,0,0,0,0,0,0,0,0,0,0,0,0,0,0,0,0,0,0,0,0,1,0,0,0,0,0,0,0,0,0,0,0,0,0,0,0,0,0,0,0,0,0,0,0,0,0,0,0,0,0,0,0,0,0,0,0,0,0,0,0,0,0,0,0,0,0,0,0,0,0,0,0,0,0,0,0,0,0,0,0,0,0,0,0,0,0,0,0,0,0,0,0,0,0,0,0,0,0,0,0,0,0,0,0,0,0,0,0,0,0,0,0,0,0,0,0,0,0,0,0,0,0,0,0,0,0,0,0,0,0,0,0,0,0,0,0,0,0,0,0,0,0,0
k__Eukaryota;p__Mucoromycota;c__Glomeromycetes;o__Glomerales;f__Glomeraceae;g__Rhizoglomus;s__Rhizoglomus dalpeae,Rhizoglomus,0,0,0,0,0,0,0,0,0,2,0,0,0,0,0,0,0,0,0,0,0,0,0,0,0,0,0,0,0,0,0,0,0,0,0,0,0,0,0,0,1,0,0,0,0,0,0,0,0,0,0,0,0,0,0,0,0,0,0,0,0,0,0,0,0,0,0,0,0,0,0,0,0,0,0,0,0,0,0,0,0,0,0,0,0,0,0,0,0,0,0,0,0,0,0,0,0,0,0,0,0,0,0,0,0,0,0,0,0,0,0,0,0,0,0,0,0,0,0,0,0,0,0,0,0,0,0,0,0,0,0,0,0,0,0,0,0,0,0,0,0,0,0,0,0,0,0,0,0,0,0,0,0,0,0,0,0,0,0,0,0,0,0,0,0,0,0,0,0,0,0,0,0,0,0,0,0,0,0,0,0,0,0,0,0,0,0,0,0,0,0,0,0,0,0,0,0,0,0,0,0,0,0,0,0,0,0,0,0,0,0,0,0,0,0,0,0,0,0,0,0,0,0,0,0,0,0,0,0,0,0,0,0,0,0,0,0,0,0,0,0,0,0,0,0,0,0,0,1,0,0,0,0,0,0,0,0,0,0,1,0,0,0,0,0,1,0,0,0,0,0,0,0,0,0,0,0,0,0,0,0,0,0,0,0,0,0,0,0,0,0,0,0,0,0,0,0,0,0,0,0,0,0,0,0,0,0,0,0,0,0,0,0,0
k__Eukaryota;p__Mucoromycota;c__Glomeromycetes;o__Diversisporales;f__Gigasporaceae;g__Racocetra;s__Racocetra coralloidea,Racocetra,0,0,0,0,0,0,0,0,0,0,0,0,0,0,0,0,0,0,0,0,0,0,0,0,0,0,0,0,0,0,0,0,0,0,0,1,0,0,0,0,0,0,0,0,0,0,0,0,0,0,0,0,0,0,0,0,0,0,0,0,0,0,0,0,0,0,0,0,0,0,1,0,0,0,0,0,0,0,0,0,0,0,0,0,0,0,0,0,0,0,0,0,0,0,0,0,0,0,0,0,0,0,0,0,0,0,0,0,0,0,0,0,0,0,0,0,0,0,0,0,1,0,0,0,0,0,0,0,0,0,0,0,0,0,0,0,0,0,0,0,0,0,0,0,0,0,0,0,0,0,0,0,0,0,0,0,0,0,0,0,0,0,0,0,0,0,0,0,0,0,0,0,0,0,0,0,0,2,0,0,0,0,0,0,0,0,0,0,0,0,0,0,0,0,0,0,0,0,0,0,0,0,0,0,0,0,0,0,0,0,0,0,0,0,0,0,0,0,0,0,0,0,0,0,0,0,1,0,0,0,0,0,0,0,0,0,0,0,0,0,0,0,0,0,0,0,0,0,0,0,0,0,0,0,0,0,0,0,0,0,0,0,0,0,0,0,0,0,0,0,0,0,0,0,0,0,0,0,0,0,0,0,0,0,0,0,0,0,0,0,0,0,0,0,0,0,0,0,0,0,0,0,0,0,0,0,0,0,0,0,0,0,0,0
k__Eukaryota;p__Mucoromycota;c__Glomeromycetes;o__Glomerales;f__Glomeraceae;g__Dominikia;s__Dominikia aurea,Dominikia,0,0,0,0,0,0,0,0,0,0,0,0,0,0,0,0,0,0,0,0,0,0,0,4,0,0,0,0,0,0,0,0,0,0,0,0,0,0,0,0,0,0,0,0,0,0,0,0,0,0,0,0,0,0,0,0,0,0,0,0,0,0,0,0,0,0,0,0,0,0,0,0,0,0,0,0,0,0,0,0,0,0,0,0,0,0,0,0,0,0,0,0,0,0,0,0,0,0,0,0,0,0,0,0,0,0,0,0,0,0,0,0,0,0,0,0,0,0,0,0,0,0,0,0,0,0,0,0,0,0,0,0,0,0,0,0,0,0,0,0,0,0,0,0,0,1,0,0,0,0,0,0,0,0,0,0,0,0,0,0,0,0,0,0,0,0,0,0,0,0,0,0,0,0,0,0,0,0,0,0,0,0,0,0,0,0,0,0,0,0,0,0,0,0,0,0,0,0,0,0,0,0,0,0,0,0,0,0,0,0,0,0,0,0,0,0,0,0,0,0,0,0,0,0,0,0,0,0,0,0,0,0,0,0,0,0,0,0,0,0,0,0,0,0,0,0,0,0,0,0,0,0,0,0,0,0,0,0,0,0,0,0,0,0,0,0,0,0,0,0,0,0,0,0,0,0,0,0,0,0,0,0,0,0,0,0,0,0,0,0,0,0,0,0,0,0,0,0,0,0,0,0,0,0,0,0,0,0,0,0,0,0,0,0
k__Eukaryota;p__Mucoromycota;c__Glomeromycetes;o__Diversisporales;f__Gigasporaceae;g__Racocetra;s__Racocetra castanea,Racocetra,0,0,0,0,0,0,0,0,0,0,0,0,0,0,0,0,0,0,0,0,0,0,0,0,0,0,0,0,0,0,0,0,0,0,0,0,0,0,0,1,0,0,0,0,0,0,0,0,0,0,0,0,0,0,0,0,0,0,0,0,0,0,0,0,0,0,0,0,0,0,0,0,0,0,0,0,0,0,0,0,0,0,0,0,0,0,2,0,0,0,0,0,0,0,0,0,0,0,0,0,0,0,0,0,0,0,0,0,0,0,0,0,0,0,0,0,0,0,0,0,0,0,0,0,0,0,0,0,0,0,0,0,0,0,0,0,0,0,0,0,0,0,0,0,0,0,0,0,0,0,0,0,0,0,0,0,0,0,0,0,0,0,0,0,0,0,0,0,0,0,0,0,0,0,0,0,0,0,0,0,0,0,0,0,1,0,0,0,0,0,0,0,0,0,0,0,0,0,0,0,0,0,0,0,0,0,0,0,0,0,0,0,0,0,0,0,0,0,0,0,0,0,0,0,0,0,0,0,0,0,0,0,0,0,0,0,0,0,0,0,0,0,1,0,0,0,0,0,0,0,0,0,0,0,0,0,0,0,0,0,0,0,0,0,0,0,0,0,0,0,0,0,0,0,0,0,0,0,0,0,0,0,0,0,0,0,0,0,0,0,0,0,0,0,0,0,0,0,0,0,0,0,0,0,0,0,0,0,0,0,0,0,0,0
k__Eukaryota;p__Mucoromycota;c__Glomeromycetes;o__Diversisporales;f__Pacisporaceae;g__Pacispora;s__Pacispora scintillans,Pacispora,0,0,0,0,0,0,0,0,0,0,0,0,0,0,0,0,0,0,0,0,0,0,0,0,0,0,0,0,0,0,0,0,0,0,0,0,0,0,0,0,0,0,0,0,0,0,0,0,0,0,0,0,0,0,0,0,0,0,0,0,0,0,0,0,0,0,0,0,0,0,0,0,0,0,0,0,0,0,0,0,0,0,0,0,0,0,0,0,0,0,0,0,0,0,0,0,0,0,0,0,0,0,0,0,0,0,0,0,0,0,0,0,0,0,0,0,0,0,0,0,0,0,0,0,0,0,0,0,0,0,0,0,0,0,0,0,0,0,0,0,0,0,0,0,0,0,0,3,0,0,0,0,0,0,0,0,0,0,0,0,0,0,0,0,0,0,0,0,0,0,0,0,0,0,0,0,0,0,0,0,0,0,0,0,0,0,0,0,0,0,1,0,0,0,0,0,0,0,0,0,0,0,0,0,0,0,0,0,0,0,0,0,0,0,0,0,0,0,0,0,0,0,0,0,0,0,0,0,0,0,0,0,0,0,0,0,0,0,0,0,0,0,1,0,0,0,0,0,0,0,0,0,0,0,0,0,0,0,0,0,0,0,0,0,0,0,0,0,0,0,0,0,0,0,0,0,0,0,0,0,0,0,0,0,0,0,0,0,0,0,0,0,0,0,0,0,0,0,0,0,0,0,0,0,0,0,0,0,0,0,0,0,0,0
k__Eukaryota;p__Mucoromycota;c__Glomeromycetes;o__Glomerales;f__Glomeraceae;g__Rhizoglomus;s__Rhizoglomus dunense,Rhizoglomus,0,0,0,0,0,0,0,0,0,0,0,0,0,0,0,0,0,0,0,0,0,0,0,0,0,0,0,0,2,0,0,0,0,0,0,0,0,0,0,0,0,0,0,0,0,0,0,0,0,0,0,0,0,0,0,0,0,0,0,0,0,0,0,0,0,0,0,0,0,0,0,0,0,0,0,0,0,0,0,0,0,0,0,0,0,0,0,0,0,0,0,0,0,0,0,0,0,0,0,0,0,0,0,0,0,0,0,0,0,0,0,0,0,0,0,0,0,0,0,0,0,0,0,0,0,0,0,0,0,0,0,0,0,0,0,0,0,0,0,0,0,0,0,0,0,0,0,0,0,0,0,0,0,0,0,0,0,0,0,0,0,0,0,0,0,0,0,0,0,0,0,0,0,0,0,0,0,0,0,0,0,0,0,0,0,0,0,0,0,0,0,0,0,0,0,0,0,0,0,0,0,0,0,0,0,0,0,0,0,0,0,0,0,0,0,0,0,0,0,0,0,0,0,0,0,0,0,0,0,0,0,0,0,0,0,0,0,0,0,0,0,0,0,0,0,0,0,0,0,0,0,0,0,0,0,0,0,0,0,0,0,1,0,0,0,0,0,0,0,0,0,0,0,0,0,0,0,0,0,0,0,0,0,0,0,0,1,0,0,0,0,0,0,0,0,0,0,0,0,0,0,0,0,0,0,0,0,0,0,0,0,0,0,0
k__Eukaryota;p__Mucoromycota;c__Glomeromycetes;o__Diversisporales;f__Gigasporaceae;g__Scutellospora;s__Scutellospora dipurpurescens,Scutellospora,0,0,0,0,0,0,0,0,0,0,0,0,0,0,0,0,0,0,0,0,0,0,0,0,0,0,0,0,0,0,0,0,0,0,0,0,0,0,0,0,0,0,0,0,0,0,0,0,0,0,0,0,0,0,0,0,0,0,0,0,0,0,0,0,0,0,0,0,0,0,0,0,0,0,0,0,0,0,0,0,0,0,0,1,0,0,0,0,0,0,0,0,0,0,0,0,0,0,0,0,0,0,0,0,0,0,0,0,0,0,0,0,0,0,0,0,0,0,0,0,0,0,0,0,0,0,0,0,0,0,0,0,0,0,0,0,0,0,0,0,0,0,0,0,1,0,0,0,0,0,0,0,0,0,0,0,0,0,0,0,0,0,0,0,0,0,0,0,0,0,0,0,0,0,0,0,0,0,0,0,0,0,0,0,0,0,0,0,0,0,0,0,0,0,0,0,0,0,0,0,0,0,0,0,0,0,0,0,0,0,0,0,0,0,0,0,0,0,0,0,0,0,0,0,0,0,0,0,0,0,0,0,0,0,0,0,0,0,0,1,1,0,0,0,0,0,0,0,0,0,0,0,0,0,0,0,0,0,0,0,0,0,0,0,0,0,0,0,0,0,0,0,0,0,0,0,0,0,0,0,0,0,0,0,0,0,0,0,0,0,0,0,0,0,0,0,0,0,0,0,0,0,0,0,0,0,0,0,0,0,0,0,0,0
k__Eukaryota;p__Mucoromycota;c__Glomeromycetes;o__Diversisporales;f__Gigasporaceae;g__Racocetra;s__Racocetra verrucosa,Racocetra,0,0,0,0,0,0,0,0,0,0,0,0,0,0,0,0,0,0,0,0,0,0,0,0,0,0,0,0,0,0,0,0,0,0,0,1,0,0,0,0,0,0,0,0,0,0,0,0,0,0,0,0,0,0,0,0,0,0,0,0,0,0,0,0,0,0,0,0,0,0,0,0,0,0,0,0,0,0,0,0,0,0,0,0,0,0,0,0,0,0,0,0,0,0,0,0,0,0,0,0,0,0,0,0,0,0,0,0,0,0,0,0,0,0,0,0,0,1,0,0,0,0,0,0,0,0,0,0,0,0,0,0,0,0,0,0,0,0,0,0,0,0,0,0,0,0,0,0,0,0,0,0,0,0,0,0,0,0,0,0,0,0,0,0,0,0,0,0,0,0,0,0,0,0,0,0,0,1,0,0,0,0,0,0,0,0,0,0,0,0,0,0,0,0,0,0,0,0,0,0,0,0,0,0,0,0,0,0,0,0,0,0,0,0,0,0,0,0,0,0,0,0,0,0,0,0,0,0,0,0,0,0,0,0,0,0,0,0,0,0,0,0,0,0,0,0,0,0,0,0,0,0,0,0,0,0,0,0,0,0,0,0,0,0,0,0,0,0,0,0,0,0,0,0,0,0,0,0,0,0,0,0,0,0,0,0,0,0,0,0,0,0,0,0,0,0,0,0,0,0,0,0,0,0,0,0,0,0,0,0,0,0,0,0
k__Eukaryota;p__Mucoromycota;c__Glomeromycetes;o__Diversisporales;f__Acaulosporaceae;g__Acaulospora;s__Acaulospora lacunosa,Acaulospora,0,0,0,0,0,0,0,0,0,0,0,0,0,0,0,0,0,0,0,0,0,0,0,0,0,0,0,0,0,0,0,0,0,0,0,0,0,0,0,0,0,0,0,0,0,0,0,0,0,0,0,0,0,0,0,0,0,0,0,0,0,0,0,0,0,0,0,0,0,0,0,0,0,1,0,0,0,0,0,0,0,0,0,0,1,0,0,0,0,0,0,0,0,0,0,0,0,0,0,0,0,0,0,0,0,0,0,0,0,0,0,0,0,0,0,0,0,0,0,0,0,0,0,0,0,0,0,0,0,0,0,0,0,0,0,0,0,0,0,0,0,0,0,0,0,0,0,0,0,0,0,0,0,0,0,0,0,0,0,0,0,0,0,0,0,0,0,0,0,0,0,0,0,0,0,0,0,0,0,0,0,0,0,0,0,0,0,0,0,0,0,0,0,0,0,0,0,0,0,0,0,0,0,0,0,0,0,0,0,0,0,0,0,0,0,0,0,0,0,0,0,0,0,0,0,0,0,0,0,1,0,0,0,0,0,0,0,0,0,0,0,0,0,0,0,0,0,0,0,0,0,0,0,0,0,0,0,0,0,0,0,0,0,0,0,0,0,0,0,0,0,0,0,0,0,0,0,0,0,0,0,0,0,0,0,0,0,0,0,0,0,0,0,0,0,0,0,0,0,0,0,0,0,0,0,0,0,0,0,0,0,0,0,0
k__Eukaryota;p__Mucoromycota;c__Glomeromycetes;o__Glomerales;f__Glomeraceae;g__Funneliformis;s__Funneliformis fragilistratum,Funneliformis,0,0,0,0,0,0,0,0,0,0,0,0,0,0,0,0,0,0,0,0,0,0,0,0,0,0,0,0,0,0,0,0,0,0,0,0,0,0,0,0,0,0,0,0,0,0,0,0,0,0,0,0,0,0,0,0,0,0,0,0,0,0,0,0,0,0,0,0,0,0,0,0,0,0,0,0,0,0,0,0,0,0,0,0,0,0,0,0,0,0,0,0,0,0,0,0,0,0,0,0,0,0,0,0,0,0,0,0,0,0,0,0,0,0,0,0,0,0,0,0,0,0,0,0,0,0,0,0,0,0,0,0,0,0,0,0,0,1,0,0,0,0,0,0,0,1,0,0,0,0,0,0,0,0,0,0,0,0,0,0,0,0,0,0,0,0,0,0,0,0,0,0,0,0,0,0,0,1,0,0,0,0,0,0,0,0,0,0,0,0,0,0,0,0,0,0,0,0,0,0,0,0,0,0,0,0,0,0,0,0,0,0,0,0,0,0,0,0,0,0,0,0,0,0,0,0,0,0,0,0,0,0,0,0,0,0,0,0,0,0,0,0,0,0,0,0,0,0,0,0,0,0,0,0,0,0,0,0,0,0,0,0,0,0,0,0,0,0,0,0,0,0,0,0,0,0,0,0,0,0,0,0,0,0,0,0,0,0,0,0,0,0,0,0,0,0,0,0,0,0,0,0,0,0,0,0,0,0,0,0,0,0,0,0
k__Eukaryota;p__Mucoromycota;c__Glomeromycetes;o__Glomerales;f__Glomeraceae;g__Dominikia;s__Dominikia duoreactiva,Dominikia,0,0,0,0,0,0,0,0,0,0,0,0,1,0,0,1,0,0,0,0,0,0,0,0,0,0,0,0,0,0,0,0,0,0,0,0,0,0,0,0,0,0,0,0,0,0,0,0,0,0,0,0,0,0,0,0,0,0,0,0,0,0,0,0,0,0,0,0,0,0,0,0,0,0,0,0,0,0,0,0,0,0,0,0,0,0,0,0,0,0,0,0,0,0,0,0,0,0,0,0,0,0,0,0,0,0,0,0,0,0,0,0,0,0,0,0,0,0,0,0,0,0,0,0,0,0,0,0,0,0,0,0,0,0,0,0,0,0,0,0,0,0,0,0,0,0,0,0,0,0,0,0,0,0,0,0,0,0,0,0,0,0,0,0,0,0,0,0,0,0,0,0,0,0,0,0,0,0,0,0,0,0,0,0,0,0,0,0,0,0,0,0,0,0,0,0,0,0,0,0,0,0,0,0,0,0,0,0,0,0,0,0,0,0,0,0,0,0,0,0,0,0,0,0,0,0,0,0,0,0,0,0,0,0,0,0,0,0,0,0,0,0,0,0,0,0,0,0,0,0,0,0,0,0,0,0,0,0,0,0,0,0,0,0,0,0,0,0,0,0,0,0,0,0,0,0,0,0,0,0,0,0,0,0,0,0,0,0,0,0,0,0,0,0,0,0,0,0,0,0,0,0,0,0,0,0,0,0,0,0,0,0,0,0
k__Eukaryota;p__Mucoromycota;c__Glomeromycetes;o__Glomerales;f__Glomeraceae;g__Microdominikia;s__Microdominikia litorea,Microdominikia,0,0,0,0,0,0,0,0,0,0,0,0,0,0,0,0,0,0,0,0,0,0,0,2,0,0,0,0,0,0,0,0,0,0,0,0,0,0,0,0,0,0,0,0,0,0,0,0,0,0,0,0,0,0,0,0,0,0,0,0,0,0,0,0,0,0,0,0,0,0,0,0,0,0,0,0,0,0,0,0,0,0,0,0,0,0,0,0,0,0,0,0,0,0,0,0,0,0,0,0,0,0,0,0,0,0,0,0,0,0,0,0,0,0,0,0,0,0,0,0,0,0,0,0,0,0,0,0,0,0,0,0,0,0,0,0,0,0,0,0,0,0,0,0,0,0,0,0,0,0,0,0,0,0,0,0,0,0,0,0,0,0,0,0,0,0,0,0,0,0,0,0,0,0,0,0,0,0,0,0,0,0,0,0,0,0,0,0,0,0,0,0,0,0,0,0,0,0,0,0,0,0,0,0,0,0,0,0,0,0,0,0,0,0,0,0,0,0,0,0,0,0,0,0,0,0,0,0,0,0,0,0,0,0,0,0,0,0,0,0,0,0,0,0,0,0,0,0,0,0,0,0,0,0,0,0,0,0,0,0,0,0,0,0,0,0,0,0,0,0,0,0,0,0,0,0,0,0,0,0,0,0,0,0,0,0,0,0,0,0,0,0,0,0,0,0,0,0,0,0,0,0,0,0,0,0,0,0,0,0,0,0,0,0
k__Eukaryota;p__Mucoromycota;c__Glomeromycetes;o__Diversisporales;f__Gigasporaceae;g__Gigaspora;s__Gigaspora albida,Gigaspora,0,0,0,0,0,0,0,0,0,0,0,0,0,0,0,0,0,0,0,0,0,0,0,0,0,0,0,0,0,0,0,0,0,0,0,0,0,1,0,0,0,0,0,0,0,0,0,0,0,0,0,0,0,0,0,0,0,0,0,0,0,0,0,0,0,0,0,0,0,0,0,0,0,0,0,0,0,0,0,0,0,0,0,0,0,0,0,0,0,0,0,0,0,0,0,0,0,0,0,0,0,0,0,0,0,0,0,0,0,0,0,0,0,0,0,0,0,0,0,0,0,0,0,0,0,0,0,0,0,0,0,0,0,0,1,0,0,0,0,0,0,0,0,0,0,0,0,0,0,0,0,0,0,0,0,0,0,0,0,0,0,0,0,0,0,0,0,0,0,0,0,0,0,0,0,0,0,0,0,0,0,0,0,0,0,0,0,0,0,0,0,0,0,0,0,0,0,0,0,0,0,0,0,0,0,0,0,0,0,0,0,0,0,0,0,0,0,0,0,0,0,0,0,0,0,0,0,0,0,0,0,0,0,0,0,0,0,0,0,0,0,0,0,0,0,0,0,0,0,0,0,0,0,0,0,0,0,0,0,0,0,0,0,0,0,0,0,0,0,0,0,0,0,0,0,0,0,0,0,0,0,0,0,0,0,0,0,0,0,0,0,0,0,0,0,0,0,0,0,0,0,0,0,0,0,0,0,0,0,0,0,0,0,0
k__Eukaryota;p__Mucoromycota;c__Glomeromycetes;o__Glomerales;f__Glomeraceae;g__Septoglomus;s__Septoglomus deserticola,Septoglomus,0,0,0,0,0,0,0,0,0,0,0,0,0,0,0,0,0,0,0,0,0,0,0,0,0,0,0,0,0,0,0,0,0,0,0,0,0,0,0,0,0,0,0,0,0,0,0,0,0,0,0,0,0,0,0,0,0,0,0,0,0,0,0,0,0,0,0,0,0,0,0,0,0,0,0,0,0,0,0,0,0,0,0,0,0,0,0,0,0,0,0,0,0,0,0,0,0,0,0,0,0,0,0,0,1,0,0,0,0,0,0,0,0,0,0,0,0,0,0,0,0,0,0,0,0,0,0,0,0,0,0,0,0,0,0,0,0,0,0,0,0,0,0,0,0,0,0,0,0,0,0,0,0,0,0,0,0,0,0,0,0,0,0,0,0,0,0,0,0,0,0,0,0,0,0,0,0,0,0,0,0,0,0,0,0,0,0,0,0,0,0,0,0,0,0,0,0,1,0,0,0,0,0,0,0,0,0,0,0,0,0,0,0,0,0,0,0,0,0,0,0,0,0,0,0,0,0,0,0,0,0,0,0,0,0,0,0,0,0,0,0,0,0,0,0,0,0,0,0,0,0,0,0,0,0,0,0,0,0,0,0,0,0,0,0,0,0,0,0,0,0,0,0,0,0,0,0,0,0,0,0,0,0,0,0,0,0,0,0,0,0,0,0,0,0,0,0,0,0,0,0,0,0,0,0,0,0,0,0,0,0,0,0,0
k__Eukaryota;p__Mucoromycota;c__Glomeromycetes;o__Diversisporales;f__Gigasporaceae;g__Gigaspora;s__Gigaspora gigantea,Gigaspora,0,0,0,0,0,0,0,0,0,0,0,0,0,0,0,0,0,0,0,0,0,0,0,0,0,0,0,0,0,0,0,0,0,0,0,0,0,0,0,0,0,0,0,0,0,0,0,0,0,0,0,0,0,0,0,0,0,0,0,0,0,0,0,0,0,0,0,0,0,0,0,0,0,0,0,0,0,0,0,0,0,0,0,0,0,0,0,0,0,0,0,0,0,0,0,0,0,0,0,0,0,0,0,0,0,0,0,0,0,0,0,0,0,0,0,0,0,0,0,0,0,0,0,0,0,0,0,0,0,0,0,0,0,0,0,0,0,0,0,0,0,0,0,0,1,0,0,0,0,0,0,0,0,0,0,0,0,0,0,0,0,0,0,0,0,0,0,0,0,0,0,0,0,0,0,1,0,0,0,0,0,0,0,0,0,0,0,0,0,0,0,0,0,0,0,0,0,0,0,0,0,0,0,0,0,0,0,0,0,0,0,0,0,0,0,0,0,0,0,0,0,0,0,0,0,0,0,0,0,0,0,0,0,0,0,0,0,0,0,0,0,0,0,0,0,0,0,0,0,0,0,0,0,0,0,0,0,0,0,0,0,0,0,0,0,0,0,0,0,0,0,0,0,0,0,0,0,0,0,0,0,0,0,0,0,0,0,0,0,0,0,0,0,0,0,0,0,0,0,0,0,0,0,0,0,0,0,0,0,0,0,0,0,0
k__Eukaryota;p__Mucoromycota;c__Glomeromycetes;o__Glomerales;f__Claroideoglomeraceae;g__Claroideoglomus;s__Claroideoglomus drummondii,Claroideoglomus,0,0,0,0,0,0,0,0,0,0,0,0,0,0,0,0,0,0,0,0,0,1,0,0,0,0,0,0,0,0,0,0,0,0,0,0,0,0,0,0,0,0,0,0,0,0,0,0,0,0,0,0,0,0,0,0,0,0,0,0,0,0,0,0,0,0,0,0,0,0,0,0,0,0,0,0,0,0,0,0,0,0,0,0,0,0,0,0,0,0,0,0,0,0,0,0,0,0,0,0,0,0,0,0,0,0,0,0,0,0,0,0,0,0,0,0,0,0,0,0,0,0,0,0,0,0,0,0,0,0,0,0,0,0,0,0,0,0,0,0,0,0,0,0,0,0,0,0,0,0,0,0,0,0,0,0,0,0,0,0,0,0,0,0,0,0,0,0,0,0,0,0,0,0,0,0,0,0,0,0,0,0,0,0,0,0,0,0,0,0,0,0,0,0,0,0,0,0,0,0,0,0,0,0,0,0,0,0,0,0,0,0,0,0,0,0,0,0,0,0,0,0,0,0,0,0,0,0,0,0,0,0,0,0,0,0,0,0,0,0,0,0,0,0,0,0,0,0,0,0,0,0,0,0,0,0,0,0,0,0,0,0,0,0,0,0,0,0,0,0,0,0,0,0,0,0,0,0,0,0,0,0,0,0,0,0,0,0,0,0,0,0,0,0,0,0,0,0,0,0,0,0,0,0,0,0,0,0,0,0,0,0,0,0
k__Eukaryota;p__Mucoromycota;c__Glomeromycetes;o__Glomerales;f__Glomeraceae;g__Glomus;s__Glomus atlanticum,Glomus,0,0,0,0,0,0,0,0,0,0,0,0,0,0,0,0,0,0,0,0,0,0,0,0,0,0,0,1,0,0,0,0,0,0,0,0,0,0,0,0,0,0,0,0,0,0,0,0,0,0,0,0,0,0,0,0,0,0,0,0,0,0,0,0,0,0,0,0,0,0,0,0,0,0,0,0,0,0,0,0,0,0,0,0,0,0,0,0,0,0,0,0,0,0,0,0,0,0,0,0,0,0,0,0,0,0,0,0,0,0,0,0,0,0,0,0,0,0,0,0,0,0,0,0,0,0,0,0,0,0,0,0,0,0,0,0,0,0,0,0,0,0,0,0,0,0,0,0,0,0,0,0,0,0,0,0,0,0,0,0,0,0,0,0,0,0,0,0,0,0,0,0,0,0,0,0,0,0,0,0,0,0,0,0,0,0,0,0,0,0,0,0,0,0,0,0,0,0,0,0,0,0,0,0,0,0,0,0,0,0,0,0,0,0,0,0,0,0,0,0,0,0,0,0,0,0,0,0,0,0,0,0,0,0,0,0,0,0,0,0,0,0,0,0,0,0,0,0,0,0,0,0,0,0,0,0,0,0,0,0,0,0,0,0,0,0,0,0,0,0,0,0,0,0,0,0,0,0,0,0,0,0,0,0,0,0,0,0,0,0,0,0,0,0,0,0,0,0,0,0,0,0,0,0,0,0,0,0,0,0,0,0,0,0
k__Eukaryota;p__Mucoromycota;c__Glomeromycetes;o__Archaeosporales;f__Polonosporaceae;g__Polonospora;s__Polonospora polonica,Polonospora,0,0,0,0,0,0,0,0,0,0,0,0,0,0,0,0,0,0,0,0,0,0,0,0,0,0,0,0,0,0,0,0,0,0,0,0,0,0,1,0,0,0,0,0,0,0,0,0,0,0,0,0,0,0,0,0,0,0,0,0,0,0,0,0,0,0,0,0,0,0,0,0,0,0,0,0,0,0,0,0,0,0,0,0,0,0,0,0,0,0,0,0,0,0,0,0,0,0,0,0,0,0,0,0,0,0,0,0,0,0,0,0,0,0,0,0,0,0,0,0,0,0,0,0,0,0,0,0,0,0,0,0,0,0,0,0,0,0,0,0,0,0,0,0,0,0,0,0,0,0,0,0,0,0,0,0,0,0,0,0,0,0,0,0,0,0,0,0,0,0,0,0,0,0,0,0,0,0,0,0,0,0,0,0,0,0,0,0,0,0,0,0,0,0,0,0,0,0,0,0,0,0,0,0,0,0,0,0,0,0,0,0,0,0,0,0,0,0,0,0,0,0,0,0,0,0,0,0,0,0,0,0,0,0,0,0,0,0,0,0,0,0,0,0,0,0,0,0,0,0,0,0,0,0,0,0,0,0,0,0,0,0,0,0,0,0,0,0,0,0,0,0,0,0,0,0,0,0,0,0,0,0,0,0,0,0,0,0,0,0,0,0,0,0,0,0,0,0,0,0,0,0,0,0,0,0,0,0,0,0,0,0,0,0
k__Eukaryota;p__Mucoromycota;c__Glomeromycetes;o__Diversisporales;f__Diversisporaceae;g__Diversispora;s__Diversispora trimurales,Diversispora,0,0,0,0,0,0,0,0,0,0,0,0,0,0,0,0,0,0,0,0,0,0,0,0,0,0,0,0,0,0,0,0,0,0,0,0,0,0,1,0,0,0,0,0,0,0,0,0,0,0,0,0,0,0,0,0,0,0,0,0,0,0,0,0,0,0,0,0,0,0,0,0,0,0,0,0,0,0,0,0,0,0,0,0,0,0,0,0,0,0,0,0,0,0,0,0,0,0,0,0,0,0,0,0,0,0,0,0,0,0,0,0,0,0,0,0,0,0,0,0,0,0,0,0,0,0,0,0,0,0,0,0,0,0,0,0,0,0,0,0,0,0,0,0,0,0,0,0,0,0,0,0,0,0,0,0,0,0,0,0,0,0,0,0,0,0,0,0,0,0,0,0,0,0,0,0,0,0,0,0,0,0,0,0,0,0,0,0,0,0,0,0,0,0,0,0,0,0,0,0,0,0,0,0,0,0,0,0,0,0,0,0,0,0,0,0,0,0,0,0,0,0,0,0,0,0,0,0,0,0,0,0,0,0,0,0,0,0,0,0,0,0,0,0,0,0,0,0,0,0,0,0,0,0,0,0,0,0,0,0,0,0,0,0,0,0,0,0,0,0,0,0,0,0,0,0,0,0,0,0,0,0,0,0,0,0,0,0,0,0,0,0,0,0,0,0,0,0,0,0,0,0,0,0,0,0,0,0,0,0,0,0,0,0
k__Eukaryota;p__Mucoromycota;c__Glomeromycetes;o__Diversisporales;f__Acaulosporaceae;g__Acaulospora;s__Acaulospora kentinensis,Acaulospora,0,0,0,0,0,0,0,0,0,0,0,0,0,0,0,0,0,0,0,0,0,0,0,0,0,0,0,0,0,0,0,0,0,0,0,0,0,0,0,0,0,0,0,0,0,0,0,0,0,0,0,0,0,0,0,0,0,0,0,0,0,0,0,0,0,0,0,0,0,0,0,0,0,0,0,0,0,0,0,0,0,0,0,0,0,0,0,0,0,0,0,0,0,0,0,0,0,0,0,0,0,0,0,0,0,0,0,0,0,0,0,0,0,0,0,0,0,0,0,0,0,0,0,0,0,0,0,0,0,0,0,0,0,0,0,0,0,0,0,0,0,0,0,0,1,0,0,0,0,0,0,0,0,0,0,0,0,0,0,0,0,0,0,0,0,0,0,0,0,0,0,0,0,0,0,0,0,0,0,0,0,0,0,0,0,0,0,0,0,0,0,0,0,0,0,0,0,0,0,0,0,0,0,0,0,0,0,0,0,0,0,0,0,0,0,0,0,0,0,0,0,0,0,0,0,0,0,0,0,0,0,0,0,0,0,0,0,0,0,0,0,0,0,0,0,0,0,0,0,0,0,0,0,0,0,0,0,0,0,0,0,0,0,0,0,0,0,0,0,0,0,0,0,0,0,0,0,0,0,0,0,0,0,0,0,0,0,0,0,0,0,0,0,0,0,0,0,0,0,0,0,0,0,0,0,0,0,0,0,0,0,0,0,0
k__Eukaryota;p__Mucoromycota;c__Glomeromycetes;o__Diversisporales;f__Diversisporaceae;g__Diversispora;s__Diversispora peridiata,Diversispora,0,0,0,0,0,0,0,0,0,0,0,0,0,0,0,0,0,0,0,0,0,0,0,0,0,0,0,0,0,0,0,0,0,0,0,0,0,0,0,0,0,0,0,0,0,0,0,0,0,0,0,0,0,0,0,0,0,0,0,0,0,0,0,0,0,0,0,0,0,0,0,0,0,0,0,0,0,0,0,0,0,0,0,0,0,0,0,0,0,0,0,0,0,0,0,0,0,0,0,0,0,0,0,0,0,0,0,0,0,0,0,0,0,0,0,0,0,0,0,0,0,0,0,0,0,0,0,0,0,0,0,0,0,0,0,0,0,0,0,0,0,0,0,0,0,0,0,0,0,0,0,0,0,0,0,0,0,0,0,0,0,0,0,0,0,0,0,0,0,0,1,0,0,0,0,0,0,0,0,0,0,0,0,0,0,0,0,0,0,0,0,0,0,0,0,0,0,0,0,0,0,0,0,0,0,0,0,0,0,0,0,0,0,0,0,0,0,0,0,0,0,0,0,0,0,0,0,0,0,0,0,0,0,0,0,0,0,0,0,0,0,0,0,0,0,0,0,0,0,0,0,0,0,0,0,0,0,0,0,0,0,0,0,0,0,0,0,0,0,0,0,0,0,0,0,0,0,0,0,0,0,0,0,0,0,0,0,0,0,0,0,0,0,0,0,0,0,0,0,0,0,0,0,0,0,0,0,0,0,0,0,0,0,0
