AMF_induced_gene,Module_all,Module1,Module3,Module4
Sobic.001G005100,Sobic.001G009200,Sobic.001G009200,Sobic.001G002800,Sobic.001G005100
Sobic.010G204000,Sobic.001G026000,Sobic.001G026000,Sobic.001G004600,Sobic.001G011700
Sobic.003G232200,Sobic.001G027900,Sobic.001G027900,Sobic.001G008400,Sobic.001G022700
Sobic.001G005700,Sobic.001G030400,Sobic.001G030400,Sobic.001G008900,Sobic.001G032900
Sobic.002G174801,Sobic.001G035600,Sobic.001G035600,Sobic.001G014200,Sobic.001G034900
Sobic.006G026800,Sobic.001G039800,Sobic.001G039800,Sobic.001G021500,Sobic.001G044300
Sobic.004G162700,Sobic.001G052000,Sobic.001G052000,Sobic.001G023500,Sobic.001G048000
Sobic.004G286800,Sobic.001G062300,Sobic.001G062300,Sobic.001G025500,Sobic.001G048900
Sobic.002G116600,Sobic.001G071000,Sobic.001G071000,Sobic.001G029500,Sobic.001G062132
Sobic.006G111400,Sobic.001G074800,Sobic.001G074800,Sobic.001G029800,Sobic.001G099300
Sobic.004G022700,Sobic.001G074900,Sobic.001G074900,Sobic.001G030600,Sobic.001G099400
Sobic.004G022300,Sobic.001G077000,Sobic.001G077000,Sobic.001G033300,Sobic.001G102300
Sobic.003G431900,Sobic.001G079900,Sobic.001G079900,Sobic.001G038300,Sobic.001G105500
Sobic.003G378100,Sobic.001G087700,Sobic.001G087700,Sobic.001G040500,Sobic.001G109000
Sobic.003G383900,Sobic.001G089100,Sobic.001G089100,Sobic.001G046400,Sobic.001G139700
Sobic.001G174200,Sobic.001G095500,Sobic.001G095500,Sobic.001G047900,Sobic.001G144900
Sobic.002G229400,Sobic.001G107600,Sobic.001G107600,Sobic.001G049600,Sobic.001G156000
Sobic.002G229300,Sobic.001G131700,Sobic.001G131700,Sobic.001G050200,Sobic.001G160500
Sobic.003G184000,Sobic.001G134800,Sobic.001G134800,Sobic.001G054600,Sobic.001G162700
Sobic.003G183850,Sobic.001G136400,Sobic.001G136400,Sobic.001G059900,Sobic.001G173600
Sobic.005G146400,Sobic.001G139200,Sobic.001G139200,Sobic.001G063500,Sobic.001G174300
Sobic.005G146900,Sobic.001G142800,Sobic.001G142800,Sobic.001G066100,Sobic.001G174500
Sobic.004G185300,Sobic.001G151800,Sobic.001G151800,Sobic.001G069700,Sobic.001G180800
Sobic.010G164100,Sobic.001G154500,Sobic.001G154500,Sobic.001G073150,Sobic.001G181600
Sobic.003G317800,Sobic.001G156600,Sobic.001G156600,Sobic.001G074000,Sobic.001G182100
Sobic.003G317900,Sobic.001G173500,Sobic.001G173500,Sobic.001G074100,Sobic.001G193300
Sobic.007G125400,Sobic.001G175500,Sobic.001G175500,Sobic.001G075400,Sobic.001G194000
Sobic.003G318200,Sobic.001G184100,Sobic.001G184100,Sobic.001G076800,Sobic.001G194300
Sobic.003G318100,Sobic.001G184300,Sobic.001G184300,Sobic.001G077200,Sobic.001G203000
Sobic.010G128800,Sobic.001G192100,Sobic.001G192100,Sobic.001G078600,Sobic.001G205800
Sobic.003G226900,Sobic.001G194600,Sobic.001G194600,Sobic.001G080600,Sobic.001G209000
Sobic.010G129000,Sobic.001G200700,Sobic.001G200700,Sobic.001G081200,Sobic.001G209500
Sobic.005G085700,Sobic.001G218400,Sobic.001G218400,Sobic.001G083500,Sobic.001G210101
Sobic.007G047200,Sobic.001G222400,Sobic.001G222400,Sobic.001G085500,Sobic.001G210200
Sobic.006G022800,Sobic.001G228200,Sobic.001G228200,Sobic.001G086000,Sobic.001G210250
Sobic.010G113600,Sobic.001G235500,Sobic.001G235500,Sobic.001G088400,Sobic.001G210500
Sobic.006G023400,Sobic.001G236400,Sobic.001G236400,Sobic.001G090400,Sobic.001G210600
Sobic.006G023900,Sobic.001G247200,Sobic.001G247200,Sobic.001G094800,Sobic.001G211000
Sobic.002G135500,Sobic.001G249000,Sobic.001G249000,Sobic.001G102500,Sobic.001G211101
Sobic.002G135700,Sobic.001G249300,Sobic.001G249300,Sobic.001G103000,Sobic.001G211200
Sobic.001G180800,Sobic.001G268200,Sobic.001G268200,Sobic.001G104500,Sobic.001G216500
Sobic.006G116900,Sobic.001G280000,Sobic.001G280000,Sobic.001G107100,Sobic.001G218200
Sobic.007G163500,Sobic.001G295600,Sobic.001G295600,Sobic.001G107200,Sobic.001G218500
Sobic.003G240000,Sobic.001G297600,Sobic.001G297600,Sobic.001G108100,Sobic.001G221400
Sobic.002G044600,Sobic.001G305800,Sobic.001G305800,Sobic.001G108500,Sobic.001G222600
Sobic.007G132300,Sobic.001G306000,Sobic.001G306000,Sobic.001G109700,Sobic.001G226600
Sobic.007G095100,Sobic.001G314400,Sobic.001G314400,Sobic.001G116000,Sobic.001G226700
Sobic.010G191700,Sobic.001G316000,Sobic.001G316000,Sobic.001G116900,Sobic.001G227800
Sobic.001G273600,Sobic.001G318200,Sobic.001G318200,Sobic.001G121900,Sobic.001G233400
Sobic.001G311900,Sobic.001G320700,Sobic.001G320700,Sobic.001G130700,Sobic.001G233700
Sobic.003G326000,Sobic.001G331200,Sobic.001G331200,Sobic.001G131800,Sobic.001G253700
Sobic.007G138600,Sobic.001G340200,Sobic.001G340200,Sobic.001G131900,Sobic.001G265000
Sobic.004G021500,Sobic.001G354100,Sobic.001G354100,Sobic.001G138000,Sobic.001G273600
Sobic.002G109800,Sobic.001G366100,Sobic.001G366100,Sobic.001G140000,Sobic.001G274600
Sobic.002G109700,Sobic.001G366800,Sobic.001G366800,Sobic.001G140600,Sobic.001G288500
Sobic.002G109900,Sobic.001G381500,Sobic.001G381500,Sobic.001G143200,Sobic.001G305350
Sobic.003G370400,Sobic.001G384100,Sobic.001G384100,Sobic.001G146000,Sobic.001G307000
Sobic.001G210900,Sobic.001G386600,Sobic.001G386600,Sobic.001G147900,Sobic.001G310800
Sobic.001G211000,Sobic.001G388100,Sobic.001G388100,Sobic.001G148200,Sobic.001G311900
Sobic.006G014800,Sobic.001G390800,Sobic.001G390800,Sobic.001G154200,Sobic.001G318300
Sobic.002G135400,Sobic.001G395400,Sobic.001G395400,Sobic.001G155700,Sobic.001G318600
Sobic.001G099300,Sobic.001G397500,Sobic.001G397500,Sobic.001G157100,Sobic.001G321900
Sobic.002G234500,Sobic.001G404500,Sobic.001G404500,Sobic.001G158200,Sobic.001G322500
Sobic.002G238100,Sobic.001G408800,Sobic.001G408800,Sobic.001G161500,Sobic.001G331301
Sobic.010G126700,Sobic.001G412800,Sobic.001G412800,Sobic.001G161601,Sobic.001G334001
Sobic.003G243400,Sobic.001G433200,Sobic.001G433200,Sobic.001G162400,Sobic.001G337400
Sobic.001G378700,Sobic.001G437801,Sobic.001G437801,Sobic.001G169900,Sobic.001G339600
Sobic.001G156000,Sobic.001G444700,Sobic.001G444700,Sobic.001G177900,Sobic.001G343100
Sobic.009G052901,Sobic.001G447600,Sobic.001G447600,Sobic.001G179100,Sobic.001G349000
Sobic.004G196500,Sobic.001G472800,Sobic.001G472800,Sobic.001G189000,Sobic.001G350200
Sobic.009G108300,Sobic.001G475900,Sobic.001G475900,Sobic.001G191300,Sobic.001G354400
Sobic.008G151900,Sobic.001G480800,Sobic.001G480800,Sobic.001G192700,Sobic.001G354800
Sobic.002G229000,Sobic.001G492000,Sobic.001G492000,Sobic.001G196000,Sobic.001G357900
Sobic.005G053950,Sobic.001G496800,Sobic.001G496800,Sobic.001G201000,Sobic.001G367700
Sobic.007G117200,Sobic.001G497700,Sobic.001G497700,Sobic.001G205000,Sobic.001G378700
Sobic.008G091500,Sobic.001G498000,Sobic.001G498000,Sobic.001G216800,Sobic.001G390200
Sobic.001G343100,Sobic.001G502700,Sobic.001G502700,Sobic.001G222900,Sobic.001G391300
Sobic.008G106200,Sobic.001G505100,Sobic.001G505100,Sobic.001G224300,Sobic.001G395900
Sobic.004G075400,Sobic.001G508200,Sobic.001G508200,Sobic.001G230300,Sobic.001G396900
Sobic.008G180500,Sobic.001G508700,Sobic.001G508700,Sobic.001G231200,Sobic.001G405800
Sobic.001G022700,Sobic.001G526800,Sobic.001G526800,Sobic.001G232000,Sobic.001G409400
Sobic.008G130200,Sobic.001G536400,Sobic.001G536400,Sobic.001G240500,Sobic.001G424132
Sobic.002G342901,Sobic.001G543700,Sobic.001G543700,Sobic.001G250100,Sobic.001G425600
Sobic.010G127600,Sobic.001G544400,Sobic.001G544400,Sobic.001G261448,Sobic.001G426800
Sobic.005G156850,Sobic.002G000400,Sobic.002G000400,Sobic.001G261545,Sobic.001G430600
Sobic.003G295500,Sobic.002G003500,Sobic.002G003500,Sobic.001G261549,Sobic.001G451500
Sobic.001G054000,Sobic.002G008300,Sobic.002G008300,Sobic.001G262500,Sobic.001G454000
Sobic.004G068700,Sobic.002G010100,Sobic.002G010100,Sobic.001G263300,Sobic.001G456100
Sobic.002G065400,Sobic.002G011500,Sobic.002G011500,Sobic.001G267800,Sobic.001G461500
Sobic.009G152300,Sobic.002G016200,Sobic.002G016200,Sobic.001G276800,Sobic.001G471100
Sobic.006G117600,Sobic.002G023000,Sobic.002G023000,Sobic.001G285200,Sobic.001G508400
Sobic.008G067200,Sobic.002G034500,Sobic.002G034500,Sobic.001G293100,Sobic.001G512100
Sobic.004G022600,Sobic.002G035200,Sobic.002G035200,Sobic.001G294400,Sobic.001G514900
Sobic.001G209000,Sobic.002G056300,Sobic.002G056300,Sobic.001G295900,Sobic.001G515700
Sobic.005G054900,Sobic.002G067300,Sobic.002G067300,Sobic.001G296100,Sobic.001G516000
Sobic.001G160500,Sobic.002G072300,Sobic.002G072300,Sobic.001G298600,Sobic.001G543000
Sobic.010G184500,Sobic.002G081700,Sobic.002G081700,Sobic.001G299600,Sobic.002G009600
Sobic.004G166000,Sobic.002G083200,Sobic.002G083200,Sobic.001G300400,Sobic.002G041100
Sobic.010G126500,Sobic.002G086800,Sobic.002G086800,Sobic.001G300500,Sobic.002G044100
Sobic.006G272400,Sobic.002G095400,Sobic.002G095400,Sobic.001G302300,Sobic.002G044600
Sobic.006G096000,Sobic.002G104400,Sobic.002G104400,Sobic.001G302900,Sobic.002G061900
Sobic.009G218450,Sobic.002G107600,Sobic.002G107600,Sobic.001G304100,Sobic.002G062000
Sobic.002G206400,Sobic.002G118300,Sobic.002G118300,Sobic.001G304800,Sobic.002G065300
Sobic.002G269900,Sobic.002G121000,Sobic.002G121000,Sobic.001G307600,Sobic.002G065400
Sobic.009G118100,Sobic.002G125800,Sobic.002G125800,Sobic.001G313100,Sobic.002G065900
Sobic.010G251800,Sobic.002G131100,Sobic.002G131100,Sobic.001G320500,Sobic.002G079900
Sobic.005G017700,Sobic.002G137850,Sobic.002G137850,Sobic.001G321000,Sobic.002G109700
Sobic.004G022800,Sobic.002G148900,Sobic.002G148900,Sobic.001G325700,Sobic.002G109800
Sobic.001G062132,Sobic.002G152800,Sobic.002G152800,Sobic.001G334900,Sobic.002G109900
Sobic.006G190700,Sobic.002G158500,Sobic.002G158500,Sobic.001G345100,Sobic.002G110000
Sobic.001G210500,Sobic.002G159700,Sobic.002G159700,Sobic.001G347700,Sobic.002G116600
Sobic.006G027900,Sobic.002G177300,Sobic.002G177300,Sobic.001G351500,Sobic.002G132500
Sobic.006G176300,Sobic.002G179000,Sobic.002G179000,Sobic.001G352700,Sobic.002G135400
Sobic.005G141100,Sobic.002G185500,Sobic.002G185500,Sobic.001G358200,Sobic.002G135500
Sobic.005G123000,Sobic.002G193400,Sobic.002G193400,Sobic.001G361800,Sobic.002G135700
Sobic.009G047600,Sobic.002G207000,Sobic.002G207000,Sobic.001G364200,Sobic.002G141600
Sobic.005G017566,Sobic.002G209100,Sobic.002G209100,Sobic.001G366700,Sobic.002G141800
Sobic.005G214000,Sobic.002G218800,Sobic.002G218800,Sobic.001G368300,Sobic.002G143300
Sobic.002G188000,Sobic.002G225400,Sobic.002G225400,Sobic.001G369200,Sobic.002G153100
Sobic.006G259300,Sobic.002G238500,Sobic.002G238500,Sobic.001G371300,Sobic.002G154900
Sobic.008G134700,Sobic.002G249600,Sobic.002G249600,Sobic.001G373200,Sobic.002G157100
Sobic.005G213766,Sobic.002G249700,Sobic.002G249700,Sobic.001G377700,Sobic.002G165300
Sobic.004G148300,Sobic.002G252300,Sobic.002G252300,Sobic.001G379000,Sobic.002G178101
Sobic.003G342300,Sobic.002G267700,Sobic.002G267700,Sobic.001G379500,Sobic.002G180800
Sobic.004G148400,Sobic.002G267800,Sobic.002G267800,Sobic.001G380700,Sobic.002G183900
Sobic.004G068600,Sobic.002G272500,Sobic.002G272500,Sobic.001G381100,Sobic.002G185800
Sobic.006G107900,Sobic.002G279600,Sobic.002G279600,Sobic.001G384700,Sobic.002G188000
Sobic.003G108100,Sobic.002G281600,Sobic.002G281600,Sobic.001G387000,Sobic.002G188700
Sobic.002G316400,Sobic.002G282500,Sobic.002G282500,Sobic.001G388000,Sobic.002G196000
Sobic.001G288500,Sobic.002G284600,Sobic.002G284600,Sobic.001G389600,Sobic.002G208700
Sobic.002G238200,Sobic.002G288800,Sobic.002G288800,Sobic.001G392200,Sobic.002G215700
Sobic.003G271600,Sobic.002G289400,Sobic.002G289400,Sobic.001G393000,Sobic.002G218200
Sobic.001G274600,Sobic.002G289500,Sobic.002G289500,Sobic.001G397700,Sobic.002G223200
Sobic.002G227800,Sobic.002G299300,Sobic.002G299300,Sobic.001G399200,Sobic.002G227800
Sobic.010G081600,Sobic.002G312600,Sobic.002G312600,Sobic.001G402400,Sobic.002G229000
Sobic.006G249000,Sobic.002G316500,Sobic.002G316500,Sobic.001G403200,Sobic.002G229100
Sobic.009G225700,Sobic.002G326650,Sobic.002G326650,Sobic.001G405000,Sobic.002G229300
Sobic.002G229100,Sobic.002G335400,Sobic.002G335400,Sobic.001G406700,Sobic.002G229400
Sobic.006G000800,Sobic.002G337500,Sobic.002G337500,Sobic.001G407100,Sobic.002G238100
Sobic.010G213900,Sobic.002G338200,Sobic.002G338200,Sobic.001G416000,Sobic.002G238200
Sobic.004G022850,Sobic.002G341500,Sobic.002G341500,Sobic.001G427600,Sobic.002G242500
Sobic.007G042700,Sobic.002G355800,Sobic.002G355800,Sobic.001G428000,Sobic.002G246400
Sobic.006G178300,Sobic.002G366200,Sobic.002G366200,Sobic.001G435700,Sobic.002G269900
Sobic.009G212500,Sobic.002G377200,Sobic.002G377200,Sobic.001G437300,Sobic.002G281500
Sobic.010G268900,Sobic.002G377400,Sobic.002G377400,Sobic.001G437500,Sobic.002G294400
Sobic.002G086500,Sobic.002G382500,Sobic.002G382500,Sobic.001G439000,Sobic.002G297900
Sobic.010G126400,Sobic.002G382700,Sobic.002G382700,Sobic.001G439400,Sobic.002G301600
Sobic.001G349000,Sobic.002G393900,Sobic.002G393900,Sobic.001G442800,Sobic.002G302500
Sobic.006G093700,Sobic.002G400300,Sobic.002G400300,Sobic.001G449500,Sobic.002G311100
Sobic.001G210600,Sobic.002G413700,Sobic.002G413700,Sobic.001G451800,Sobic.002G316400
Sobic.002G218200,Sobic.002G418500,Sobic.002G418500,Sobic.001G452200,Sobic.002G316900
Sobic.006G152900,Sobic.003G007200,Sobic.003G007200,Sobic.001G452900,Sobic.002G321300
Sobic.008G149650,Sobic.003G011400,Sobic.003G011400,Sobic.001G453900,Sobic.002G322800
Sobic.006G080700,Sobic.003G015000,Sobic.003G015000,Sobic.001G455700,Sobic.002G323700
Sobic.003G326200,Sobic.003G016100,Sobic.003G016100,Sobic.001G461200,Sobic.002G327700
Sobic.002G345100,Sobic.003G017700,Sobic.003G017700,Sobic.001G461800,Sobic.002G329100
Sobic.007G039500,Sobic.003G019700,Sobic.003G019700,Sobic.001G463800,Sobic.002G334900
Sobic.002G399400,Sobic.003G022600,Sobic.003G022600,Sobic.001G468000,Sobic.002G336100
Sobic.001G305350,Sobic.003G027200,Sobic.003G027200,Sobic.001G468500,Sobic.002G336700
Sobic.005G112700,Sobic.003G038200,Sobic.003G038200,Sobic.001G470600,Sobic.002G337100
Sobic.002G065900,Sobic.003G040800,Sobic.003G040800,Sobic.001G479600,Sobic.002G342901
Sobic.003G335100,Sobic.003G041600,Sobic.003G041600,Sobic.001G484000,Sobic.002G345100
Sobic.006G178200,Sobic.003G044100,Sobic.003G044100,Sobic.001G488400,Sobic.002G352800
Sobic.005G213832,Sobic.003G052300,Sobic.003G052300,Sobic.001G488900,Sobic.002G354200
Sobic.004G235900,Sobic.003G052900,Sobic.003G052900,Sobic.001G496700,Sobic.002G361300
Sobic.010G172600,Sobic.003G064901,Sobic.003G064901,Sobic.001G505300,Sobic.002G368800
Sobic.005G129650,Sobic.003G065100,Sobic.003G065100,Sobic.001G506700,Sobic.002G375500
Sobic.001G130600,Sobic.003G068600,Sobic.003G068600,Sobic.001G513700,Sobic.002G378000
Sobic.010G069300,Sobic.003G076600,Sobic.003G076600,Sobic.001G518000,Sobic.002G379000
Sobic.004G124800,Sobic.003G076800,Sobic.003G076800,Sobic.001G518300,Sobic.002G379700
Sobic.010G035100,Sobic.003G080900,Sobic.003G080900,Sobic.001G518600,Sobic.002G383500
Sobic.006G242701,Sobic.003G081100,Sobic.003G081100,Sobic.001G522300,Sobic.002G383800
Sobic.001G461500,Sobic.003G097600,Sobic.003G097600,Sobic.001G525600,Sobic.002G384100
Sobic.001G182100,Sobic.003G099100,Sobic.003G099100,Sobic.001G527900,Sobic.002G385500
Sobic.009G150100,Sobic.003G105900,Sobic.003G105900,Sobic.001G542200,Sobic.002G387200
Sobic.006G242800,Sobic.003G109832,Sobic.003G109832,Sobic.002G003200,Sobic.002G388000
Sobic.001G210101,Sobic.003G111000,Sobic.003G111000,Sobic.002G003800,Sobic.002G390300
Sobic.005G063800,Sobic.003G145800,Sobic.003G145800,Sobic.002G004100,Sobic.002G391100
Sobic.001G543000,Sobic.003G149100,Sobic.003G149100,Sobic.002G005100,Sobic.002G399400
Sobic.001G169400,Sobic.003G149500,Sobic.003G149500,Sobic.002G007200,Sobic.002G400600
Sobic.003G232100,Sobic.003G151100,Sobic.003G151100,Sobic.002G016400,Sobic.002G401000
Sobic.008G135401,Sobic.003G153500,Sobic.003G153500,Sobic.002G032500,Sobic.002G416150
Sobic.004G113300,Sobic.003G182800,Sobic.003G182800,Sobic.002G050500,Sobic.002G416200
Sobic.010G269950,Sobic.003G186300,Sobic.003G186300,Sobic.002G053900,Sobic.002G421200
Sobic.001G350200,Sobic.003G186400,Sobic.003G186400,Sobic.002G057500,Sobic.003G000400
Sobic.001G128900,Sobic.003G186700,Sobic.003G186700,Sobic.002G070300,Sobic.003G001701
Sobic.009G011300,Sobic.003G189700,Sobic.003G189700,Sobic.002G072100,Sobic.003G006900
Sobic.007G186600,Sobic.003G217400,Sobic.003G217400,Sobic.002G072700,Sobic.003G008100
Sobic.005G213950,Sobic.003G220200,Sobic.003G220200,Sobic.002G085900,Sobic.003G011000
Sobic.003G364000,Sobic.003G221800,Sobic.003G221800,Sobic.002G086900,Sobic.003G024600
Sobic.009G011200,Sobic.003G223800,Sobic.003G223800,Sobic.002G090500,Sobic.003G039400
Sobic.006G130400,Sobic.003G227700,Sobic.003G227700,Sobic.002G093400,Sobic.003G054900
Sobic.006G155200,Sobic.003G230000,Sobic.003G230000,Sobic.002G094600,Sobic.003G070700
Sobic.005G107500,Sobic.003G235400,Sobic.003G235400,Sobic.002G113400,Sobic.003G080000
Sobic.004G243200,Sobic.003G236300,Sobic.003G236300,Sobic.002G113600,Sobic.003G082200
Sobic.001G223200,Sobic.003G236551,Sobic.003G236551,Sobic.002G116900,Sobic.003G082500
Sobic.001G541900,Sobic.003G238200,Sobic.003G238200,Sobic.002G118700,Sobic.003G089300
Sobic.002G367700,Sobic.003G249900,Sobic.003G249900,Sobic.002G125000,Sobic.003G100500
Sobic.001G276800,Sobic.003G255800,Sobic.003G255800,Sobic.002G125700,Sobic.003G108100
Sobic.006G026900,Sobic.003G260200,Sobic.003G260200,Sobic.002G132400,Sobic.003G111100
Sobic.003G377700,Sobic.003G271300,Sobic.003G271300,Sobic.002G142200,Sobic.003G114600
Sobic.009G080900,Sobic.003G271800,Sobic.003G271800,Sobic.002G147200,Sobic.003G126500
Sobic.004G190500,Sobic.003G277600,Sobic.003G277600,Sobic.002G153000,Sobic.003G130400
Sobic.007G214500,Sobic.003G286800,Sobic.003G286800,Sobic.002G158900,Sobic.003G143100
Sobic.004G004800,Sobic.003G289700,Sobic.003G289700,Sobic.002G160800,Sobic.003G144500
Sobic.006G255600,Sobic.003G292400,Sobic.003G292400,Sobic.002G164600,Sobic.003G144600
Sobic.004G357600,Sobic.003G298500,Sobic.003G298500,Sobic.002G174100,Sobic.003G154700
Sobic.010G276700,Sobic.003G307801,Sobic.003G307801,Sobic.002G179900,Sobic.003G157600
Sobic.009G235900,Sobic.003G310200,Sobic.003G310200,Sobic.002G180100,Sobic.003G158300
Sobic.009G235700,Sobic.003G314400,Sobic.003G314400,Sobic.002G187400,Sobic.003G161500
Sobic.005G196000,Sobic.003G316850,Sobic.003G316850,Sobic.002G189000,Sobic.003G166500
Sobic.006G102800,Sobic.003G317400,Sobic.003G317400,Sobic.002G200400,Sobic.003G183850
Sobic.001G195800,Sobic.003G327900,Sobic.003G327900,Sobic.002G202500,Sobic.003G184000
Sobic.004G295100,Sobic.003G329500,Sobic.003G329500,Sobic.002G205500,Sobic.003G185100
Sobic.006G170600,Sobic.003G339800,Sobic.003G339800,Sobic.002G207900,Sobic.003G190100
Sobic.006G176700,Sobic.003G339900,Sobic.003G339900,Sobic.002G213600,Sobic.003G194400
Sobic.004G351200,Sobic.003G343900,Sobic.003G343900,Sobic.002G216100,Sobic.003G224100
Sobic.010G087900,Sobic.003G344600,Sobic.003G344600,Sobic.002G220600,Sobic.003G226900
Sobic.006G150100,Sobic.003G350400,Sobic.003G350400,Sobic.002G222200,Sobic.003G228200
Sobic.002G125000,Sobic.003G357400,Sobic.003G357400,Sobic.002G225100,Sobic.003G232200
Sobic.002G125300,Sobic.003G357500,Sobic.003G357500,Sobic.002G230900,Sobic.003G240000
Sobic.002G125700,Sobic.003G357700,Sobic.003G357700,Sobic.002G235700,Sobic.003G241400
Sobic.001G261509,Sobic.003G358800,Sobic.003G358800,Sobic.002G239700,Sobic.003G242200
Sobic.004G107500,Sobic.003G366100,Sobic.003G366100,Sobic.002G241100,Sobic.003G243400
Sobic.002G001800,Sobic.003G367200,Sobic.003G367200,Sobic.002G241700,Sobic.003G244200
Sobic.002G188600,Sobic.003G380500,Sobic.003G380500,Sobic.002G246000,Sobic.003G252300
Sobic.003G418100,Sobic.003G388500,Sobic.003G388500,Sobic.002G251100,Sobic.003G257400
Sobic.001G379900,Sobic.003G390600,Sobic.003G390600,Sobic.002G252000,Sobic.003G264000
Sobic.010G224400,Sobic.003G402500,Sobic.003G402500,Sobic.002G254900,Sobic.003G270800
Sobic.010G112800,Sobic.003G403500,Sobic.003G403500,Sobic.002G255500,Sobic.003G271600
Sobic.001G470800,Sobic.003G404900,Sobic.003G404900,Sobic.002G256300,Sobic.003G278400
Sobic.006G244000,Sobic.003G411300,Sobic.003G411300,Sobic.002G275100,Sobic.003G281800
Sobic.001G470600,Sobic.003G422600,Sobic.003G422600,Sobic.002G276600,Sobic.003G282000
Sobic.001G153100,Sobic.003G422700,Sobic.003G422700,Sobic.002G278200,Sobic.003G286700
Sobic.003G048200,Sobic.003G422800,Sobic.003G422800,Sobic.002G279300,Sobic.003G291700
Sobic.006G232300,Sobic.003G440900,Sobic.003G440900,Sobic.002G284000,Sobic.003G293600
Sobic.001G359200,Sobic.003G443700,Sobic.003G443700,Sobic.002G284100,Sobic.003G295500
Sobic.001G383400,Sobic.003G444200,Sobic.003G444200,Sobic.002G286100,Sobic.003G301000
Sobic.010G147200,Sobic.003G444900,Sobic.003G444900,Sobic.002G286700,Sobic.003G304800
Sobic.006G181900,Sobic.004G006600,Sobic.004G006600,Sobic.002G300600,Sobic.003G317900
Sobic.005G168200,Sobic.004G017000,Sobic.004G017000,Sobic.002G301400,Sobic.003G318100
Sobic.010G260600,Sobic.004G038400,Sobic.004G038400,Sobic.002G302800,Sobic.003G318200
Sobic.001G082700,Sobic.004G043001,Sobic.004G043001,Sobic.002G304000,Sobic.003G318350
Sobic.010G013000,Sobic.004G070500,Sobic.004G070500,Sobic.002G306300,Sobic.003G318600
Sobic.002G256900,Sobic.004G078800,Sobic.004G078800,Sobic.002G309800,Sobic.003G318700
Sobic.010G254300,Sobic.004G101500,Sobic.004G101500,Sobic.002G313000,Sobic.003G326000
Sobic.001G006101,Sobic.004G108100,Sobic.004G108100,Sobic.002G314500,Sobic.003G326200
Sobic.001G174300,Sobic.004G111400,Sobic.004G111400,Sobic.002G314800,Sobic.003G335100
Sobic.001G174500,Sobic.004G118200,Sobic.004G118200,Sobic.002G319300,Sobic.003G337600
Sobic.001G209500,Sobic.004G129900,Sobic.004G129900,Sobic.002G320600,Sobic.003G342300
Sobic.001G210250,Sobic.004G133100,Sobic.004G133100,Sobic.002G324400,Sobic.003G346700
Sobic.001G211101,Sobic.004G133700,Sobic.004G133700,Sobic.002G334000,Sobic.003G356000
Sobic.001G211200,Sobic.004G157100,Sobic.004G157100,Sobic.002G335300,Sobic.003G359800
Sobic.001G248600,Sobic.004G158500,Sobic.004G158500,Sobic.002G340100,Sobic.003G363900
Sobic.001G265000,Sobic.004G165400,Sobic.004G165400,Sobic.002G340700,Sobic.003G364000
Sobic.001G316900,Sobic.004G167100,Sobic.004G167100,Sobic.002G342100,Sobic.003G364100
Sobic.001G318600,Sobic.004G182900,Sobic.004G182900,Sobic.002G343000,Sobic.003G368300
Sobic.001G512100,Sobic.004G188701,Sobic.004G188701,Sobic.002G343400,Sobic.003G368400
Sobic.002G044100,Sobic.004G193800,Sobic.004G193800,Sobic.002G343600,Sobic.003G370400
Sobic.002G064500,Sobic.004G197800,Sobic.004G197800,Sobic.002G351100,Sobic.003G372000
Sobic.002G064700,Sobic.004G198800,Sobic.004G198800,Sobic.002G353800,Sobic.003G376200
Sobic.002G065300,Sobic.004G208000,Sobic.004G208000,Sobic.002G362700,Sobic.003G392700
Sobic.002G093500,Sobic.004G224000,Sobic.004G224000,Sobic.002G365700,Sobic.003G392800
Sobic.002G110000,Sobic.004G225000,Sobic.004G225000,Sobic.002G367300,Sobic.003G395900
Sobic.002G226800,Sobic.004G237200,Sobic.004G237200,Sobic.002G367700,Sobic.003G417100
Sobic.002G350700,Sobic.004G243300,Sobic.004G243300,Sobic.002G368300,Sobic.003G428900
Sobic.003G001701,Sobic.004G264500,Sobic.004G264500,Sobic.002G384000,Sobic.003G431900
Sobic.003G070600,Sobic.004G270200,Sobic.004G270200,Sobic.002G386400,Sobic.003G435700
Sobic.003G151400,Sobic.004G275900,Sobic.004G275900,Sobic.002G387600,Sobic.003G443000
Sobic.003G364100,Sobic.004G276700,Sobic.004G276700,Sobic.002G388700,Sobic.004G007133
Sobic.003G443400,Sobic.004G287400,Sobic.004G287400,Sobic.002G391900,Sobic.004G021500
Sobic.004G022432,Sobic.004G288200,Sobic.004G288200,Sobic.002G393600,Sobic.004G021600
Sobic.004G041000,Sobic.004G298900,Sobic.004G298900,Sobic.002G394500,Sobic.004G021700
Sobic.004G075351,Sobic.004G304550,Sobic.004G304550,Sobic.002G395500,Sobic.004G022300
Sobic.004G226100,Sobic.004G315400,Sobic.004G315400,Sobic.002G399000,Sobic.004G022432
Sobic.004G237900,Sobic.004G321800,Sobic.004G321800,Sobic.002G400200,Sobic.004G022600
Sobic.004G296900,Sobic.004G326200,Sobic.004G326200,Sobic.002G403700,Sobic.004G022850
Sobic.004G303300,Sobic.004G326300,Sobic.004G326300,Sobic.002G407700,Sobic.004G022950
Sobic.005G161700,Sobic.004G332100,Sobic.004G332100,Sobic.002G411900,Sobic.004G047900
Sobic.005G203000,Sobic.004G358700,Sobic.004G358700,Sobic.002G416000,Sobic.004G051900
Sobic.005G230800,Sobic.005G014000,Sobic.005G014000,Sobic.002G420000,Sobic.004G053600
Sobic.006G037500,Sobic.005G022200,Sobic.005G022200,Sobic.002G424600,Sobic.004G068600
Sobic.006G096200,Sobic.005G028900,Sobic.005G028900,Sobic.002G428900,Sobic.004G068700
Sobic.006G209200,Sobic.005G034000,Sobic.005G034000,Sobic.002G430500,Sobic.004G068900
Sobic.006G242600,Sobic.005G038900,Sobic.005G038900,Sobic.002G431500,Sobic.004G073500
Sobic.007G120200,Sobic.005G045200,Sobic.005G045200,Sobic.003G000100,Sobic.004G075351
Sobic.007G134140,Sobic.005G066600,Sobic.005G066600,Sobic.003G008700,Sobic.004G075400
Sobic.008G116100,Sobic.005G072500,Sobic.005G072500,Sobic.003G013700,Sobic.004G077400
Sobic.008G130350,Sobic.005G082700,Sobic.005G082700,Sobic.003G017500,Sobic.004G113300
Sobic.008G140600,Sobic.005G085000,Sobic.005G085000,Sobic.003G024000,Sobic.004G113800
Sobic.008G187200,Sobic.005G086100,Sobic.005G086100,Sobic.003G027600,Sobic.004G114300
Sobic.009G145000,Sobic.005G086200,Sobic.005G086200,Sobic.003G031700,Sobic.004G114400
Sobic.009G150500,Sobic.005G092500,Sobic.005G092500,Sobic.003G032200,Sobic.004G114600
Sobic.009G158700,Sobic.005G093500,Sobic.005G093500,Sobic.003G033800,Sobic.004G115900
Sobic.010G093500,Sobic.005G115800,Sobic.005G115800,Sobic.003G035601,Sobic.004G116300
Sobic.010G106700,Sobic.005G131400,Sobic.005G131400,Sobic.003G039900,Sobic.004G124800
Sobic.010G113500,Sobic.005G132400,Sobic.005G132400,Sobic.003G041700,Sobic.004G125100
Sobic.010G129100,Sobic.005G133166,Sobic.005G133166,Sobic.003G043900,Sobic.004G132300
Sobic.010G218600,Sobic.005G133200,Sobic.005G133200,Sobic.003G046700,Sobic.004G148300
Sobic.007G059500,Sobic.005G139300,Sobic.005G139300,Sobic.003G047200,Sobic.004G148400
Sobic.002G222800,Sobic.005G142700,Sobic.005G142700,Sobic.003G052000,Sobic.004G155900
Sobic.008G005400,Sobic.005G145300,Sobic.005G145300,Sobic.003G052100,Sobic.004G162700
Sobic.002G136800,Sobic.005G152500,Sobic.005G152500,Sobic.003G055600,Sobic.004G165200
Sobic.003G396900,Sobic.005G156400,Sobic.005G156400,Sobic.003G061800,Sobic.004G166000
Sobic.001G174100,Sobic.005G181200,Sobic.005G181200,Sobic.003G062101,Sobic.004G177000
Sobic.007G183600,Sobic.005G187700,Sobic.005G187700,Sobic.003G074801,Sobic.004G180200
Sobic.005G197700,Sobic.005G188400,Sobic.005G188400,Sobic.003G074900,Sobic.004G185100
Sobic.006G025066,Sobic.005G197600,Sobic.005G197600,Sobic.003G087700,Sobic.004G185300
Sobic.002G250100,Sobic.006G009600,Sobic.006G009600,Sobic.003G095500,Sobic.004G188500
Sobic.003G271300,Sobic.006G024600,Sobic.006G024600,Sobic.003G097300,Sobic.004G195900
Sobic.009G066000,Sobic.006G026200,Sobic.006G026200,Sobic.003G108900,Sobic.004G196500
Sobic.002G200300,Sobic.006G026400,Sobic.006G026400,Sobic.003G118100,Sobic.004G232300
Sobic.001G089400,Sobic.006G034400,Sobic.006G034400,Sobic.003G121000,Sobic.004G235900
Sobic.006G113500,Sobic.006G043800,Sobic.006G043800,Sobic.003G121100,Sobic.004G251200
Sobic.001G244000,Sobic.006G047000,Sobic.006G047000,Sobic.003G128700,Sobic.004G251300
Sobic.003G355400,Sobic.006G053700,Sobic.006G053700,Sobic.003G133900,Sobic.004G260300
Sobic.010G208700,Sobic.006G054200,Sobic.006G054200,Sobic.003G138400,Sobic.004G266000
Sobic.006G174600,Sobic.006G055000,Sobic.006G055000,Sobic.003G150600,Sobic.004G270500
Sobic.002G071600,Sobic.006G059700,Sobic.006G059700,Sobic.003G151300,Sobic.004G286800
Sobic.008G180300,Sobic.006G069300,Sobic.006G069300,Sobic.003G153100,Sobic.004G288300
Sobic.001G243732,Sobic.006G074200,Sobic.006G074200,Sobic.003G158000,Sobic.004G290100
Sobic.002G322500,Sobic.006G080800,Sobic.006G080800,Sobic.003G159700,Sobic.004G298000
Sobic.009G071800,Sobic.006G084100,Sobic.006G084100,Sobic.003G174900,Sobic.004G299500
Sobic.002G033200,Sobic.006G101600,Sobic.006G101600,Sobic.003G177350,Sobic.004G304000
Sobic.001G061000,Sobic.006G113900,Sobic.006G113900,Sobic.003G183300,Sobic.004G304100
Sobic.004G267900,Sobic.006G134800,Sobic.006G134800,Sobic.003G183700,Sobic.004G304625
Sobic.005G176600,Sobic.006G135300,Sobic.006G135300,Sobic.003G183800,Sobic.004G316500
Sobic.008G012700,Sobic.006G143000,Sobic.006G143000,Sobic.003G184500,Sobic.004G318700
Sobic.002G045000,Sobic.006G146800,Sobic.006G146800,Sobic.003G185900,Sobic.004G321000
Sobic.007G059200,Sobic.006G158700,Sobic.006G158700,Sobic.003G191600,Sobic.004G323400
Sobic.002G269600,Sobic.006G185000,Sobic.006G185000,Sobic.003G201000,Sobic.004G325100
Sobic.005G183900,Sobic.006G188100,Sobic.006G188100,Sobic.003G203800,Sobic.004G343800
Sobic.001G319900,Sobic.006G190000,Sobic.006G190000,Sobic.003G211800,Sobic.004G351400
Sobic.010G035700,Sobic.006G195200,Sobic.006G195200,Sobic.003G212700,Sobic.005G003200
Sobic.010G208600,Sobic.006G196700,Sobic.006G196700,Sobic.003G212800,Sobic.005G004500
Sobic.002G151800,Sobic.006G211300,Sobic.006G211300,Sobic.003G214800,Sobic.005G013300
Sobic.005G014400,Sobic.006G219300,Sobic.006G219300,Sobic.003G217632,Sobic.005G013500
Sobic.007G142700,Sobic.006G220600,Sobic.006G220600,Sobic.003G219300,Sobic.005G017700
Sobic.010G003600,Sobic.006G222100,Sobic.006G222100,Sobic.003G220500,Sobic.005G021800
Sobic.003G304100,Sobic.006G226700,Sobic.006G226700,Sobic.003G222300,Sobic.005G025700
Sobic.002G350500,Sobic.006G228200,Sobic.006G228200,Sobic.003G222600,Sobic.005G038300
Sobic.010G091100,Sobic.006G230300,Sobic.006G230300,Sobic.003G226700,Sobic.005G050032
Sobic.008G145000,Sobic.006G235500,Sobic.006G235500,Sobic.003G230200,Sobic.005G050300
Sobic.003G010100,Sobic.006G245500,Sobic.006G245500,Sobic.003G239100,Sobic.005G053950
Sobic.002G174600,Sobic.006G258300,Sobic.006G258300,Sobic.003G247600,Sobic.005G060900
Sobic.001G185300,Sobic.006G268000,Sobic.006G268000,Sobic.003G256900,Sobic.005G061801
Sobic.003G154100,Sobic.006G269000,Sobic.006G269000,Sobic.003G260700,Sobic.005G062500
Sobic.004G345200,Sobic.006G270500,Sobic.006G270500,Sobic.003G265600,Sobic.005G071500
Sobic.010G203500,Sobic.006G280400,Sobic.006G280400,Sobic.003G265701,Sobic.005G072300
Sobic.001G467600,Sobic.006G281000,Sobic.006G281000,Sobic.003G266400,Sobic.005G085700
Sobic.002G044900,Sobic.006G281600,Sobic.006G281600,Sobic.003G269900,Sobic.005G086400
Sobic.007G157100,Sobic.007G011700,Sobic.007G011700,Sobic.003G276901,Sobic.005G097800
Sobic.005G059300,Sobic.007G012700,Sobic.007G012700,Sobic.003G277200,Sobic.005G101600
Sobic.009G144800,Sobic.007G020600,Sobic.007G020600,Sobic.003G282300,Sobic.005G103200
Sobic.001G243666,Sobic.007G025400,Sobic.007G025400,Sobic.003G286400,Sobic.005G112700
Sobic.004G089200,Sobic.007G048200,Sobic.007G048200,Sobic.003G288000,Sobic.005G121200
Sobic.003G360500,Sobic.007G055500,Sobic.007G055500,Sobic.003G289400,Sobic.005G122400
Sobic.010G245500,Sobic.007G057100,Sobic.007G057100,Sobic.003G289800,Sobic.005G123000
Sobic.007G048400,Sobic.007G058800,Sobic.007G058800,Sobic.003G291000,Sobic.005G127800
Sobic.004G048100,Sobic.007G058900,Sobic.007G058900,Sobic.003G292700,Sobic.005G129650
Sobic.009G011100,Sobic.007G059100,Sobic.007G059100,Sobic.003G293400,Sobic.005G136200
Sobic.010G196900,Sobic.007G066508,Sobic.007G066508,Sobic.003G294500,Sobic.005G136300
Sobic.002G159400,Sobic.007G066600,Sobic.007G066600,Sobic.003G296400,Sobic.005G138500
Sobic.004G087100,Sobic.007G066816,Sobic.007G066816,Sobic.003G298600,Sobic.005G141100
Sobic.010G231600,Sobic.007G067000,Sobic.007G067000,Sobic.003G305700,Sobic.005G146400
Sobic.008G012800,Sobic.007G067616,Sobic.007G067616,Sobic.003G309400,Sobic.005G146533
Sobic.009G011000,Sobic.007G085400,Sobic.007G085400,Sobic.003G312550,Sobic.005G146666
Sobic.008G028900,Sobic.007G089101,Sobic.007G089101,Sobic.003G315166,Sobic.005G146900
Sobic.008G180550,Sobic.007G089300,Sobic.007G089300,Sobic.003G315700,Sobic.005G152000
Sobic.005G031400,Sobic.007G089900,Sobic.007G089900,Sobic.003G317100,Sobic.005G156850
Sobic.001G033701,Sobic.007G092600,Sobic.007G092600,Sobic.003G320500,Sobic.005G161100
Sobic.010G045966,Sobic.007G094900,Sobic.007G094900,Sobic.003G327000,Sobic.005G161200
Sobic.001G273200,Sobic.007G100500,Sobic.007G100500,Sobic.003G328500,Sobic.005G161500
Sobic.010G158300,Sobic.007G105400,Sobic.007G105400,Sobic.003G328600,Sobic.005G161600
Sobic.006G134600,Sobic.007G109800,Sobic.007G109800,Sobic.003G328800,Sobic.005G161700
Sobic.003G247700,Sobic.007G115400,Sobic.007G115400,Sobic.003G334700,Sobic.005G165500
Sobic.009G177100,Sobic.007G121650,Sobic.007G121650,Sobic.003G336900,Sobic.005G165800
Sobic.007G156300,Sobic.007G146400,Sobic.007G146400,Sobic.003G345200,Sobic.005G168200
Sobic.010G183700,Sobic.007G158200,Sobic.007G158200,Sobic.003G346500,Sobic.005G182400
Sobic.001G185100,Sobic.007G166900,Sobic.007G166900,Sobic.003G349800,Sobic.005G203000
Sobic.006G163200,Sobic.007G187800,Sobic.007G187800,Sobic.003G352300,Sobic.005G213766
Sobic.005G209300,Sobic.007G188300,Sobic.007G188300,Sobic.003G355500,Sobic.005G213832
Sobic.008G184600,Sobic.007G191400,Sobic.007G191400,Sobic.003G356800,Sobic.005G213950
Sobic.005G075700,Sobic.007G194900,Sobic.007G194900,Sobic.003G359500,Sobic.005G214000
Sobic.010G254000,Sobic.007G197200,Sobic.007G197200,Sobic.003G359600,Sobic.006G000600
Sobic.003G072000,Sobic.007G204500,Sobic.007G204500,Sobic.003G364900,Sobic.006G000800
Sobic.006G143100,Sobic.007G206400,Sobic.007G206400,Sobic.003G366300,Sobic.006G006700
Sobic.004G217800,Sobic.007G214300,Sobic.007G214300,Sobic.003G368600,Sobic.006G014800
Sobic.009G168700,Sobic.007G214800,Sobic.007G214800,Sobic.003G373300,Sobic.006G018400
Sobic.003G344700,Sobic.007G226700,Sobic.007G226700,Sobic.003G373800,Sobic.006G021000
Sobic004G173200,Sobic.008G004200,Sobic.008G004200,Sobic.003G374100,Sobic.006G021100
Sobic.007G160900,Sobic.008G010500,Sobic.008G010500,Sobic.003G378400,Sobic.006G022800
Sobic.005G110466,Sobic.008G011700,Sobic.008G011700,Sobic.003G384100,Sobic.006G023000
Sobic.003G304000,Sobic.008G019466,Sobic.008G019466,Sobic.003G385900,Sobic.006G023100
Sobic.001G099400,Sobic.008G024500,Sobic.008G024500,Sobic.003G387300,Sobic.006G023200
Sobic.006G251200,Sobic.008G040600,Sobic.008G040600,Sobic.003G387600,Sobic.006G023300
Sobic.009G136800,Sobic.008G052500,Sobic.008G052500,Sobic.003G388300,Sobic.006G023400
Sobic.009G136500,Sobic.008G052600,Sobic.008G052600,Sobic.003G389100,Sobic.006G023900
Sobic.009G136700,Sobic.008G054100,Sobic.008G054100,Sobic.003G390500,Sobic.006G025400
Sobic.010G109200,Sobic.008G057300,Sobic.008G057300,Sobic.003G394100,Sobic.006G026800
Sobic.010G175900,Sobic.008G060000,Sobic.008G060000,Sobic.003G409500,Sobic.006G026900
Sobic.006G130501,Sobic.008G062700,Sobic.008G062700,Sobic.003G409600,Sobic.006G027300
Sobic.007G064500,Sobic.008G062900,Sobic.008G062900,Sobic.003G410800,Sobic.006G027900
Sobic.008G081500,Sobic.008G067500,Sobic.008G067500,Sobic.003G418700,Sobic.006G034200
Sobic.008G081200,Sobic.008G067900,Sobic.008G067900,Sobic.003G420100,Sobic.006G034300
Sobic.008G081400,Sobic.008G074500,Sobic.008G074500,Sobic.003G432000,Sobic.006G036900
Sobic.006G130700,Sobic.008G075600,Sobic.008G075600,Sobic.003G435200,Sobic.006G037500
Sobic.007G081300,Sobic.008G081400,Sobic.008G081400,Sobic.003G437300,Sobic.006G049300
Sobic.006G089300,Sobic.008G091557,Sobic.008G091557,Sobic.003G441601,Sobic.006G050600
Sobic.005G090600,Sobic.008G112500,Sobic.008G112500,Sobic.003G442300,Sobic.006G063900
Sobic.006G279700,Sobic.008G124100,Sobic.008G124100,Sobic.003G445400,Sobic.006G075600
Sobic.003G371400,Sobic.008G141100,Sobic.008G141100,Sobic.004G002100,Sobic.006G080700
Sobic.003G371600,Sobic.008G141400,Sobic.008G141400,Sobic.004G002600,Sobic.006G093500
Sobic.003G372000,Sobic.008G148200,Sobic.008G148200,Sobic.004G007600,Sobic.006G096000
Sobic.009G148900,Sobic.008G149100,Sobic.008G149100,Sobic.004G008600,Sobic.006G106800
Sobic.007G213200,Sobic.008G187100,Sobic.008G187100,Sobic.004G010000,Sobic.006G107900
Sobic.003G371100,Sobic.008G190500,Sobic.008G190500,Sobic.004G013500,Sobic.006G113000
Sobic.003G371000,Sobic.008G191300,Sobic.008G191300,Sobic.004G034300,Sobic.006G113500
Sobic.009G148800,Sobic.009G001800,Sobic.009G001800,Sobic.004G042000,Sobic.006G114700
Sobic.010G099700,Sobic.009G004100,Sobic.009G004100,Sobic.004G046400,Sobic.006G116050
Sobic.001G032000,Sobic.009G016633,Sobic.009G016633,Sobic.004G047100,Sobic.006G116900
Sobic.001G223100,Sobic.009G025500,Sobic.009G025500,Sobic.004G051300,Sobic.006G117600
Sobic.001G511000,Sobic.009G034800,Sobic.009G034800,Sobic.004G053900,Sobic.006G121600
Sobic.009G101800,Sobic.009G042000,Sobic.009G042000,Sobic.004G054000,Sobic.006G137600
Sobic.007G044300,Sobic.009G046200,Sobic.009G046200,Sobic.004G066900,Sobic.006G146000
Sobic.003G107100,Sobic.009G057700,Sobic.009G057700,Sobic.004G068800,Sobic.006G148400
Sobic.004G260500,Sobic.009G069700,Sobic.009G069700,Sobic.004G073800,Sobic.006G148500
Sobic.010G133100,Sobic.009G080600,Sobic.009G080600,Sobic.004G078900,Sobic.006G152600
Sobic.004G276200,Sobic.009G085900,Sobic.009G085900,Sobic.004G081400,Sobic.006G152900
Sobic.002G091800,Sobic.009G104500,Sobic.009G104500,Sobic.004G095200,Sobic.006G165900
Sobic.001G282000,Sobic.009G104600,Sobic.009G104600,Sobic.004G099600,Sobic.006G166100
Sobic.001G282100,Sobic.009G110400,Sobic.009G110400,Sobic.004G105100,Sobic.006G173700
Sobic.006G201100,Sobic.009G111100,Sobic.009G111100,Sobic.004G107900,Sobic.006G176300
Sobic.006G201200,Sobic.009G116700,Sobic.009G116700,Sobic.004G108400,Sobic.006G177300
Sobic.001G276400,Sobic.009G132900,Sobic.009G132900,Sobic.004G113600,Sobic.006G178200
Sobic.001G276100,Sobic.009G136100,Sobic.009G136100,Sobic.004G115600,Sobic.006G178300
Sobic.001G275800,Sobic.009G141400,Sobic.009G141400,Sobic.004G115700,Sobic.006G184100
Sobic.001G275500,Sobic.009G150000,Sobic.009G150000,Sobic.004G117400,Sobic.006G188400
Sobic.001G444000,Sobic.009G155200,Sobic.009G155200,Sobic.004G126700,Sobic.006G192400
Sobic.001G276600,Sobic.009G195000,Sobic.009G195000,Sobic.004G130800,Sobic.006G196000
Sobic.001G276700,Sobic.009G211000,Sobic.009G211000,Sobic.004G132400,Sobic.006G201700
Sobic.003G392700,Sobic.009G215700,Sobic.009G215700,Sobic.004G140000,Sobic.006G206800
Sobic.001G502000,Sobic.009G217300,Sobic.009G217300,Sobic.004G149800,Sobic.006G208050
Sobic.006G027300,Sobic.009G230400,Sobic.009G230400,Sobic.004G151300,Sobic.006G209200
Sobic.001G513400,Sobic.009G234500,Sobic.009G234500,Sobic.004G153700,Sobic.006G214400
Sobic.001G234900,Sobic.009G235700,Sobic.009G235700,Sobic.004G153800,Sobic.006G229800
Sobic.001G502100,Sobic.009G238600,Sobic.009G238600,Sobic.004G165300,Sobic.006G230100
Sobic.007G164400,Sobic.009G240100,Sobic.009G240100,Sobic.004G177400,Sobic.006G233100
Sobic.001G234800,Sobic.009G240200,Sobic.009G240200,Sobic.004G180400,Sobic.006G239900
Sobic.002G116100,Sobic.009G247700,Sobic.009G247700,Sobic.004G180700,Sobic.006G242600
Sobic.001G373600,Sobic.009G252100,Sobic.009G252100,Sobic.004G183400,Sobic.006G242701
Sobic.001G377600,Sobic.009G255100,Sobic.009G255100,Sobic.004G184700,Sobic.006G242800
Sobic.002G259301,Sobic.009G259100,Sobic.009G259100,Sobic.004G188100,Sobic.006G249000
Sobic.003G015200,Sobic.010G000300,Sobic.010G000300,Sobic.004G188600,Sobic.006G259300
Sobic.003G038700,Sobic.010G030800,Sobic.010G030800,Sobic.004G190200,Sobic.006G261700
Sobic.003G038800,Sobic.010G033300,Sobic.010G033300,Sobic.004G193500,Sobic.006G264000
Sobic.003G149000,Sobic.010G039100,Sobic.010G039100,Sobic.004G197400,Sobic.006G270100
Sobic.003G182800,Sobic.010G041000,Sobic.010G041000,Sobic.004G209100,Sobic.006G276100
Sobic.003G213000,Sobic.010G041900,Sobic.010G041900,Sobic.004G216700,Sobic.006G279100
Sobic.003G269300,Sobic.010G054500,Sobic.010G054500,Sobic.004G219700,Sobic.007G002500
Sobic.004G133500,Sobic.010G081800,Sobic.010G081800,Sobic.004G221300,Sobic.007G004300
Sobic.004G133600,Sobic.010G081900,Sobic.010G081900,Sobic.004G229400,Sobic.007G023000
Sobic.004G136600,Sobic.010G090301,Sobic.010G090301,Sobic.004G232600,Sobic.007G039500
Sobic.004G157100,Sobic.010G101300,Sobic.010G101300,Sobic.004G237000,Sobic.007G042700
Sobic.005G123500,Sobic.010G119800,Sobic.010G119800,Sobic.004G237600,Sobic.007G047200
Sobic.007G191200,Sobic.010G120300,Sobic.010G120300,Sobic.004G241300,Sobic.007G050000
Sobic.008G094000,Sobic.010G134400,Sobic.010G134400,Sobic.004G243800,Sobic.007G055700
Sobic.008G094300,Sobic.010G137300,Sobic.010G137300,Sobic.004G246500,Sobic.007G063300
Sobic.008G094400,Sobic.010G138400,Sobic.010G138400,Sobic.004G247300,Sobic.007G066800
Sobic.009G143500,Sobic.010G155100,Sobic.010G155100,Sobic.004G253000,Sobic.007G067600
Sobic.009G252000,Sobic.010G170400,Sobic.010G170400,Sobic.004G253300,Sobic.007G080500
Sobic.001G254000,Sobic.010G182800,Sobic.010G182800,Sobic.004G253500,Sobic.007G088300
Sobic.001G488700,Sobic.010G185000,Sobic.010G185000,Sobic.004G257600,Sobic.007G094300
Sobic.004G353600,Sobic.010G191750,Sobic.010G191750,Sobic.004G257700,Sobic.007G095100
Sobic.008G193300,Sobic.010G198000,Sobic.010G198000,Sobic.004G259101,Sobic.007G098400
Sobic.001G099700,Sobic.010G215100,Sobic.010G215100,Sobic.004G261700,Sobic.007G105800
Sobic.003G440900,Sobic.010G221800,Sobic.010G221800,Sobic.004G261800,Sobic.007G110300
Sobic.003G403300,Sobic.010G223900,Sobic.010G223900,Sobic.004G263700,Sobic.007G116400
Sobic.004G068400,Sobic.010G225600,Sobic.010G225600,Sobic.004G266500,Sobic.007G116950
Sobic.005G089600,Sobic.010G236300,Sobic.010G236300,Sobic.004G271300,Sobic.007G117200
Sobic.009G233200,Sobic.010G238400,Sobic.010G238400,Sobic.004G281300,Sobic.007G121600
Sobic.010G205100,Sobic.010G247500,Sobic.010G247500,Sobic.004G283800,Sobic.007G125400
Sobic.001G378300,Sobic.010G251200,Sobic.010G251200,Sobic.004G284900,Sobic.007G132300
Sobic.001G362601,Sobic.010G255400,Sobic.010G255400,Sobic.004G287600,Sobic.007G134140
Sobic.001G362500,Sobic.010G260900,Sobic.010G260900,Sobic.004G294800,Sobic.007G143700
Sobic.003G110800,Sobic.010G267100,Sobic.010G267100,Sobic.004G295100,Sobic.007G153001
Sobic.003G111000,Sobic.010G267200,Sobic.010G267200,Sobic.004G297900,Sobic.007G153600
Sobic.009G235600,Sobic.010G268200,Sobic.010G268200,Sobic.004G305700,Sobic.007G154300
Sobic.009G243800,Sobic.010G268300,Sobic.010G268300,Sobic.004G307300,Sobic.007G158800
Sobic.002G035200,Sobic.010G271100,Sobic.010G271100,Sobic.004G309800,Sobic.007G161400
Sobic.002G121800,Sobic.010G273700,Sobic.010G273700,Sobic.004G315700,Sobic.007G163500
Sobic.006G143900,Sobic.010G275200,Sobic.010G275200,Sobic.004G318200,Sobic.007G164900
Sobic.006G130800,Sobic.010G276400,Sobic.010G276400,Sobic.004G328300,Sobic.007G166600
Sobic.001G469600,Sobic.001G007200,,Sobic.004G330000,Sobic.007G167400
Sobic.005G196100,Sobic.001G012000,,Sobic.004G332800,Sobic.007G168100
Sobic.002G108900,Sobic.001G024800,,Sobic.004G333600,Sobic.007G186500
Sobic.008G111100,Sobic.001G029900,,Sobic.004G337200,Sobic.007G186600
Sobic.002G354000,Sobic.001G071800,,Sobic.004G339500,Sobic.007G195300
Sobic.002G354100,Sobic.001G086500,,Sobic.004G339900,Sobic.007G201000
Sobic.002G353900,Sobic.001G150200,,Sobic.004G341700,Sobic.007G211300
Sobic.001G323600,Sobic.001G166800,,Sobic.004G347300,Sobic.007G213300
Sobic.001G469500,Sobic.001G174700,,Sobic.004G348800,Sobic.007G214500
Sobic.002G354200,Sobic.001G175800,,Sobic.004G349800,Sobic.007G221400
Sobic.006G268800,Sobic.001G252800,,Sobic.004G352800,Sobic.007G225300
Sobic.009G084400,Sobic.001G276600,,Sobic.004G354800,Sobic.007G225700
Sobic.006G156600,Sobic.001G312600,,Sobic.005G000500,Sobic.008G001800
Sobic.008G111300,Sobic.001G401800,,Sobic.005G004800,Sobic.008G013800
Sobic.009G157800,Sobic.001G410600,,Sobic.005G004900,Sobic.008G015800
Sobic.005G196700,Sobic.001G415500,,Sobic.005G022500,Sobic.008G016800
Sobic.005G196300,Sobic.001G425700,,Sobic.005G028800,Sobic.008G029300
Sobic.005G195900,Sobic.001G457700,,Sobic.005G035000,Sobic.008G032300
Sobic.005G196200,Sobic.001G469500,,Sobic.005G039700,Sobic.008G034300
Sobic.002G193800,Sobic.001G487100,,Sobic.005G047700,Sobic.008G038000
Sobic.004G124500,Sobic.001G489900,,Sobic.005G049600,Sobic.008G044450
Sobic.003G084000,Sobic.001G505200,,Sobic.005G052500,Sobic.008G064700
Sobic.001G190200,Sobic.001G523866,,Sobic.005G055600,Sobic.008G067200
Sobic.010G030600,Sobic.001G530100,,Sobic.005G056800,Sobic.008G074400
Sobic.005G171200,Sobic.001G531000,,Sobic.005G057301,Sobic.008G076600
Sobic.006G102300,Sobic.001G538700,,Sobic.005G057700,Sobic.008G078400
Sobic.006G102400,Sobic.002G013400,,Sobic.005G059800,Sobic.008G087500
Sobic.006G003600,Sobic.002G017800,,Sobic.005G062600,Sobic.008G091500
Sobic.006G003601,Sobic.002G067000,,Sobic.005G063600,Sobic.008G104500
Sobic.004G188701,Sobic.002G083500,,Sobic.005G064700,Sobic.008G106200
Sobic.006G102500,Sobic.002G104100,,Sobic.005G065900,Sobic.008G106800
Sobic.006G101900,Sobic.002G108200,,Sobic.005G066000,Sobic.008G109300
Sobic.004G332700,Sobic.002G116800,,Sobic.005G066100,Sobic.008G109400
Sobic.002G201900,Sobic.002G117700,,Sobic.005G069500,Sobic.008G111100
Sobic.002G073600,Sobic.002G131300,,Sobic.005G072600,Sobic.008G117000
Sobic.001G454100,Sobic.002G156200,,Sobic.005G072700,Sobic.008G118300
Sobic.002G004900,Sobic.002G214600,,Sobic.005G087600,Sobic.008G122200
Sobic.002G338500,Sobic.002G226800,,Sobic.005G098400,Sobic.008G130200
Sobic.004G049300,Sobic.002G245000,,Sobic.005G099500,Sobic.008G130350
Sobic.003G192200,Sobic.002G260900,,Sobic.005G107900,Sobic.008G132300
Sobic.007G061800,Sobic.002G273600,,Sobic.005G110553,Sobic.008G134700
Sobic.001G297600,Sobic.002G310200,,Sobic.005G110600,Sobic.008G135401
Sobic.001G543500,Sobic.002G326800,,Sobic.005G112100,Sobic.008G151000
Sobic.004G099300,Sobic.002G331000,,Sobic.005G121700,Sobic.008G172800
Sobic.010G276100,Sobic.002G331050,,Sobic.005G129600,Sobic.008G180500
Sobic.004G358100,Sobic.002G388600,,Sobic.005G140001,Sobic.008G192100
Sobic.005G191900,Sobic.002G390500,,Sobic.005G144600,Sobic.009G011200
Sobic.001G312900,Sobic.002G393400,,Sobic.005G149600,Sobic.009G011300
Sobic.001G282600,Sobic.002G400400,,Sobic.005G163800,Sobic.009G047600
Sobic.001G032200,Sobic.002G418100,,Sobic.005G169700,Sobic.009G052901
Sobic.001G391600,Sobic.002G429800,,Sobic.005G171300,Sobic.009G057400
Sobic.004G255600,Sobic.003G027700,,Sobic.005G172500,Sobic.009G074100
Sobic.004G024500,Sobic.003G086200,,Sobic.005G192500,Sobic.009G100100
Sobic.005G058800,Sobic.003G100700,,Sobic.005G219700,Sobic.009G107500
Sobic.003G153800,Sobic.003G106000,,Sobic.005G219900,Sobic.009G108300
Sobic.004G172700,Sobic.003G197300,,Sobic.005G222600,Sobic.009G124600
Sobic.004G163800,Sobic.003G244000,,Sobic.005G228250,Sobic.009G129800
Sobic.004G102200,Sobic.003G279700,,Sobic.005G229100,Sobic.009G129900
Sobic.003G026400,Sobic.003G292000,,Sobic.006G001000,Sobic.009G136700
Sobic.009G075900,Sobic.003G313700,,Sobic.006G001600,Sobic.009G145000
Sobic.004G238100,Sobic.003G354500,,Sobic.006G008100,Sobic.009G150100
Sobic.010G092600,Sobic.003G354600,,Sobic.006G013300,Sobic.009G152300
Sobic.007G039600,Sobic.003G368200,,Sobic.006G014400,Sobic.009G157800
Sobic.007G038500,Sobic.003G370700,,Sobic.006G017600,Sobic.009G160100
Sobic.003G098100,Sobic.003G381400,,Sobic.006G022200,Sobic.009G161700
Sobic.001G505100,Sobic.003G386100,,Sobic.006G028900,Sobic.009G161900
Sobic.003G445300,Sobic.003G411400,,Sobic.006G053000,Sobic.009G164400
Sobic.010G146100,Sobic.003G416000,,Sobic.006G063800,Sobic.009G171400
Sobic.001G535900,Sobic.003G427100,,Sobic.006G071628,Sobic.009G196800
Sobic.001G208500,Sobic.004G002400,,Sobic.006G081000,Sobic.009G201000
Sobic.006G155300,Sobic.004G010900,,Sobic.006G083400,Sobic.009G212500
Sobic.009G085900,Sobic.004G013000,,Sobic.006G091400,Sobic.009G218450
Sobic.003G006600,Sobic.004G042200,,Sobic.006G101500,Sobic.009G225600
Sobic.003G007200,Sobic.004G045700,,Sobic.006G102900,Sobic.009G233200
Sobic.006G170500,Sobic.004G052900,,Sobic.006G105600,Sobic.009G235600
Sobic.007G124600,Sobic.004G054700,,Sobic.006G108500,Sobic.009G238300
Sobic.004G288700,Sobic.004G057100,,Sobic.006G112600,Sobic.009G244000
Sobic.002G124700,Sobic.004G064100,,Sobic.006G112800,Sobic.009G244300
Sobic.004G222000,Sobic.004G067600,,Sobic.006G124200,Sobic.009G249900
Sobic.002G125200,Sobic.004G074600,,Sobic.006G124400,Sobic.010G007500
Sobic.002G281000,Sobic.004G078500,,Sobic.006G129800,Sobic.010G011200
Sobic.002G125500,Sobic.004G099700,,Sobic.006G130200,Sobic.010G011900
Sobic.005G091600,Sobic.004G130932,,Sobic.006G140300,Sobic.010G012001
Sobic.009G131500,Sobic.004G147800,,Sobic.006G146300,Sobic.010G013000
Sobic.001G389900,Sobic.004G178500,,Sobic.006G147900,Sobic.010G019700
Sobic.010G251700,Sobic.004G181800,,Sobic.006G149400,Sobic.010G024600
Sobic.003G145800,Sobic.004G340700,,Sobic.006G150100,Sobic.010G035100
Sobic.006G208100,Sobic.004G349900,,Sobic.006G154500,Sobic.010G038900
Sobic.004G059800,Sobic.005G012200,,Sobic.006G155900,Sobic.010G041800
Sobic.003G237900,Sobic.005G016500,,Sobic.006G157600,Sobic.010G050800
Sobic.002G049700,Sobic.005G039500,,Sobic.006G163600,Sobic.010G054800
Sobic.009G147500,Sobic.005G201000,,Sobic.006G164400,Sobic.010G069300
Sobic.003G300600,Sobic.006G030400,,Sobic.006G169800,Sobic.010G089200
Sobic.009G147200,Sobic.006G030700,,Sobic.006G170600,Sobic.010G104300
Sobic.009G146800,Sobic.006G040000,,Sobic.006G179200,Sobic.010G112500
Sobic.004G193100,Sobic.006G049700,,Sobic.006G181900,Sobic.010G113300
Sobic.003G278200,Sobic.006G086900,,Sobic.006G182000,Sobic.010G113500
Sobic.006G093400,Sobic.006G186800,,Sobic.006G182200,Sobic.010G113600
Sobic.010G102800,Sobic.006G192100,,Sobic.006G183900,Sobic.010G122800
Sobic.006G062100,Sobic.006G222600,,Sobic.006G187401,Sobic.010G126500
Sobic.004G160000,Sobic.006G239800,,Sobic.006G191900,Sobic.010G127600
Sobic.006G061700,Sobic.007G018500,,Sobic.006G192700,Sobic.010G128800
Sobic.003G413600,Sobic.007G026500,,Sobic.006G193100,Sobic.010G128900
Sobic.006G061300,Sobic.007G059200,,Sobic.006G196900,Sobic.010G129000
Sobic.003G413700,Sobic.007G088600,,Sobic.006G198800,Sobic.010G129100
Sobic.001G184100,Sobic.007G121000,,Sobic.006G201300,Sobic.010G134700
Sobic.001G183700,Sobic.007G126800,,Sobic.006G202600,Sobic.010G146500
Sobic.001G184300,Sobic.007G139600,,Sobic.006G205500,Sobic.010G155600
Sobic.001G184000,Sobic.007G153400,,Sobic.006G209500,Sobic.010G164100
Sobic.003G164400,Sobic.007G160700,,Sobic.006G213500,Sobic.010G169300
Sobic.002G417500,Sobic.007G185200,,Sobic.006G214000,Sobic.010G192800
Sobic.007G075100,Sobic.007G186300,,Sobic.006G218600,Sobic.010G204000
Sobic.002G411500,Sobic.008G053800,,Sobic.006G218900,Sobic.010G206800
Sobic.002G130800,Sobic.008G133700,,Sobic.006G219100,Sobic.010G213900
Sobic.002G313900,Sobic.008G188900,,Sobic.006G222400,Sobic.010G218600
Sobic.010G197500,Sobic.009G002800,,Sobic.006G223900,Sobic.010G225251
Sobic.006G213500,Sobic.009G003300,,Sobic.006G226200,Sobic.010G225276
Sobic.004G250700,Sobic.009G011600,,Sobic.006G234300,Sobic.010G227150
Sobic.007G209900,Sobic.009G016600,,Sobic.006G235700,Sobic.010G233200
Sobic.006G210700,Sobic.009G073400,,Sobic.006G236800,Sobic.010G241500
Sobic.007G153001,Sobic.009G097100,,Sobic.006G245600,Sobic.010G242000
Sobic.002G143500,Sobic.009G157500,,Sobic.006G255300,Sobic.010G247600
Sobic.001G470900,Sobic.009G159200,,Sobic.006G262600,Sobic.010G251800
Sobic.001G244500,Sobic.009G205600,,Sobic.006G263300,Sobic.010G259500
Sobic.003G278600,Sobic.009G207500,,Sobic.006G267500,Sobic.010G260600
Sobic.007G123500,Sobic.009G208100,,Sobic.006G267800,Sobic.010G268900
Sobic.010G033800,Sobic.009G214100,,Sobic.006G270300,Sobic.010G269950
Sobic.001G496800,Sobic.009G215400,,Sobic.006G278000,
Sobic.003G227800,Sobic.009G242600,,Sobic.007G000700,
Sobic.003G227700,Sobic.009G257700,,Sobic.007G001500,
Sobic.003G227900,Sobic.010G004800,,Sobic.007G001900,
Sobic.003G228000,Sobic.010G034500,,Sobic.007G008400,
Sobic.003G228100,Sobic.010G039000,,Sobic.007G010000,
Sobic.003G228300,Sobic.010G062100,,Sobic.007G016800,
Sobic.003G228500,Sobic.010G112800,,Sobic.007G019600,
Sobic.003G228600,Sobic.010G122000,,Sobic.007G027900,
Sobic.003G228200,Sobic.010G138000,,Sobic.007G028600,
Sobic.003G228700,Sobic.010G177100,,Sobic.007G046900,
Sobic.003G228400,Sobic.010G193800,,Sobic.007G053800,
Sobic.003G228900,Sobic.010G195100,,Sobic.007G063200,
Sobic.003G229100,Sobic.010G211200,,Sobic.007G075600,
Sobic.003G229200,Sobic.010G253100,,Sobic.007G084200,
Sobic.003G229000,Sobic.010G253400,,Sobic.007G084300,
Sobic.003G109832,Sobic.010G267400,,Sobic.007G090436,
Sobic.010G182966,Sobic.010G280100,,Sobic.007G090460,
Sobic.K043800,Sobic.001G002800,,Sobic.007G090537,
Sobic.002G388800,Sobic.001G004600,,Sobic.007G090600,
Sobic.002G388900,Sobic.001G008400,,Sobic.007G091900,
Sobic.002G389000,Sobic.001G008900,,Sobic.007G103800,
Sobic.009G133100,Sobic.001G014200,,Sobic.007G112100,
Sobic.001G359400,Sobic.001G021500,,Sobic.007G113900,
Sobic.002G389100,Sobic.001G023500,,Sobic.007G114500,
Sobic.003G156200,Sobic.001G025500,,Sobic.007G116500,
Sobic.010G070000,Sobic.001G029500,,Sobic.007G116800,
Sobic.010G069900,Sobic.001G029800,,Sobic.007G118500,
Sobic.004G086400,Sobic.001G030600,,Sobic.007G119500,
Sobic.002G398600,Sobic.001G033300,,Sobic.007G125300,
Sobic.010G069700,Sobic.001G038300,,Sobic.007G129000,
Sobic.010G069800,Sobic.001G040500,,Sobic.007G130000,
Sobic.001G359500,Sobic.001G046400,,Sobic.007G131200,
Sobic.001G359300,Sobic.001G047900,,Sobic.007G139500,
Sobic.002G197000,Sobic.001G049600,,Sobic.007G148300,
Sobic.007G133600,Sobic.001G050200,,Sobic.007G150800,
Sobic.009G176400,Sobic.001G054600,,Sobic.007G151500,
Sobic.005G015450,Sobic.001G059900,,Sobic.007G154800,
Sobic.005G015600,Sobic.001G063500,,Sobic.007G158000,
Sobic.002G419600,Sobic.001G066100,,Sobic.007G160300,
Sobic.004G352000,Sobic.001G069700,,Sobic.007G161600,
Sobic.003G403000,Sobic.001G073150,,Sobic.007G162000,
Sobic.007G020600,Sobic.001G074000,,Sobic.007G162600,
Sobic.001G454900,Sobic.001G074100,,Sobic.007G168900,
Sobic.003G149300,Sobic.001G075400,,Sobic.007G170300,
Sobic.002G286800,Sobic.001G076800,,Sobic.007G171400,
Sobic.008G006100,Sobic.001G077200,,Sobic.007G177000,
Sobic.005G005400,Sobic.001G078600,,Sobic.007G179400,
Sobic.004G019800,Sobic.001G080600,,Sobic.007G180200,
Sobic.009G224800,Sobic.001G081200,,Sobic.007G181000,
Sobic.004G284700,Sobic.001G083500,,Sobic.007G184800,
Sobic.006G075200,Sobic.001G085500,,Sobic.007G186200,
Sobic.006G075350,Sobic.001G086000,,Sobic.007G189100,
Sobic.010G220700,Sobic.001G088400,,Sobic.007G190200,
Sobic.006G075300,Sobic.001G090400,,Sobic.007G191800,
Sobic.010G112300,Sobic.001G094800,,Sobic.007G192000,
Sobic.004G250400,Sobic.001G102500,,Sobic.007G193700,
Sobic.K016500,Sobic.001G103000,,Sobic.007G194100,
Sobic.006G074100,Sobic.001G104500,,Sobic.007G201500,
Sobic.001G353200,Sobic.001G107100,,Sobic.007G203300,
Sobic.003G310200,Sobic.001G107200,,Sobic.007G206700,
Sobic.002G215800,Sobic.001G108100,,Sobic.007G210200,
Sobic.006G170300,Sobic.001G108500,,Sobic.007G213400,
Sobic.003G293600,Sobic.001G109700,,Sobic.007G216700,
Sobic.003G269600,Sobic.001G116000,,Sobic.007G219100,
Sobic.003G269500,Sobic.001G116900,,Sobic.007G220400,
Sobic.001G121600,Sobic.001G121900,,Sobic.007G223500,
Sobic.001G465100,Sobic.001G130700,,Sobic.007G223701,
Sobic.010G043000,Sobic.001G131800,,Sobic.008G005100,
Sobic.004G087700,Sobic.001G131900,,Sobic.008G005800,
Sobic.004G087800,Sobic.001G138000,,Sobic.008G010900,
Sobic.003G215600,Sobic.001G140000,,Sobic.008G014100,
Sobic.003G216000,Sobic.001G140600,,Sobic.008G016200,
Sobic.002G372100,Sobic.001G143200,,Sobic.008G017800,
Sobic.001G428600,Sobic.001G146000,,Sobic.008G021900,
Sobic.008G169300,Sobic.001G147900,,Sobic.008G023300,
Sobic.003G370200,Sobic.001G148200,,Sobic.008G026700,
Sobic.003G223500,Sobic.001G154200,,Sobic.008G039800,
Sobic.001G450000,Sobic.001G155700,,Sobic.008G072050,
Sobic.003G293300,Sobic.001G157100,,Sobic.008G078000,
Sobic.001G149400,Sobic.001G158200,,Sobic.008G083500,
Sobic.001G120900,Sobic.001G161500,,Sobic.008G088200,
Sobic.003G348100,Sobic.001G161601,,Sobic.008G088821,
Sobic.007G202700,Sobic.001G162400,,Sobic.008G089100,
Sobic.003G392800,Sobic.001G169900,,Sobic.008G091400,
Sobic.003G352600,Sobic.001G177900,,Sobic.008G093000,
Sobic.005G046250,Sobic.001G179100,,Sobic.008G094000,
Sobic.005G005000,Sobic.001G189000,,Sobic.008G095150,
Sobic.001G015300,Sobic.001G191300,,Sobic.008G095200,
Sobic.001G023700,Sobic.001G192700,,Sobic.008G098600,
Sobic.001G062066,Sobic.001G196000,,Sobic.008G101300,
Sobic.001G086400,Sobic.001G201000,,Sobic.008G102800,
Sobic.001G123900,Sobic.001G205000,,Sobic.008G104000,
Sobic.001G182600,Sobic.001G216800,,Sobic.008G110200,
Sobic.001G185200,Sobic.001G222900,,Sobic.008G110700,
Sobic.001G268700,Sobic.001G224300,,Sobic.008G112200,
Sobic.001G273800,Sobic.001G230300,,Sobic.008G118700,
Sobic.001G314700,Sobic.001G231200,,Sobic.008G124000,
Sobic.001G416500,Sobic.001G232000,,Sobic.008G126800,
Sobic.001G500100,Sobic.001G240500,,Sobic.008G137300,
Sobic.002G010500,Sobic.001G250100,,Sobic.008G141200,
Sobic.002G034100,Sobic.001G261448,,Sobic.008G148400,
Sobic.002G044400,Sobic.001G261545,,Sobic.008G156900,
Sobic.002G075400,Sobic.001G261549,,Sobic.008G160400,
Sobic.002G079200,Sobic.001G262500,,Sobic.008G160600,
Sobic.002G106700,Sobic.001G263300,,Sobic.008G164800,
Sobic.002G122300,Sobic.001G267800,,Sobic.008G169800,
Sobic.002G128300,Sobic.001G276800,,Sobic.008G171600,
Sobic.002G159750,Sobic.001G285200,,Sobic.008G171900,
Sobic.002G174700,Sobic.001G293100,,Sobic.008G173400,
Sobic.002G184300,Sobic.001G294400,,Sobic.008G181400,
Sobic.002G210100,Sobic.001G295900,,Sobic.008G183900,
Sobic.002G217300,Sobic.001G296100,,Sobic.008G188800,
Sobic.002G227000,Sobic.001G298600,,Sobic.008G189100,
Sobic.002G256601,Sobic.001G299600,,Sobic.009G002200,
Sobic.002G265400,Sobic.001G300400,,Sobic.009G002400,
Sobic.002G266200,Sobic.001G300500,,Sobic.009G012900,
Sobic.002G285450,Sobic.001G302300,,Sobic.009G016100,
Sobic.002G311900,Sobic.001G302900,,Sobic.009G017500,
Sobic.002G358100,Sobic.001G304100,,Sobic.009G019000,
Sobic.002G394900,Sobic.001G304800,,Sobic.009G024100,
Sobic.003G010200,Sobic.001G307600,,Sobic.009G025400,
Sobic.003G017300,Sobic.001G313100,,Sobic.009G032100,
Sobic.003G026000,Sobic.001G320500,,Sobic.009G032800,
Sobic.003G073750,Sobic.001G321000,,Sobic.009G033400,
Sobic.003G076800,Sobic.001G325700,,Sobic.009G033600,
Sobic.003G077001,Sobic.001G334900,,Sobic.009G034500,
Sobic.003G088200,Sobic.001G345100,,Sobic.009G035300,
Sobic.003G155600,Sobic.001G347700,,Sobic.009G036500,
Sobic.003G156000,Sobic.001G351500,,Sobic.009G048000,
Sobic.003G186300,Sobic.001G352700,,Sobic.009G053600,
Sobic.003G224200,Sobic.001G358200,,Sobic.009G054301,
Sobic.003G244900,Sobic.001G361800,,Sobic.009G056400,
Sobic.003G247800,Sobic.001G364200,,Sobic.009G059600,
Sobic.003G286000,Sobic.001G366700,,Sobic.009G060300,
Sobic.003G315800,Sobic.001G368300,,Sobic.009G061000,
Sobic.003G318001,Sobic.001G369200,,Sobic.009G070800,
Sobic.003G379500,Sobic.001G371300,,Sobic.009G074300,
Sobic.003G387400,Sobic.001G373200,,Sobic.009G079100,
Sobic.003G414100,Sobic.001G377700,,Sobic.009G080400,
Sobic.003G421700,Sobic.001G379000,,Sobic.009G080900,
Sobic.003G422200,Sobic.001G379500,,Sobic.009G083800,
Sobic.004G013200,Sobic.001G380700,,Sobic.009G088200,
Sobic.004G108600,Sobic.001G381100,,Sobic.009G101100,
Sobic.004G109400,Sobic.001G384700,,Sobic.009G102800,
Sobic.004G114200,Sobic.001G387000,,Sobic.009G103700,
Sobic.004G123801,Sobic.001G388000,,Sobic.009G104800,
Sobic.004G147900,Sobic.001G389600,,Sobic.009G105000,
Sobic.004G160100,Sobic.001G392200,,Sobic.009G105500,
Sobic.004G169200,Sobic.001G393000,,Sobic.009G117100,
Sobic.004G190800,Sobic.001G397700,,Sobic.009G123000,
Sobic.004G226300,Sobic.001G399200,,Sobic.009G124800,
Sobic.004G230800,Sobic.001G402400,,Sobic.009G125800,
Sobic.004G254100,Sobic.001G403200,,Sobic.009G125900,
Sobic.004G349237,Sobic.001G405000,,Sobic.009G129400,
Sobic.005G050100,Sobic.001G406700,,Sobic.009G129500,
Sobic.005G076100,Sobic.001G407100,,Sobic.009G133700,
Sobic.005G087800,Sobic.001G416000,,Sobic.009G134000,
Sobic.005G129716,Sobic.001G427600,,Sobic.009G138300,
Sobic.005G129732,Sobic.001G428000,,Sobic.009G141700,
Sobic.005G129748,Sobic.001G435700,,Sobic.009G143200,
Sobic.005G129780,Sobic.001G437300,,Sobic.009G148000,
Sobic.005G129950,Sobic.001G437500,,Sobic.009G151100,
Sobic.005G151350,Sobic.001G439000,,Sobic.009G151700,
Sobic.005G152500,Sobic.001G439400,,Sobic.009G153800,
Sobic.005G214150,Sobic.001G442800,,Sobic.009G160700,
Sobic.005G226700,Sobic.001G449500,,Sobic.009G160800,
Sobic.005G227200,Sobic.001G451800,,Sobic.009G162500,
Sobic.005G227300,Sobic.001G452200,,Sobic.009G162700,
Sobic.005G227400,Sobic.001G452900,,Sobic.009G170500,
Sobic.005G230600,Sobic.001G453900,,Sobic.009G172950,
Sobic.005G230900,Sobic.001G455700,,Sobic.009G175200,
Sobic.005G231000,Sobic.001G461200,,Sobic.009G176600,
Sobic.005G231800,Sobic.001G461800,,Sobic.009G181800,
Sobic.006G020350,Sobic.001G463800,,Sobic.009G188000,
Sobic.006G025132,Sobic.001G468000,,Sobic.009G195300,
Sobic.006G027800,Sobic.001G468500,,Sobic.009G196300,
Sobic.006G048000,Sobic.001G470600,,Sobic.009G202900,
Sobic.006G054900,Sobic.001G479600,,Sobic.009G205800,
Sobic.006G082200,Sobic.001G484000,,Sobic.009G206500,
Sobic.006G091700,Sobic.001G488400,,Sobic.009G208700,
Sobic.006G120100,Sobic.001G488900,,Sobic.009G210400,
Sobic.006G143800,Sobic.001G496700,,Sobic.009G211600,
Sobic.006G192400,Sobic.001G505300,,Sobic.009G219700,
Sobic.006G197200,Sobic.001G506700,,Sobic.009G225200,
Sobic.007G107600,Sobic.001G513700,,Sobic.009G225500,
Sobic.007G183500,Sobic.001G518000,,Sobic.009G226300,
Sobic.007G210801,Sobic.001G518300,,Sobic.009G227000,
Sobic.007G215200,Sobic.001G518600,,Sobic.009G228700,
Sobic.007G215300,Sobic.001G522300,,Sobic.009G229000,
Sobic.008G048800,Sobic.001G525600,,Sobic.009G232100,
Sobic.008G132500,Sobic.001G527900,,Sobic.009G244900,
Sobic.008G134401,Sobic.001G542200,,Sobic.009G246700,
Sobic.008G158900,Sobic.002G003200,,Sobic.009G246950,
Sobic.008G180800,Sobic.002G003800,,Sobic.009G251100,
Sobic.008G184800,Sobic.002G004100,,Sobic.009G258400,
Sobic.009G019800,Sobic.002G005100,,Sobic.010G003100,
Sobic.009G043500,Sobic.002G007200,,Sobic.010G008900,
Sobic.009G084600,Sobic.002G016400,,Sobic.010G010100,
Sobic.009G107500,Sobic.002G032500,,Sobic.010G016300,
Sobic.009G128300,Sobic.002G050500,,Sobic.010G016600,
Sobic.009G158200,Sobic.002G053900,,Sobic.010G024000,
Sobic.009G158500,Sobic.002G057500,,Sobic.010G025000,
Sobic.009G158600,Sobic.002G070300,,Sobic.010G025100,
Sobic.009G221701,Sobic.002G072100,,Sobic.010G036000,
Sobic.009G227300,Sobic.002G072700,,Sobic.010G042000,
Sobic.009G254700,Sobic.002G085900,,Sobic.010G048700,
Sobic.010G043900,Sobic.002G086900,,Sobic.010G055500,
Sobic.010G044300,Sobic.002G090500,,Sobic.010G068800,
Sobic.010G068900,Sobic.002G093400,,Sobic.010G071100,
Sobic.010G073300,Sobic.002G094600,,Sobic.010G078300,
Sobic.010G106800,Sobic.002G113400,,Sobic.010G085400,
Sobic.010G118900,Sobic.002G113600,,Sobic.010G086800,
Sobic.010G122900,Sobic.002G116900,,Sobic.010G090500,
Sobic.010G193200,Sobic.002G118700,,Sobic.010G092400,
Sobic.010G207800,Sobic.002G125000,,Sobic.010G096100,
Sobic.010G231400,Sobic.002G125700,,Sobic.010G096700,
Sobic.010G236800,Sobic.002G132400,,Sobic.010G098700,
,Sobic.002G142200,,Sobic.010G100700,
,Sobic.002G147200,,Sobic.010G101100,
,Sobic.002G153000,,Sobic.010G105400,
,Sobic.002G158900,,Sobic.010G118300,
,Sobic.002G160800,,Sobic.010G122100,
,Sobic.002G164600,,Sobic.010G126100,
,Sobic.002G174100,,Sobic.010G129700,
,Sobic.002G179900,,Sobic.010G134000,
,Sobic.002G180100,,Sobic.010G143300,
,Sobic.002G187400,,Sobic.010G147200,
,Sobic.002G189000,,Sobic.010G147700,
,Sobic.002G200400,,Sobic.010G152300,
,Sobic.002G202500,,Sobic.010G152400,
,Sobic.002G205500,,Sobic.010G152500,
,Sobic.002G207900,,Sobic.010G158832,
,Sobic.002G213600,,Sobic.010G165200,
,Sobic.002G216100,,Sobic.010G168500,
,Sobic.002G220600,,Sobic.010G176900,
,Sobic.002G222200,,Sobic.010G177300,
,Sobic.002G225100,,Sobic.010G181500,
,Sobic.002G230900,,Sobic.010G181600,
,Sobic.002G235700,,Sobic.010G192500,
,Sobic.002G239700,,Sobic.010G193600,
,Sobic.002G241100,,Sobic.010G199700,
,Sobic.002G241700,,Sobic.010G207700,
,Sobic.002G246000,,Sobic.010G209800,
,Sobic.002G251100,,Sobic.010G211700,
,Sobic.002G252000,,Sobic.010G211800,
,Sobic.002G254900,,Sobic.010G212500,
,Sobic.002G255500,,Sobic.010G212800,
,Sobic.002G256300,,Sobic.010G216400,
,Sobic.002G275100,,Sobic.010G216700,
,Sobic.002G276600,,Sobic.010G222800,
,Sobic.002G278200,,Sobic.010G230300,
,Sobic.002G279300,,Sobic.010G232000,
,Sobic.002G284000,,Sobic.010G232500,
,Sobic.002G284100,,Sobic.010G235200,
,Sobic.002G286100,,Sobic.010G235600,
,Sobic.002G286700,,Sobic.010G244600,
,Sobic.002G300600,,Sobic.010G253200,
,Sobic.002G301400,,Sobic.010G254700,
,Sobic.002G302800,,Sobic.010G255000,
,Sobic.002G304000,,Sobic.010G255900,
,Sobic.002G306300,,Sobic.010G260800,
,Sobic.002G309800,,Sobic.010G265600,
,Sobic.002G313000,,Sobic.010G274000,
,Sobic.002G314500,,Sobic.K009800,
,Sobic.002G314800,,Sobic.K026200,
,Sobic.002G319300,,,
,Sobic.002G320600,,,
,Sobic.002G324400,,,
,Sobic.002G334000,,,
,Sobic.002G335300,,,
,Sobic.002G340100,,,
,Sobic.002G340700,,,
,Sobic.002G342100,,,
,Sobic.002G343000,,,
,Sobic.002G343400,,,
,Sobic.002G343600,,,
,Sobic.002G351100,,,
,Sobic.002G353800,,,
,Sobic.002G362700,,,
,Sobic.002G365700,,,
,Sobic.002G367300,,,
,Sobic.002G367700,,,
,Sobic.002G368300,,,
,Sobic.002G384000,,,
,Sobic.002G386400,,,
,Sobic.002G387600,,,
,Sobic.002G388700,,,
,Sobic.002G391900,,,
,Sobic.002G393600,,,
,Sobic.002G394500,,,
,Sobic.002G395500,,,
,Sobic.002G399000,,,
,Sobic.002G400200,,,
,Sobic.002G403700,,,
,Sobic.002G407700,,,
,Sobic.002G411900,,,
,Sobic.002G416000,,,
,Sobic.002G420000,,,
,Sobic.002G424600,,,
,Sobic.002G428900,,,
,Sobic.002G430500,,,
,Sobic.002G431500,,,
,Sobic.003G000100,,,
,Sobic.003G008700,,,
,Sobic.003G013700,,,
,Sobic.003G017500,,,
,Sobic.003G024000,,,
,Sobic.003G027600,,,
,Sobic.003G031700,,,
,Sobic.003G032200,,,
,Sobic.003G033800,,,
,Sobic.003G035601,,,
,Sobic.003G039900,,,
,Sobic.003G041700,,,
,Sobic.003G043900,,,
,Sobic.003G046700,,,
,Sobic.003G047200,,,
,Sobic.003G052000,,,
,Sobic.003G052100,,,
,Sobic.003G055600,,,
,Sobic.003G061800,,,
,Sobic.003G062101,,,
,Sobic.003G074801,,,
,Sobic.003G074900,,,
,Sobic.003G087700,,,
,Sobic.003G095500,,,
,Sobic.003G097300,,,
,Sobic.003G108900,,,
,Sobic.003G118100,,,
,Sobic.003G121000,,,
,Sobic.003G121100,,,
,Sobic.003G128700,,,
,Sobic.003G133900,,,
,Sobic.003G138400,,,
,Sobic.003G150600,,,
,Sobic.003G151300,,,
,Sobic.003G153100,,,
,Sobic.003G158000,,,
,Sobic.003G159700,,,
,Sobic.003G174900,,,
,Sobic.003G177350,,,
,Sobic.003G183300,,,
,Sobic.003G183700,,,
,Sobic.003G183800,,,
,Sobic.003G184500,,,
,Sobic.003G185900,,,
,Sobic.003G191600,,,
,Sobic.003G201000,,,
,Sobic.003G203800,,,
,Sobic.003G211800,,,
,Sobic.003G212700,,,
,Sobic.003G212800,,,
,Sobic.003G214800,,,
,Sobic.003G217632,,,
,Sobic.003G219300,,,
,Sobic.003G220500,,,
,Sobic.003G222300,,,
,Sobic.003G222600,,,
,Sobic.003G226700,,,
,Sobic.003G230200,,,
,Sobic.003G239100,,,
,Sobic.003G247600,,,
,Sobic.003G256900,,,
,Sobic.003G260700,,,
,Sobic.003G265600,,,
,Sobic.003G265701,,,
,Sobic.003G266400,,,
,Sobic.003G269900,,,
,Sobic.003G276901,,,
,Sobic.003G277200,,,
,Sobic.003G282300,,,
,Sobic.003G286400,,,
,Sobic.003G288000,,,
,Sobic.003G289400,,,
,Sobic.003G289800,,,
,Sobic.003G291000,,,
,Sobic.003G292700,,,
,Sobic.003G293400,,,
,Sobic.003G294500,,,
,Sobic.003G296400,,,
,Sobic.003G298600,,,
,Sobic.003G305700,,,
,Sobic.003G309400,,,
,Sobic.003G312550,,,
,Sobic.003G315166,,,
,Sobic.003G315700,,,
,Sobic.003G317100,,,
,Sobic.003G320500,,,
,Sobic.003G327000,,,
,Sobic.003G328500,,,
,Sobic.003G328600,,,
,Sobic.003G328800,,,
,Sobic.003G334700,,,
,Sobic.003G336900,,,
,Sobic.003G345200,,,
,Sobic.003G346500,,,
,Sobic.003G349800,,,
,Sobic.003G352300,,,
,Sobic.003G355500,,,
,Sobic.003G356800,,,
,Sobic.003G359500,,,
,Sobic.003G359600,,,
,Sobic.003G364900,,,
,Sobic.003G366300,,,
,Sobic.003G368600,,,
,Sobic.003G373300,,,
,Sobic.003G373800,,,
,Sobic.003G374100,,,
,Sobic.003G378400,,,
,Sobic.003G384100,,,
,Sobic.003G385900,,,
,Sobic.003G387300,,,
,Sobic.003G387600,,,
,Sobic.003G388300,,,
,Sobic.003G389100,,,
,Sobic.003G390500,,,
,Sobic.003G394100,,,
,Sobic.003G409500,,,
,Sobic.003G409600,,,
,Sobic.003G410800,,,
,Sobic.003G418700,,,
,Sobic.003G420100,,,
,Sobic.003G432000,,,
,Sobic.003G435200,,,
,Sobic.003G437300,,,
,Sobic.003G441601,,,
,Sobic.003G442300,,,
,Sobic.003G445400,,,
,Sobic.004G002100,,,
,Sobic.004G002600,,,
,Sobic.004G007600,,,
,Sobic.004G008600,,,
,Sobic.004G010000,,,
,Sobic.004G013500,,,
,Sobic.004G034300,,,
,Sobic.004G042000,,,
,Sobic.004G046400,,,
,Sobic.004G047100,,,
,Sobic.004G051300,,,
,Sobic.004G053900,,,
,Sobic.004G054000,,,
,Sobic.004G066900,,,
,Sobic.004G068800,,,
,Sobic.004G073800,,,
,Sobic.004G078900,,,
,Sobic.004G081400,,,
,Sobic.004G095200,,,
,Sobic.004G099600,,,
,Sobic.004G105100,,,
,Sobic.004G107900,,,
,Sobic.004G108400,,,
,Sobic.004G113600,,,
,Sobic.004G115600,,,
,Sobic.004G115700,,,
,Sobic.004G117400,,,
,Sobic.004G126700,,,
,Sobic.004G130800,,,
,Sobic.004G132400,,,
,Sobic.004G140000,,,
,Sobic.004G149800,,,
,Sobic.004G151300,,,
,Sobic.004G153700,,,
,Sobic.004G153800,,,
,Sobic.004G165300,,,
,Sobic.004G177400,,,
,Sobic.004G180400,,,
,Sobic.004G180700,,,
,Sobic.004G183400,,,
,Sobic.004G184700,,,
,Sobic.004G188100,,,
,Sobic.004G188600,,,
,Sobic.004G190200,,,
,Sobic.004G193500,,,
,Sobic.004G197400,,,
,Sobic.004G209100,,,
,Sobic.004G216700,,,
,Sobic.004G219700,,,
,Sobic.004G221300,,,
,Sobic.004G229400,,,
,Sobic.004G232600,,,
,Sobic.004G237000,,,
,Sobic.004G237600,,,
,Sobic.004G241300,,,
,Sobic.004G243800,,,
,Sobic.004G246500,,,
,Sobic.004G247300,,,
,Sobic.004G253000,,,
,Sobic.004G253300,,,
,Sobic.004G253500,,,
,Sobic.004G257600,,,
,Sobic.004G257700,,,
,Sobic.004G259101,,,
,Sobic.004G261700,,,
,Sobic.004G261800,,,
,Sobic.004G263700,,,
,Sobic.004G266500,,,
,Sobic.004G271300,,,
,Sobic.004G281300,,,
,Sobic.004G283800,,,
,Sobic.004G284900,,,
,Sobic.004G287600,,,
,Sobic.004G294800,,,
,Sobic.004G295100,,,
,Sobic.004G297900,,,
,Sobic.004G305700,,,
,Sobic.004G307300,,,
,Sobic.004G309800,,,
,Sobic.004G315700,,,
,Sobic.004G318200,,,
,Sobic.004G328300,,,
,Sobic.004G330000,,,
,Sobic.004G332800,,,
,Sobic.004G333600,,,
,Sobic.004G337200,,,
,Sobic.004G339500,,,
,Sobic.004G339900,,,
,Sobic.004G341700,,,
,Sobic.004G347300,,,
,Sobic.004G348800,,,
,Sobic.004G349800,,,
,Sobic.004G352800,,,
,Sobic.004G354800,,,
,Sobic.005G000500,,,
,Sobic.005G004800,,,
,Sobic.005G004900,,,
,Sobic.005G022500,,,
,Sobic.005G028800,,,
,Sobic.005G035000,,,
,Sobic.005G039700,,,
,Sobic.005G047700,,,
,Sobic.005G049600,,,
,Sobic.005G052500,,,
,Sobic.005G055600,,,
,Sobic.005G056800,,,
,Sobic.005G057301,,,
,Sobic.005G057700,,,
,Sobic.005G059800,,,
,Sobic.005G062600,,,
,Sobic.005G063600,,,
,Sobic.005G064700,,,
,Sobic.005G065900,,,
,Sobic.005G066000,,,
,Sobic.005G066100,,,
,Sobic.005G069500,,,
,Sobic.005G072600,,,
,Sobic.005G072700,,,
,Sobic.005G087600,,,
,Sobic.005G098400,,,
,Sobic.005G099500,,,
,Sobic.005G107900,,,
,Sobic.005G110553,,,
,Sobic.005G110600,,,
,Sobic.005G112100,,,
,Sobic.005G121700,,,
,Sobic.005G129600,,,
,Sobic.005G140001,,,
,Sobic.005G144600,,,
,Sobic.005G149600,,,
,Sobic.005G163800,,,
,Sobic.005G169700,,,
,Sobic.005G171300,,,
,Sobic.005G172500,,,
,Sobic.005G192500,,,
,Sobic.005G219700,,,
,Sobic.005G219900,,,
,Sobic.005G222600,,,
,Sobic.005G228250,,,
,Sobic.005G229100,,,
,Sobic.006G001000,,,
,Sobic.006G001600,,,
,Sobic.006G008100,,,
,Sobic.006G013300,,,
,Sobic.006G014400,,,
,Sobic.006G017600,,,
,Sobic.006G022200,,,
,Sobic.006G028900,,,
,Sobic.006G053000,,,
,Sobic.006G063800,,,
,Sobic.006G071628,,,
,Sobic.006G081000,,,
,Sobic.006G083400,,,
,Sobic.006G091400,,,
,Sobic.006G101500,,,
,Sobic.006G102900,,,
,Sobic.006G105600,,,
,Sobic.006G108500,,,
,Sobic.006G112600,,,
,Sobic.006G112800,,,
,Sobic.006G124200,,,
,Sobic.006G124400,,,
,Sobic.006G129800,,,
,Sobic.006G130200,,,
,Sobic.006G140300,,,
,Sobic.006G146300,,,
,Sobic.006G147900,,,
,Sobic.006G149400,,,
,Sobic.006G150100,,,
,Sobic.006G154500,,,
,Sobic.006G155900,,,
,Sobic.006G157600,,,
,Sobic.006G163600,,,
,Sobic.006G164400,,,
,Sobic.006G169800,,,
,Sobic.006G170600,,,
,Sobic.006G179200,,,
,Sobic.006G181900,,,
,Sobic.006G182000,,,
,Sobic.006G182200,,,
,Sobic.006G183900,,,
,Sobic.006G187401,,,
,Sobic.006G191900,,,
,Sobic.006G192700,,,
,Sobic.006G193100,,,
,Sobic.006G196900,,,
,Sobic.006G198800,,,
,Sobic.006G201300,,,
,Sobic.006G202600,,,
,Sobic.006G205500,,,
,Sobic.006G209500,,,
,Sobic.006G213500,,,
,Sobic.006G214000,,,
,Sobic.006G218600,,,
,Sobic.006G218900,,,
,Sobic.006G219100,,,
,Sobic.006G222400,,,
,Sobic.006G223900,,,
,Sobic.006G226200,,,
,Sobic.006G234300,,,
,Sobic.006G235700,,,
,Sobic.006G236800,,,
,Sobic.006G245600,,,
,Sobic.006G255300,,,
,Sobic.006G262600,,,
,Sobic.006G263300,,,
,Sobic.006G267500,,,
,Sobic.006G267800,,,
,Sobic.006G270300,,,
,Sobic.006G278000,,,
,Sobic.007G000700,,,
,Sobic.007G001500,,,
,Sobic.007G001900,,,
,Sobic.007G008400,,,
,Sobic.007G010000,,,
,Sobic.007G016800,,,
,Sobic.007G019600,,,
,Sobic.007G027900,,,
,Sobic.007G028600,,,
,Sobic.007G046900,,,
,Sobic.007G053800,,,
,Sobic.007G063200,,,
,Sobic.007G075600,,,
,Sobic.007G084200,,,
,Sobic.007G084300,,,
,Sobic.007G090436,,,
,Sobic.007G090460,,,
,Sobic.007G090537,,,
,Sobic.007G090600,,,
,Sobic.007G091900,,,
,Sobic.007G103800,,,
,Sobic.007G112100,,,
,Sobic.007G113900,,,
,Sobic.007G114500,,,
,Sobic.007G116500,,,
,Sobic.007G116800,,,
,Sobic.007G118500,,,
,Sobic.007G119500,,,
,Sobic.007G125300,,,
,Sobic.007G129000,,,
,Sobic.007G130000,,,
,Sobic.007G131200,,,
,Sobic.007G139500,,,
,Sobic.007G148300,,,
,Sobic.007G150800,,,
,Sobic.007G151500,,,
,Sobic.007G154800,,,
,Sobic.007G158000,,,
,Sobic.007G160300,,,
,Sobic.007G161600,,,
,Sobic.007G162000,,,
,Sobic.007G162600,,,
,Sobic.007G168900,,,
,Sobic.007G170300,,,
,Sobic.007G171400,,,
,Sobic.007G177000,,,
,Sobic.007G179400,,,
,Sobic.007G180200,,,
,Sobic.007G181000,,,
,Sobic.007G184800,,,
,Sobic.007G186200,,,
,Sobic.007G189100,,,
,Sobic.007G190200,,,
,Sobic.007G191800,,,
,Sobic.007G192000,,,
,Sobic.007G193700,,,
,Sobic.007G194100,,,
,Sobic.007G201500,,,
,Sobic.007G203300,,,
,Sobic.007G206700,,,
,Sobic.007G210200,,,
,Sobic.007G213400,,,
,Sobic.007G216700,,,
,Sobic.007G219100,,,
,Sobic.007G220400,,,
,Sobic.007G223500,,,
,Sobic.007G223701,,,
,Sobic.008G005100,,,
,Sobic.008G005800,,,
,Sobic.008G010900,,,
,Sobic.008G014100,,,
,Sobic.008G016200,,,
,Sobic.008G017800,,,
,Sobic.008G021900,,,
,Sobic.008G023300,,,
,Sobic.008G026700,,,
,Sobic.008G039800,,,
,Sobic.008G072050,,,
,Sobic.008G078000,,,
,Sobic.008G083500,,,
,Sobic.008G088200,,,
,Sobic.008G088821,,,
,Sobic.008G089100,,,
,Sobic.008G091400,,,
,Sobic.008G093000,,,
,Sobic.008G094000,,,
,Sobic.008G095150,,,
,Sobic.008G095200,,,
,Sobic.008G098600,,,
,Sobic.008G101300,,,
,Sobic.008G102800,,,
,Sobic.008G104000,,,
,Sobic.008G110200,,,
,Sobic.008G110700,,,
,Sobic.008G112200,,,
,Sobic.008G118700,,,
,Sobic.008G124000,,,
,Sobic.008G126800,,,
,Sobic.008G137300,,,
,Sobic.008G141200,,,
,Sobic.008G148400,,,
,Sobic.008G156900,,,
,Sobic.008G160400,,,
,Sobic.008G160600,,,
,Sobic.008G164800,,,
,Sobic.008G169800,,,
,Sobic.008G171600,,,
,Sobic.008G171900,,,
,Sobic.008G173400,,,
,Sobic.008G181400,,,
,Sobic.008G183900,,,
,Sobic.008G188800,,,
,Sobic.008G189100,,,
,Sobic.009G002200,,,
,Sobic.009G002400,,,
,Sobic.009G012900,,,
,Sobic.009G016100,,,
,Sobic.009G017500,,,
,Sobic.009G019000,,,
,Sobic.009G024100,,,
,Sobic.009G025400,,,
,Sobic.009G032100,,,
,Sobic.009G032800,,,
,Sobic.009G033400,,,
,Sobic.009G033600,,,
,Sobic.009G034500,,,
,Sobic.009G035300,,,
,Sobic.009G036500,,,
,Sobic.009G048000,,,
,Sobic.009G053600,,,
,Sobic.009G054301,,,
,Sobic.009G056400,,,
,Sobic.009G059600,,,
,Sobic.009G060300,,,
,Sobic.009G061000,,,
,Sobic.009G070800,,,
,Sobic.009G074300,,,
,Sobic.009G079100,,,
,Sobic.009G080400,,,
,Sobic.009G080900,,,
,Sobic.009G083800,,,
,Sobic.009G088200,,,
,Sobic.009G101100,,,
,Sobic.009G102800,,,
,Sobic.009G103700,,,
,Sobic.009G104800,,,
,Sobic.009G105000,,,
,Sobic.009G105500,,,
,Sobic.009G117100,,,
,Sobic.009G123000,,,
,Sobic.009G124800,,,
,Sobic.009G125800,,,
,Sobic.009G125900,,,
,Sobic.009G129400,,,
,Sobic.009G129500,,,
,Sobic.009G133700,,,
,Sobic.009G134000,,,
,Sobic.009G138300,,,
,Sobic.009G141700,,,
,Sobic.009G143200,,,
,Sobic.009G148000,,,
,Sobic.009G151100,,,
,Sobic.009G151700,,,
,Sobic.009G153800,,,
,Sobic.009G160700,,,
,Sobic.009G160800,,,
,Sobic.009G162500,,,
,Sobic.009G162700,,,
,Sobic.009G170500,,,
,Sobic.009G172950,,,
,Sobic.009G175200,,,
,Sobic.009G176600,,,
,Sobic.009G181800,,,
,Sobic.009G188000,,,
,Sobic.009G195300,,,
,Sobic.009G196300,,,
,Sobic.009G202900,,,
,Sobic.009G205800,,,
,Sobic.009G206500,,,
,Sobic.009G208700,,,
,Sobic.009G210400,,,
,Sobic.009G211600,,,
,Sobic.009G219700,,,
,Sobic.009G225200,,,
,Sobic.009G225500,,,
,Sobic.009G226300,,,
,Sobic.009G227000,,,
,Sobic.009G228700,,,
,Sobic.009G229000,,,
,Sobic.009G232100,,,
,Sobic.009G244900,,,
,Sobic.009G246700,,,
,Sobic.009G246950,,,
,Sobic.009G251100,,,
,Sobic.009G258400,,,
,Sobic.010G003100,,,
,Sobic.010G008900,,,
,Sobic.010G010100,,,
,Sobic.010G016300,,,
,Sobic.010G016600,,,
,Sobic.010G024000,,,
,Sobic.010G025000,,,
,Sobic.010G025100,,,
,Sobic.010G036000,,,
,Sobic.010G042000,,,
,Sobic.010G048700,,,
,Sobic.010G055500,,,
,Sobic.010G068800,,,
,Sobic.010G071100,,,
,Sobic.010G078300,,,
,Sobic.010G085400,,,
,Sobic.010G086800,,,
,Sobic.010G090500,,,
,Sobic.010G092400,,,
,Sobic.010G096100,,,
,Sobic.010G096700,,,
,Sobic.010G098700,,,
,Sobic.010G100700,,,
,Sobic.010G101100,,,
,Sobic.010G105400,,,
,Sobic.010G118300,,,
,Sobic.010G122100,,,
,Sobic.010G126100,,,
,Sobic.010G129700,,,
,Sobic.010G134000,,,
,Sobic.010G143300,,,
,Sobic.010G147200,,,
,Sobic.010G147700,,,
,Sobic.010G152300,,,
,Sobic.010G152400,,,
,Sobic.010G152500,,,
,Sobic.010G158832,,,
,Sobic.010G165200,,,
,Sobic.010G168500,,,
,Sobic.010G176900,,,
,Sobic.010G177300,,,
,Sobic.010G181500,,,
,Sobic.010G181600,,,
,Sobic.010G192500,,,
,Sobic.010G193600,,,
,Sobic.010G199700,,,
,Sobic.010G207700,,,
,Sobic.010G209800,,,
,Sobic.010G211700,,,
,Sobic.010G211800,,,
,Sobic.010G212500,,,
,Sobic.010G212800,,,
,Sobic.010G216400,,,
,Sobic.010G216700,,,
,Sobic.010G222800,,,
,Sobic.010G230300,,,
,Sobic.010G232000,,,
,Sobic.010G232500,,,
,Sobic.010G235200,,,
,Sobic.010G235600,,,
,Sobic.010G244600,,,
,Sobic.010G253200,,,
,Sobic.010G254700,,,
,Sobic.010G255000,,,
,Sobic.010G255900,,,
,Sobic.010G260800,,,
,Sobic.010G265600,,,
,Sobic.010G274000,,,
,Sobic.K009800,,,
,Sobic.K026200,,,
,Sobic.001G005100,,,
,Sobic.001G011700,,,
,Sobic.001G022700,,,
,Sobic.001G032900,,,
,Sobic.001G034900,,,
,Sobic.001G044300,,,
,Sobic.001G048000,,,
,Sobic.001G048900,,,
,Sobic.001G062132,,,
,Sobic.001G099300,,,
,Sobic.001G099400,,,
,Sobic.001G102300,,,
,Sobic.001G105500,,,
,Sobic.001G109000,,,
,Sobic.001G139700,,,
,Sobic.001G144900,,,
,Sobic.001G156000,,,
,Sobic.001G160500,,,
,Sobic.001G162700,,,
,Sobic.001G173600,,,
,Sobic.001G174300,,,
,Sobic.001G174500,,,
,Sobic.001G180800,,,
,Sobic.001G181600,,,
,Sobic.001G182100,,,
,Sobic.001G193300,,,
,Sobic.001G194000,,,
,Sobic.001G194300,,,
,Sobic.001G203000,,,
,Sobic.001G205800,,,
,Sobic.001G209000,,,
,Sobic.001G209500,,,
,Sobic.001G210101,,,
,Sobic.001G210200,,,
,Sobic.001G210250,,,
,Sobic.001G210500,,,
,Sobic.001G210600,,,
,Sobic.001G211000,,,
,Sobic.001G211101,,,
,Sobic.001G211200,,,
,Sobic.001G216500,,,
,Sobic.001G218200,,,
,Sobic.001G218500,,,
,Sobic.001G221400,,,
,Sobic.001G222600,,,
,Sobic.001G226600,,,
,Sobic.001G226700,,,
,Sobic.001G227800,,,
,Sobic.001G233400,,,
,Sobic.001G233700,,,
,Sobic.001G253700,,,
,Sobic.001G265000,,,
,Sobic.001G273600,,,
,Sobic.001G274600,,,
,Sobic.001G288500,,,
,Sobic.001G305350,,,
,Sobic.001G307000,,,
,Sobic.001G310800,,,
,Sobic.001G311900,,,
,Sobic.001G318300,,,
,Sobic.001G318600,,,
,Sobic.001G321900,,,
,Sobic.001G322500,,,
,Sobic.001G331301,,,
,Sobic.001G334001,,,
,Sobic.001G337400,,,
,Sobic.001G339600,,,
,Sobic.001G343100,,,
,Sobic.001G349000,,,
,Sobic.001G350200,,,
,Sobic.001G354400,,,
,Sobic.001G354800,,,
,Sobic.001G357900,,,
,Sobic.001G367700,,,
,Sobic.001G378700,,,
,Sobic.001G390200,,,
,Sobic.001G391300,,,
,Sobic.001G395900,,,
,Sobic.001G396900,,,
,Sobic.001G405800,,,
,Sobic.001G409400,,,
,Sobic.001G424132,,,
,Sobic.001G425600,,,
,Sobic.001G426800,,,
,Sobic.001G430600,,,
,Sobic.001G451500,,,
,Sobic.001G454000,,,
,Sobic.001G456100,,,
,Sobic.001G461500,,,
,Sobic.001G471100,,,
,Sobic.001G508400,,,
,Sobic.001G512100,,,
,Sobic.001G514900,,,
,Sobic.001G515700,,,
,Sobic.001G516000,,,
,Sobic.001G543000,,,
,Sobic.002G009600,,,
,Sobic.002G041100,,,
,Sobic.002G044100,,,
,Sobic.002G044600,,,
,Sobic.002G061900,,,
,Sobic.002G062000,,,
,Sobic.002G065300,,,
,Sobic.002G065400,,,
,Sobic.002G065900,,,
,Sobic.002G079900,,,
,Sobic.002G109700,,,
,Sobic.002G109800,,,
,Sobic.002G109900,,,
,Sobic.002G110000,,,
,Sobic.002G116600,,,
,Sobic.002G132500,,,
,Sobic.002G135400,,,
,Sobic.002G135500,,,
,Sobic.002G135700,,,
,Sobic.002G141600,,,
,Sobic.002G141800,,,
,Sobic.002G143300,,,
,Sobic.002G153100,,,
,Sobic.002G154900,,,
,Sobic.002G157100,,,
,Sobic.002G165300,,,
,Sobic.002G178101,,,
,Sobic.002G180800,,,
,Sobic.002G183900,,,
,Sobic.002G185800,,,
,Sobic.002G188000,,,
,Sobic.002G188700,,,
,Sobic.002G196000,,,
,Sobic.002G208700,,,
,Sobic.002G215700,,,
,Sobic.002G218200,,,
,Sobic.002G223200,,,
,Sobic.002G227800,,,
,Sobic.002G229000,,,
,Sobic.002G229100,,,
,Sobic.002G229300,,,
,Sobic.002G229400,,,
,Sobic.002G238100,,,
,Sobic.002G238200,,,
,Sobic.002G242500,,,
,Sobic.002G246400,,,
,Sobic.002G269900,,,
,Sobic.002G281500,,,
,Sobic.002G294400,,,
,Sobic.002G297900,,,
,Sobic.002G301600,,,
,Sobic.002G302500,,,
,Sobic.002G311100,,,
,Sobic.002G316400,,,
,Sobic.002G316900,,,
,Sobic.002G321300,,,
,Sobic.002G322800,,,
,Sobic.002G323700,,,
,Sobic.002G327700,,,
,Sobic.002G329100,,,
,Sobic.002G334900,,,
,Sobic.002G336100,,,
,Sobic.002G336700,,,
,Sobic.002G337100,,,
,Sobic.002G342901,,,
,Sobic.002G345100,,,
,Sobic.002G352800,,,
,Sobic.002G354200,,,
,Sobic.002G361300,,,
,Sobic.002G368800,,,
,Sobic.002G375500,,,
,Sobic.002G378000,,,
,Sobic.002G379000,,,
,Sobic.002G379700,,,
,Sobic.002G383500,,,
,Sobic.002G383800,,,
,Sobic.002G384100,,,
,Sobic.002G385500,,,
,Sobic.002G387200,,,
,Sobic.002G388000,,,
,Sobic.002G390300,,,
,Sobic.002G391100,,,
,Sobic.002G399400,,,
,Sobic.002G400600,,,
,Sobic.002G401000,,,
,Sobic.002G416150,,,
,Sobic.002G416200,,,
,Sobic.002G421200,,,
,Sobic.003G000400,,,
,Sobic.003G001701,,,
,Sobic.003G006900,,,
,Sobic.003G008100,,,
,Sobic.003G011000,,,
,Sobic.003G024600,,,
,Sobic.003G039400,,,
,Sobic.003G054900,,,
,Sobic.003G070700,,,
,Sobic.003G080000,,,
,Sobic.003G082200,,,
,Sobic.003G082500,,,
,Sobic.003G089300,,,
,Sobic.003G100500,,,
,Sobic.003G108100,,,
,Sobic.003G111100,,,
,Sobic.003G114600,,,
,Sobic.003G126500,,,
,Sobic.003G130400,,,
,Sobic.003G143100,,,
,Sobic.003G144500,,,
,Sobic.003G144600,,,
,Sobic.003G154700,,,
,Sobic.003G157600,,,
,Sobic.003G158300,,,
,Sobic.003G161500,,,
,Sobic.003G166500,,,
,Sobic.003G183850,,,
,Sobic.003G184000,,,
,Sobic.003G185100,,,
,Sobic.003G190100,,,
,Sobic.003G194400,,,
,Sobic.003G224100,,,
,Sobic.003G226900,,,
,Sobic.003G228200,,,
,Sobic.003G232200,,,
,Sobic.003G240000,,,
,Sobic.003G241400,,,
,Sobic.003G242200,,,
,Sobic.003G243400,,,
,Sobic.003G244200,,,
,Sobic.003G252300,,,
,Sobic.003G257400,,,
,Sobic.003G264000,,,
,Sobic.003G270800,,,
,Sobic.003G271600,,,
,Sobic.003G278400,,,
,Sobic.003G281800,,,
,Sobic.003G282000,,,
,Sobic.003G286700,,,
,Sobic.003G291700,,,
,Sobic.003G293600,,,
,Sobic.003G295500,,,
,Sobic.003G301000,,,
,Sobic.003G304800,,,
,Sobic.003G317900,,,
,Sobic.003G318100,,,
,Sobic.003G318200,,,
,Sobic.003G318350,,,
,Sobic.003G318600,,,
,Sobic.003G318700,,,
,Sobic.003G326000,,,
,Sobic.003G326200,,,
,Sobic.003G335100,,,
,Sobic.003G337600,,,
,Sobic.003G342300,,,
,Sobic.003G346700,,,
,Sobic.003G356000,,,
,Sobic.003G359800,,,
,Sobic.003G363900,,,
,Sobic.003G364000,,,
,Sobic.003G364100,,,
,Sobic.003G368300,,,
,Sobic.003G368400,,,
,Sobic.003G370400,,,
,Sobic.003G372000,,,
,Sobic.003G376200,,,
,Sobic.003G392700,,,
,Sobic.003G392800,,,
,Sobic.003G395900,,,
,Sobic.003G417100,,,
,Sobic.003G428900,,,
,Sobic.003G431900,,,
,Sobic.003G435700,,,
,Sobic.003G443000,,,
,Sobic.004G007133,,,
,Sobic.004G021500,,,
,Sobic.004G021600,,,
,Sobic.004G021700,,,
,Sobic.004G022300,,,
,Sobic.004G022432,,,
,Sobic.004G022600,,,
,Sobic.004G022850,,,
,Sobic.004G022950,,,
,Sobic.004G047900,,,
,Sobic.004G051900,,,
,Sobic.004G053600,,,
,Sobic.004G068600,,,
,Sobic.004G068700,,,
,Sobic.004G068900,,,
,Sobic.004G073500,,,
,Sobic.004G075351,,,
,Sobic.004G075400,,,
,Sobic.004G077400,,,
,Sobic.004G113300,,,
,Sobic.004G113800,,,
,Sobic.004G114300,,,
,Sobic.004G114400,,,
,Sobic.004G114600,,,
,Sobic.004G115900,,,
,Sobic.004G116300,,,
,Sobic.004G124800,,,
,Sobic.004G125100,,,
,Sobic.004G132300,,,
,Sobic.004G148300,,,
,Sobic.004G148400,,,
,Sobic.004G155900,,,
,Sobic.004G162700,,,
,Sobic.004G165200,,,
,Sobic.004G166000,,,
,Sobic.004G177000,,,
,Sobic.004G180200,,,
,Sobic.004G185100,,,
,Sobic.004G185300,,,
,Sobic.004G188500,,,
,Sobic.004G195900,,,
,Sobic.004G196500,,,
,Sobic.004G232300,,,
,Sobic.004G235900,,,
,Sobic.004G251200,,,
,Sobic.004G251300,,,
,Sobic.004G260300,,,
,Sobic.004G266000,,,
,Sobic.004G270500,,,
,Sobic.004G286800,,,
,Sobic.004G288300,,,
,Sobic.004G290100,,,
,Sobic.004G298000,,,
,Sobic.004G299500,,,
,Sobic.004G304000,,,
,Sobic.004G304100,,,
,Sobic.004G304625,,,
,Sobic.004G316500,,,
,Sobic.004G318700,,,
,Sobic.004G321000,,,
,Sobic.004G323400,,,
,Sobic.004G325100,,,
,Sobic.004G343800,,,
,Sobic.004G351400,,,
,Sobic.005G003200,,,
,Sobic.005G004500,,,
,Sobic.005G013300,,,
,Sobic.005G013500,,,
,Sobic.005G017700,,,
,Sobic.005G021800,,,
,Sobic.005G025700,,,
,Sobic.005G038300,,,
,Sobic.005G050032,,,
,Sobic.005G050300,,,
,Sobic.005G053950,,,
,Sobic.005G060900,,,
,Sobic.005G061801,,,
,Sobic.005G062500,,,
,Sobic.005G071500,,,
,Sobic.005G072300,,,
,Sobic.005G085700,,,
,Sobic.005G086400,,,
,Sobic.005G097800,,,
,Sobic.005G101600,,,
,Sobic.005G103200,,,
,Sobic.005G112700,,,
,Sobic.005G121200,,,
,Sobic.005G122400,,,
,Sobic.005G123000,,,
,Sobic.005G127800,,,
,Sobic.005G129650,,,
,Sobic.005G136200,,,
,Sobic.005G136300,,,
,Sobic.005G138500,,,
,Sobic.005G141100,,,
,Sobic.005G146400,,,
,Sobic.005G146533,,,
,Sobic.005G146666,,,
,Sobic.005G146900,,,
,Sobic.005G152000,,,
,Sobic.005G156850,,,
,Sobic.005G161100,,,
,Sobic.005G161200,,,
,Sobic.005G161500,,,
,Sobic.005G161600,,,
,Sobic.005G161700,,,
,Sobic.005G165500,,,
,Sobic.005G165800,,,
,Sobic.005G168200,,,
,Sobic.005G182400,,,
,Sobic.005G203000,,,
,Sobic.005G213766,,,
,Sobic.005G213832,,,
,Sobic.005G213950,,,
,Sobic.005G214000,,,
,Sobic.006G000600,,,
,Sobic.006G000800,,,
,Sobic.006G006700,,,
,Sobic.006G014800,,,
,Sobic.006G018400,,,
,Sobic.006G021000,,,
,Sobic.006G021100,,,
,Sobic.006G022800,,,
,Sobic.006G023000,,,
,Sobic.006G023100,,,
,Sobic.006G023200,,,
,Sobic.006G023300,,,
,Sobic.006G023400,,,
,Sobic.006G023900,,,
,Sobic.006G025400,,,
,Sobic.006G026800,,,
,Sobic.006G026900,,,
,Sobic.006G027300,,,
,Sobic.006G027900,,,
,Sobic.006G034200,,,
,Sobic.006G034300,,,
,Sobic.006G036900,,,
,Sobic.006G037500,,,
,Sobic.006G049300,,,
,Sobic.006G050600,,,
,Sobic.006G063900,,,
,Sobic.006G075600,,,
,Sobic.006G080700,,,
,Sobic.006G093500,,,
,Sobic.006G096000,,,
,Sobic.006G106800,,,
,Sobic.006G107900,,,
,Sobic.006G113000,,,
,Sobic.006G113500,,,
,Sobic.006G114700,,,
,Sobic.006G116050,,,
,Sobic.006G116900,,,
,Sobic.006G117600,,,
,Sobic.006G121600,,,
,Sobic.006G137600,,,
,Sobic.006G146000,,,
,Sobic.006G148400,,,
,Sobic.006G148500,,,
,Sobic.006G152600,,,
,Sobic.006G152900,,,
,Sobic.006G165900,,,
,Sobic.006G166100,,,
,Sobic.006G173700,,,
,Sobic.006G176300,,,
,Sobic.006G177300,,,
,Sobic.006G178200,,,
,Sobic.006G178300,,,
,Sobic.006G184100,,,
,Sobic.006G188400,,,
,Sobic.006G192400,,,
,Sobic.006G196000,,,
,Sobic.006G201700,,,
,Sobic.006G206800,,,
,Sobic.006G208050,,,
,Sobic.006G209200,,,
,Sobic.006G214400,,,
,Sobic.006G229800,,,
,Sobic.006G230100,,,
,Sobic.006G233100,,,
,Sobic.006G239900,,,
,Sobic.006G242600,,,
,Sobic.006G242701,,,
,Sobic.006G242800,,,
,Sobic.006G249000,,,
,Sobic.006G259300,,,
,Sobic.006G261700,,,
,Sobic.006G264000,,,
,Sobic.006G270100,,,
,Sobic.006G276100,,,
,Sobic.006G279100,,,
,Sobic.007G002500,,,
,Sobic.007G004300,,,
,Sobic.007G023000,,,
,Sobic.007G039500,,,
,Sobic.007G042700,,,
,Sobic.007G047200,,,
,Sobic.007G050000,,,
,Sobic.007G055700,,,
,Sobic.007G063300,,,
,Sobic.007G066800,,,
,Sobic.007G067600,,,
,Sobic.007G080500,,,
,Sobic.007G088300,,,
,Sobic.007G094300,,,
,Sobic.007G095100,,,
,Sobic.007G098400,,,
,Sobic.007G105800,,,
,Sobic.007G110300,,,
,Sobic.007G116400,,,
,Sobic.007G116950,,,
,Sobic.007G117200,,,
,Sobic.007G121600,,,
,Sobic.007G125400,,,
,Sobic.007G132300,,,
,Sobic.007G134140,,,
,Sobic.007G143700,,,
,Sobic.007G153001,,,
,Sobic.007G153600,,,
,Sobic.007G154300,,,
,Sobic.007G158800,,,
,Sobic.007G161400,,,
,Sobic.007G163500,,,
,Sobic.007G164900,,,
,Sobic.007G166600,,,
,Sobic.007G167400,,,
,Sobic.007G168100,,,
,Sobic.007G186500,,,
,Sobic.007G186600,,,
,Sobic.007G195300,,,
,Sobic.007G201000,,,
,Sobic.007G211300,,,
,Sobic.007G213300,,,
,Sobic.007G214500,,,
,Sobic.007G221400,,,
,Sobic.007G225300,,,
,Sobic.007G225700,,,
,Sobic.008G001800,,,
,Sobic.008G013800,,,
,Sobic.008G015800,,,
,Sobic.008G016800,,,
,Sobic.008G029300,,,
,Sobic.008G032300,,,
,Sobic.008G034300,,,
,Sobic.008G038000,,,
,Sobic.008G044450,,,
,Sobic.008G064700,,,
,Sobic.008G067200,,,
,Sobic.008G074400,,,
,Sobic.008G076600,,,
,Sobic.008G078400,,,
,Sobic.008G087500,,,
,Sobic.008G091500,,,
,Sobic.008G104500,,,
,Sobic.008G106200,,,
,Sobic.008G106800,,,
,Sobic.008G109300,,,
,Sobic.008G109400,,,
,Sobic.008G111100,,,
,Sobic.008G117000,,,
,Sobic.008G118300,,,
,Sobic.008G122200,,,
,Sobic.008G130200,,,
,Sobic.008G130350,,,
,Sobic.008G132300,,,
,Sobic.008G134700,,,
,Sobic.008G135401,,,
,Sobic.008G151000,,,
,Sobic.008G172800,,,
,Sobic.008G180500,,,
,Sobic.008G192100,,,
,Sobic.009G011200,,,
,Sobic.009G011300,,,
,Sobic.009G047600,,,
,Sobic.009G052901,,,
,Sobic.009G057400,,,
,Sobic.009G074100,,,
,Sobic.009G100100,,,
,Sobic.009G107500,,,
,Sobic.009G108300,,,
,Sobic.009G124600,,,
,Sobic.009G129800,,,
,Sobic.009G129900,,,
,Sobic.009G136700,,,
,Sobic.009G145000,,,
,Sobic.009G150100,,,
,Sobic.009G152300,,,
,Sobic.009G157800,,,
,Sobic.009G160100,,,
,Sobic.009G161700,,,
,Sobic.009G161900,,,
,Sobic.009G164400,,,
,Sobic.009G171400,,,
,Sobic.009G196800,,,
,Sobic.009G201000,,,
,Sobic.009G212500,,,
,Sobic.009G218450,,,
,Sobic.009G225600,,,
,Sobic.009G233200,,,
,Sobic.009G235600,,,
,Sobic.009G238300,,,
,Sobic.009G244000,,,
,Sobic.009G244300,,,
,Sobic.009G249900,,,
,Sobic.010G007500,,,
,Sobic.010G011200,,,
,Sobic.010G011900,,,
,Sobic.010G012001,,,
,Sobic.010G013000,,,
,Sobic.010G019700,,,
,Sobic.010G024600,,,
,Sobic.010G035100,,,
,Sobic.010G038900,,,
,Sobic.010G041800,,,
,Sobic.010G050800,,,
,Sobic.010G054800,,,
,Sobic.010G069300,,,
,Sobic.010G089200,,,
,Sobic.010G104300,,,
,Sobic.010G112500,,,
,Sobic.010G113300,,,
,Sobic.010G113500,,,
,Sobic.010G113600,,,
,Sobic.010G122800,,,
,Sobic.010G126500,,,
,Sobic.010G127600,,,
,Sobic.010G128800,,,
,Sobic.010G128900,,,
,Sobic.010G129000,,,
,Sobic.010G129100,,,
,Sobic.010G134700,,,
,Sobic.010G146500,,,
,Sobic.010G155600,,,
,Sobic.010G164100,,,
,Sobic.010G169300,,,
,Sobic.010G192800,,,
,Sobic.010G204000,,,
,Sobic.010G206800,,,
,Sobic.010G213900,,,
,Sobic.010G218600,,,
,Sobic.010G225251,,,
,Sobic.010G225276,,,
,Sobic.010G227150,,,
,Sobic.010G233200,,,
,Sobic.010G241500,,,
,Sobic.010G242000,,,
,Sobic.010G247600,,,
,Sobic.010G251800,,,
,Sobic.010G259500,,,
,Sobic.010G260600,,,
,Sobic.010G268900,,,
,Sobic.010G269950,,,
,Sobic.001G019500,,,
,Sobic.001G036200,,,
,Sobic.001G095200,,,
,Sobic.001G111500,,,
,Sobic.001G146100,,,
,Sobic.001G185400,,,
,Sobic.001G187000,,,
,Sobic.001G195300,,,
,Sobic.001G207400,,,
,Sobic.001G250800,,,
,Sobic.001G254600,,,
,Sobic.001G261800,,,
,Sobic.001G269000,,,
,Sobic.001G276400,,,
,Sobic.001G302500,,,
,Sobic.001G387300,,,
,Sobic.001G450300,,,
,Sobic.001G486700,,,
,Sobic.001G530000,,,
,Sobic.001G531700,,,
,Sobic.001G535200,,,
,Sobic.001G543900,,,
,Sobic.002G002800,,,
,Sobic.002G010900,,,
,Sobic.002G012800,,,
,Sobic.002G035400,,,
,Sobic.002G054200,,,
,Sobic.002G075900,,,
,Sobic.002G077500,,,
,Sobic.002G082600,,,
,Sobic.002G087000,,,
,Sobic.002G093300,,,
,Sobic.002G097000,,,
,Sobic.002G125200,,,
,Sobic.002G137601,,,
,Sobic.002G177600,,,
,Sobic.002G177700,,,
,Sobic.002G190500,,,
,Sobic.002G204200,,,
,Sobic.002G216200,,,
,Sobic.002G232500,,,
,Sobic.002G240000,,,
,Sobic.002G257750,,,
,Sobic.002G328200,,,
,Sobic.002G328550,,,
,Sobic.002G333700,,,
,Sobic.002G392700,,,
,Sobic.002G422300,,,
,Sobic.003G005200,,,
,Sobic.003G027000,,,
,Sobic.003G037400,,,
,Sobic.003G079700,,,
,Sobic.003G127700,,,
,Sobic.003G146100,,,
,Sobic.003G210801,,,
,Sobic.003G264700,,,
,Sobic.003G272500,,,
,Sobic.003G275800,,,
,Sobic.003G280300,,,
,Sobic.003G285300,,,
,Sobic.003G328700,,,
,Sobic.003G367451,,,
,Sobic.003G383300,,,
,Sobic.003G393400,,,
,Sobic.003G417350,,,
,Sobic.003G419600,,,
,Sobic.003G434200,,,
,Sobic.004G021200,,,
,Sobic.004G045000,,,
,Sobic.004G072200,,,
,Sobic.004G072600,,,
,Sobic.004G132100,,,
,Sobic.004G144000,,,
,Sobic.004G167200,,,
,Sobic.004G189100,,,
,Sobic.004G192450,,,
,Sobic.004G230800,,,
,Sobic.004G267900,,,
,Sobic.004G296500,,,
,Sobic.004G296700,,,
,Sobic.004G302500,,,
,Sobic.004G310300,,,
,Sobic.004G331000,,,
,Sobic.004G338200,,,
,Sobic.004G341600,,,
,Sobic.005G020700,,,
,Sobic.005G053001,,,
,Sobic.005G070951,,,
,Sobic.005G084900,,,
,Sobic.005G124100,,,
,Sobic.005G205000,,,
,Sobic.005G218201,,,
,Sobic.006G038500,,,
,Sobic.006G038800,,,
,Sobic.006G050500,,,
,Sobic.006G078900,,,
,Sobic.006G091700,,,
,Sobic.006G101300,,,
,Sobic.006G103100,,,
,Sobic.006G143900,,,
,Sobic.006G147400,,,
,Sobic.006G147450,,,
,Sobic.006G220400,,,
,Sobic.006G223800,,,
,Sobic.006G227750,,,
,Sobic.006G246001,,,
,Sobic.006G248300,,,
,Sobic.006G255400,,,
,Sobic.007G005100,,,
,Sobic.007G027700,,,
,Sobic.007G037000,,,
,Sobic.007G063700,,,
,Sobic.007G071950,,,
,Sobic.007G072000,,,
,Sobic.007G083700,,,
,Sobic.007G084600,,,
,Sobic.007G128100,,,
,Sobic.007G152600,,,
,Sobic.007G152800,,,
,Sobic.008G003900,,,
,Sobic.008G008801,,,
,Sobic.008G026900,,,
,Sobic.008G037800,,,
,Sobic.008G052000,,,
,Sobic.008G055432,,,
,Sobic.008G079500,,,
,Sobic.008G083600,,,
,Sobic.008G097000,,,
,Sobic.008G109200,,,
,Sobic.008G164450,,,
,Sobic.008G186100,,,
,Sobic.009G040900,,,
,Sobic.009G042900,,,
,Sobic.009G047200,,,
,Sobic.009G107600,,,
,Sobic.009G122325,,,
,Sobic.009G133100,,,
,Sobic.009G134300,,,
,Sobic.009G137700,,,
,Sobic.009G142500,,,
,Sobic.010G005401,,,
,Sobic.010G006350,,,
,Sobic.010G014300,,,
,Sobic.010G021000,,,
,Sobic.010G021100,,,
,Sobic.010G027100,,,
,Sobic.010G032000,,,
,Sobic.010G057800,,,
,Sobic.010G058700,,,
,Sobic.010G076300,,,
,Sobic.010G089400,,,
,Sobic.010G089700,,,
,Sobic.010G090100,,,
,Sobic.010G092500,,,
,Sobic.010G094400,,,
,Sobic.010G117700,,,
,Sobic.010G131500,,,
,Sobic.010G132700,,,
,Sobic.010G173700,,,
,Sobic.010G187600,,,
,Sobic.010G189700,,,
,Sobic.010G199900,,,
,Sobic.010G208700,,,
,Sobic.010G225226,,,
,Sobic.K022300,,,
,Sobic.002G279500,,,
,Sobic.004G304200,,,
,Sobic.006G179900,,,
,Sobic.009G130000,,,
,Sobic.001G384200,,,
,Sobic.002G310300,,,
,Sobic.002G420100,,,
,Sobic.003G179500,,,
,Sobic.003G212600,,,
,Sobic.004G219000,,,
,Sobic.006G012200,,,
,Sobic.006G107400,,,
,Sobic.008G079300,,,
,Sobic.009G060501,,,
,Sobic.010G191000,,,
,Sobic.004G239700,,,
