,KO_richness,KO_shannon,KO_Simpson,OTU_richness,OTU_shannon,OTU_Simpson,NA,NA,week,NA,NA,NA,NA,NA,NA,NA,ntaxa,mpd.obs,mpd.rand.mean,mpd.rand.sd,mpd.obs.rank,mpd.obs.z,mpd.obs.p,runs,mpd.obs.z.1
SRR8743058_quant,347,2.8533,0.7033,4,1.2307,0.4853,Root,Preflowering,3,RPR03,Root_Preflowering_TP03,TP03R5,TP3R5,1,t430,5,4,0.081506405,0.088702488,0.032867848,425,-0.21893987,0.425,999,-0.250459307
SRR8743059_quant,318,1.9336,0.5637,6,1.8878,0.6497,Root,Preflowering,3,RPR03,Root_Preflowering_TP03,TP03R13,TP3R13,1,t430,13,6,0.07842021,0.118594138,0.032126181,130,-1.250504298,0.13,999,1.168336134
SRR8743060_quant,331,1.7812,0.5101,6,1.2862,0.4917,Root,Preflowering,3,RPR03,Root_Preflowering_TP03,TP03R18,TP3R18,1,t430,18,6,0.084792405,0.08987848,0.03438993,437,-0.147894284,0.437,999,-0.043075861
SRR8743061_quant,165,2.4891,0.6741,9,2.4006,0.7525,Root,Preflowering,4,RPR04,Root_Preflowering_TP04,TP04R5,TP4R5,1,t430,5,9,0.044569246,0.137614286,0.030512466,1,-3.049410651,0.001,999,3.041169853
SRR8743063_quant,193,2.6569,0.6542,6,1.7405,0.6442,Root,Preflowering,4,RPR04,Root_Preflowering_TP04,TP04R18,TP4R18,1,t430,18,6,0.091437217,0.117818944,0.034657271,232,-0.761217658,0.232,999,0.950498661
SRR8743074_quant,1977,5.7071,0.9261,4,1.3156,0.5546,Root,Preflowering,9,RPR09,Root_Preflowering_TP09,TP09R5,TP9R5,1,t430,5,4,0.097118348,0.101173942,0.040226267,459,-0.100819545,0.459,999,-0.172615543
SRR8743075_quant,945,4.2347,0.8203,9,2.0792,0.6341,Root,Preflowering,9,RPR09,Root_Preflowering_TP09,TP09R13,TP9R13,1,t430,13,9,0.063532734,0.115616749,0.026879537,27,-1.937682791,0.027,999,1.093760726
SRR8743077_quant,490,4.1093,0.8481,10,2.6825,0.8076,Root,Preflowering,10,RPR10,Root_Preflowering_TP10,TP10R13,TP10R13,1,t430,13,10,0.090101111,0.14755819,0.029772064,51,-1.929899066,0.051,999,1.81592862
SRR8743078_quant,548,4.6239,0.8903,9,2.1692,0.6919,Root,Preflowering,10,RPR10,Root_Preflowering_TP10,TP10R5,TP10R5,1,t430,5,9,0.084031646,0.12633345,0.031361697,112,-1.348836588,0.112,999,1.647336755
SRR8743079_quant,3390,5.2866,0.8524,9,2.8138,0.8398,Root,Preflowering,10,RPR10,Root_Preflowering_TP10,TP10R18,TP10R18,1,t430,18,9,0.079914272,0.153584514,0.028085294,9,-2.623089578,0.009,999,1.934812316
SRR8743082_quant,784,3.4262,0.7555,9,2.1027,0.6635,Root,Preflowering,11,RPR11,Root_Preflowering_TP11,TP11R18,TP11R18,1,t430,18,9,0.06214545,0.121813335,0.029401964,27,-2.029384318,0.027,999,1.218149699
SRR8743083_quant,2252,5.878,0.9281,9,2.7189,0.8186,Root,Preflowering,12,RPR12,Root_Preflowering_TP12,TP12R18,TP12R18,1,t430,18,9,0.072849209,0.149990688,0.028070472,6,-2.748136174,0.006,999,3.092521781
SRR8743084_unmaped_quant,3828,7.6175,0.9711,10,2.93,0.8494,Root,Preflowering,12,RPR12,Root_Preflowering_TP12,TP12R13,TP12R13,1,t430,13,10,0.049285704,0.155990933,0.026593833,1,-4.012404979,0.001,999,4.049402436
SRR8743085_quant,4141,6.438,0.9167,14,3.3112,0.8719,Root,Preflowering,12,RPR12,Root_Preflowering_TP12,TP12R5,TP12R5,1,t430,5,14,0.084496952,0.160020437,0.023865515,2,-3.164544538,0.002,999,2.630321158
SRR8743086_quant,963,2.8813,0.6535,12,3.2145,0.8659,Root,Preflowering,13,RPR13,Root_Preflowering_TP13,TP13R13,TP13R13,1,t430,13,12,0.054289344,0.158905338,0.024347493,1,-4.296787187,0.001,999,4.161403998
SRR8743087_quant,2927,5.8977,0.8642,13,3.1051,0.8462,Root,Preflowering,13,RPR13,Root_Preflowering_TP13,TP13R5,TP13R5,1,t430,5,13,0.071505095,0.154888552,0.026047667,2,-3.201187168,0.002,999,3.189793987
SRR8743088_quant,2777,6.0716,0.9011,9,2.7228,0.8173,Root,Preflowering,13,RPR13,Root_Preflowering_TP13,TP13R18,TP13R18,1,t430,18,9,0.040052282,0.149955731,0.028218135,1,-3.894780812,0.001,999,3.337428241
SRR8743089_quant,5500,5.9516,0.8621,14,3.4314,0.8875,Root,Preflowering,14,RPR14,Root_Preflowering_TP14,TP14R5,TP14R5,1,t430,5,14,0.076587852,0.164402707,0.022207552,1,-3.954278837,0.001,999,3.747849308
SRR8743090_quant,7323,7.1889,0.9278,16,3.2938,0.8485,Root,Preflowering,15,RPR15,Root_Preflowering_TP15,TP15R5,TP15R5,1,t430,5,16,0.059529971,0.155636268,0.023787961,1,-4.040123294,0.001,999,3.272526272
SRR8743091_quant,852,3.3183,0.7126,15,3.0764,0.8136,Root,Preflowering,15,RPR15,Root_Preflowering_TP15,TP15R13,TP15R13,1,t430,13,15,0.043521649,0.149174828,0.024821189,1,-4.256572102,0.001,999,4.160997905
SRR8743092_quant,7468,4.5672,0.7462,11,2.8363,0.8246,Root,Preflowering,16,RPR16,Root_Preflowering_TP16,TP16R5,TP16R5,1,t430,5,11,0.051445263,0.151670944,0.027488519,1,-3.646092495,0.001,999,3.762363838
SRR8743093_quant,6636,8.4396,0.9669,14,3.2318,0.8577,Root,Preflowering,17,RPR17,Root_Preflowering_TP17,TP17R18,TP17R18,1,t430,18,14,0.06115062,0.157758359,0.024795981,1,-3.89610482,0.001,999,3.619001588
SRR8743094_quant,6854,8.3625,0.9614,11,3.0338,0.8563,Root,Preflowering,17,RPR17,Root_Preflowering_TP17,TP17R13,TP17R13,1,t430,13,11,0.053579883,0.157383698,0.02605613,1,-3.983853859,0.001,999,3.600174392
SRR8743095_quant,11655,9.3045,0.983,13,2.6818,0.7608,Root,Preflowering,17,RPR17,Root_Preflowering_TP17,TP17R5,TP17R5,1,t430,5,13,0.052424438,0.139330643,0.028235273,1,-3.077930357,0.001,999,3.398765812
SRR8743096_quant,6065,8.2212,0.9718,14,3.3615,0.8834,Root,Postflowering,9,RPO09,Root_Postflowering_TP09,TP09R3,TP9R3,1,t430,3,14,0.068778384,0.162008529,0.023728694,1,-3.929004537,0.001,999,4.031088262
SRR8743097_quant,3019,7.0973,0.9543,15,3.1651,0.8338,Root,Postflowering,9,RPO09,Root_Postflowering_TP09,TP09R22,TP9R22,1,t430,22,15,0.061037341,0.152831959,0.024873716,1,-3.690426436,0.001,999,3.30085717
SRR8743098_quant,4999,7.9398,0.9713,11,3.0704,0.8577,Root,Postflowering,9,RPO09,Root_Postflowering_TP09,TP09R16,TP9R16,1,t430,16,11,0.057750672,0.15717416,0.025844185,1,-3.847035099,0.001,999,3.369251827
SRR8743099_quant,2482,5.3905,0.8748,13,2.9044,0.8081,Root,Postflowering,10,RPO10,Root_Postflowering_TP10,TP10R3,TP10R3,1,t430,3,13,0.096725273,0.147948584,0.028057366,46,-1.825663556,0.046,999,1.535940428
SRR8743100_quant,4714,7.8174,0.9729,12,3.1493,0.8682,Root,Postflowering,10,RPO10,Root_Postflowering_TP10,TP10R22,TP10R22,1,t430,22,12,0.046400947,0.159361533,0.025575791,1,-4.416699644,0.001,999,3.805114531
SRR8743104_quant,4845,5.684,0.8849,9,2.483,0.7626,Root,Postflowering,11,RPO11,Root_Postflowering_TP11,TP11R16,TP11R16,1,t430,16,9,0.055498294,0.139694427,0.029645295,2,-2.840117869,0.002,999,3.088547756
SRR8743109_quant,4667,6.4185,0.9039,12,2.9607,0.8168,Root,Postflowering,14,RPO14,Root_Postflowering_TP14,TP14R22,TP14R22,1,t430,22,12,0.060363011,0.149868887,0.025333716,1,-3.533073306,0.001,999,3.558178829
SRR8743110_quant,3236,4.833,0.8168,20,3.6884,0.8884,Root,Postflowering,15,RPO15,Root_Postflowering_TP15,TP15R3,TP15R3,1,t430,3,20,0.06510294,0.163571454,0.021149034,1,-4.655934412,0.001,999,3.866745762
SRR8743114_quant,4284,6.6108,0.902,11,2.8724,0.831,Root,Postflowering,17,RPO17,Root_Postflowering_TP17,TP17R22,TP17R22,1,t430,22,11,0.043710282,0.152625062,0.02810169,1,-3.875737645,0.001,999,4.166305108
SRR8743117_quant,2466,2.6872,0.6272,3,1.0365,0.4734,Root,Control,2,RCO02,Root_Control_TP02,TP02R12,TP2R12,1,t430,12,3,0.089695559,0.086341963,0.038774109,524,0.086490596,0.524,999,-0.308046614
SRR8743118_quant,3390,2.3786,0.5627,3,1.0072,0.4541,Root,Control,2,RCO02,Root_Control_TP02,TP02R20,TP2R20,1,t430,20,3,0.084090784,0.082893118,0.037020243,505,0.032351635,0.505,999,-0.478268368
SRR8743119_quant,5107,6.5934,0.917,2,0.4395,0.1653,Root,Control,2,RCO02,Root_Control_TP02,TP02R1,TP2R1,1,t430,1,2,0.031699372,0.03015124,0.014207941,532,0.108962412,0.532,999,-0.484408921
SRR8743120_quant,209,2.2192,0.6047,7,1.8633,0.64,Root,Control,3,RCO03,Root_Control_TP03,TP03R12,TP3R12,1,t430,12,7,0.08916662,0.11680588,0.034142842,250,-0.809518422,0.25,999,0.004591689
SRR8743121_quant,511,1.9572,0.5832,6,1.4151,0.5184,Root,Control,3,RCO03,Root_Control_TP03,TP03R20,TP3R20,1,t430,20,6,0.088089522,0.094839575,0.033174128,437,-0.203473431,0.437,999,-0.148361531
SRR8743122_quant,456,3.0522,0.7216,6,1.463,0.5473,Root,Control,3,RCO03,Root_Control_TP03,TP03R1,TP3R1,1,t430,1,6,0.088667853,0.100011434,0.035831976,390,-0.316577033,0.39,999,0.062901924
SRR8743123_quant,644,2.337,0.5735,8,2.2619,0.7507,Root,Control,4,RCO04,Root_Control_TP04,TP04R12,TP4R12,1,t430,12,8,0.087199801,0.137104484,0.032363971,91,-1.541982705,0.091,999,0.755389298
SRR8743124_quant,509,2.3201,0.5883,11,2.4012,0.7305,Root,Control,4,RCO04,Root_Control_TP04,TP04R20,TP4R20,1,t430,20,11,0.113137504,0.133697654,0.031805213,300,-0.646439598,0.3,999,0.423345978
SRR8743125_quant,189,3.0017,0.7669,4,1.4533,0.5753,Root,Control,4,RCO04,Root_Control_TP04,TP04R1,TP4R1,1,t430,1,4,0.061968068,0.105127706,0.034055426,148,-1.267335145,0.148,999,1.669778257
SRR8743126_quant,1147,4.9465,0.8967,4,1.4286,0.573,Root,Control,5,RCO05,Root_Control_TP05,TP05R1,TP5R1,1,t430,1,4,0.090120045,0.104265594,0.03705633,373,-0.381730969,0.373,999,0.244400395
SRR8743127_unmaped_quant,1361,5.3656,0.9041,9,2.1983,0.6726,Root,Control,5,RCO05,Root_Control_TP05,TP05R20,TP5R20,1,t430,20,9,0.076346102,0.122866948,0.02848652,59,-1.633082824,0.059,999,1.625502563
SRR8743128_quant,1322,3.2192,0.7286,8,2.383,0.7557,Root,Control,5,RCO05,Root_Control_TP05,TP05R12,TP5R12,1,t430,12,8,0.085676036,0.137894044,0.030795967,66,-1.695611874,0.066,999,1.868554332
SRR8743130_quant,5160,4.5689,0.776,13,2.6124,0.7355,Root,Control,6,RCO06,Root_Control_TP06,TP06R20,TP6R20,1,t430,20,13,0.101496288,0.13483156,0.028214994,152,-1.181473657,0.152,999,0.408284206
SRR8743131_quant,1030,3.6558,0.7645,8,1.7681,0.5758,Root,Control,6,RCO06,Root_Control_TP06,TP06R1,TP6R1,1,t430,1,8,0.08086164,0.105233713,0.030489895,277,-0.799349189,0.277,999,0.715307438
SRR8743132_quant,2991,2.5798,0.6152,16,3.5016,0.8871,Root,Control,7,RCO07,Root_Control_TP07,TP07R12,TP7R12,1,t430,12,16,0.094482431,0.163512582,0.022426476,3,-3.078064948,0.003,999,2.929759782
SRR8743134_quant,3627,6.5393,0.9235,16,3.3893,0.8747,Root,Control,8,RCO08,Root_Control_TP08,TP08R20,TP8R20,1,t430,20,16,0.099572605,0.16080205,0.023636913,11,-2.590416277,0.011,999,2.210181278
SRR8743135_quant,5595,4.2257,0.7099,11,3.0885,0.8618,Root,Control,8,RCO08,Root_Control_TP08,TP08R1,TP8R1,1,t430,1,11,0.061767331,0.158133776,0.025079294,1,-3.842470364,0.001,999,3.29084685
SRR8743136_quant,2414,5.0503,0.8505,15,3.5371,0.8949,Root,Control,9,RCO09,Root_Control_TP09,TP09R20,TP9R20,1,t430,20,15,0.088661267,0.164301753,0.021992101,1,-3.43943877,0.001,999,3.502620328
SRR8743137_quant,3856,6.7482,0.9279,19,3.5841,0.8797,Root,Control,9,RCO09,Root_Control_TP09,TP09R12,TP9R12,1,t430,12,19,0.072843968,0.162033783,0.022353792,1,-3.989918828,0.001,999,3.453078139
SRR8743138_quant,2935,2.89,0.6108,11,2.9177,0.826,Root,Control,9,RCO09,Root_Control_TP09,TP09R1,TP9R1,1,t430,1,11,0.057078935,0.15145985,0.026330232,1,-3.584507486,0.001,999,2.93437645
SRR8743139_quant,3504,7.3007,0.9584,13,3.0898,0.8361,Root,Control,10,RCO10,Root_Control_TP10,TP10R20,TP10R20,1,t430,20,13,0.055507544,0.153380024,0.025161626,1,-3.88975184,0.001,999,3.438813183
SRR8743140_quant,5449,7.6666,0.963,14,3.2551,0.8669,Root,Control,10,RCO10,Root_Control_TP10,TP10R12,TP10R12,1,t430,12,14,0.070945723,0.160346318,0.024392009,1,-3.665159103,0.001,999,3.381444565
SRR8743142_quant,4655,7.9261,0.9684,13,3.0016,0.8145,Root,Control,11,RCO11,Root_Control_TP11,TP11R20,TP11R20,1,t430,20,13,0.055932869,0.149542437,0.025445379,1,-3.678843584,0.001,999,3.674749071
SRR8743143_quant,4888,8.0932,0.9747,18,3.5449,0.8825,Root,Control,11,RCO11,Root_Control_TP11,TP11R12,TP11R12,1,t430,12,18,0.077598062,0.162613871,0.022457832,1,-3.785575104,0.001,999,4.326907584
SRR8743144_quant,6961,7.6321,0.9347,15,3.3961,0.8792,Root,Control,11,RCO11,Root_Control_TP11,TP11R01z,TP11R1,1,t430,1,15,0.066370958,0.161872165,0.022947994,1,-4.161636359,0.001,999,3.625878138
SRR8743145_unmaped_quant,12352,10.0569,0.9897,14,3.5278,0.8994,Root,Control,12,RCO12,Root_Control_TP12,TP12R20,TP12R20,1,t430,20,14,0.066702579,0.166106137,0.02166727,1,-4.587728666,0.001,999,3.721492891
SRR8743146_quant,8312,9.1127,0.9768,16,3.5004,0.8884,Root,Control,12,RCO12,Root_Control_TP12,TP12R12,TP12R12,1,t430,12,16,0.069725096,0.16307247,0.022805012,1,-4.093283252,0.001,999,3.757497561
SRR8743147_quant,13418,9.4266,0.9795,11,2.8189,0.7948,Root,Control,13,RCO13,Root_Control_TP13,TP13R20,TP13R20,1,t430,20,11,0.044238247,0.145834177,0.026469317,1,-3.838252736,0.001,999,3.752859485
SRR8743148_quant,9036,7.0963,0.9078,13,2.9501,0.8191,Root,Control,13,RCO13,Root_Control_TP13,TP13R1,TP13R1,1,t430,1,13,0.051500908,0.150487513,0.026735375,1,-3.702458021,0.001,999,3.248616676
SRR8743149_quant,12096,9.3697,0.9819,14,3.2579,0.8581,Root,Control,13,RCO13,Root_Control_TP13,TP13R12,TP13R12,1,t430,12,14,0.064488018,0.157674669,0.024169645,1,-3.855524123,0.001,999,3.679020096
SRR8743150_quant,15072,10.5429,0.9949,11,3.0214,0.854,Root,Control,14,RCO14,Root_Control_TP14,TP14R12,TP14R12,1,t430,12,11,0.065618335,0.157085967,0.025706155,1,-3.5581996,0.001,999,3.803119784
SRR8743151_quant,13233,9.216,0.9675,12,3.2254,0.871,Root,Control,15,RCO15,Root_Control_TP15,TP15R12,TP15R12,1,t430,12,12,0.067534249,0.160339065,0.024101774,1,-3.850538818,0.001,999,3.744797883
SRR8743152_quant,9054,7.4285,0.9102,15,3.3572,0.8664,Root,Control,15,RCO15,Root_Control_TP15,TP15R20,TP15R20,1,t430,20,15,0.066289813,0.15984569,0.023452562,1,-3.989153774,0.001,999,3.681858342
SRR8743153_quant,10966,8.2161,0.9373,15,3.0665,0.8168,Root,Control,15,RCO15,Root_Control_TP15,TP15R1t,TP15R1,1,t430,1,15,0.069932963,0.149834668,0.025745605,1,-3.103508505,0.001,999,3.327617871
SRR8743154_quant,20462,8.6075,0.9252,13,3.3438,0.8792,Root,Control,16,RCO16,Root_Control_TP16,TP16R12,TP16R12,1,t430,12,13,0.064750323,0.161958038,0.023207821,1,-4.188575711,0.001,999,4.124210048
SRR8743155_quant,11246,9.5443,0.9837,12,3.0724,0.8489,Root,Control,17,RCO17,Root_Control_TP17,TP17R20,TP17R20,1,t430,20,12,0.067920953,0.156455208,0.02589348,2,-3.41917172,0.002,999,4.279683976
SRR8743156_quant,12930,9.4234,0.98,15,3.269,0.8503,Root,Control,17,RCO17,Root_Control_TP17,TP17R1,TP17R1,1,t430,1,15,0.067379389,0.156216187,0.023604261,2,-3.763591538,0.002,999,3.368704174
SRR8743157_quant,11901,9.5662,0.9831,13,3.1438,0.8554,Root,Control,17,RCO17,Root_Control_TP17,TP17R12,TP17R12,1,t430,12,13,0.06649847,0.15762092,0.024703944,1,-3.688578997,0.001,999,4.089265625
SRR8743158_quant,762,2.6626,0.6865,3,0.8808,0.3742,Root,Preflowering,3,RPR03,Root_Preflowering_TP03,TP03R6,TP3R6,1,t642,6,3,0.068515178,0.068200086,0.030228785,496,0.010423578,0.496,999,-0.478268368
SRR8743159_quant,618,3.2449,0.7626,4,1.4204,0.5748,Root,Preflowering,3,RPR03,Root_Preflowering_TP03,TP03R14,TP3R14,1,t642,14,4,0.095670242,0.105093402,0.038651942,416,-0.243795235,0.416,999,-0.036390567
SRR8743160_quant,462,3.1666,0.7677,4,1.1115,0.4738,Root,Preflowering,3,RPR03,Root_Preflowering_TP03,TP03R17,TP3R17,1,t642,17,4,0.087601479,0.086488024,0.036768652,505,0.03028272,0.505,999,-0.378367574
SRR8743161_quant,444,2.4399,0.6222,7,2.0507,0.7172,Root,Preflowering,4,RPR04,Root_Preflowering_TP04,TP04R6,TP4R6,1,t642,6,7,0.102328689,0.1308469,0.034581109,225,-0.824676006,0.225,999,0.745382643
SRR8743162_quant,227,3.0911,0.7759,10,2.8207,0.8072,Root,Preflowering,4,RPR04,Root_Preflowering_TP04,TP04R14,TP4R14,1,t642,14,10,0.112007385,0.148051568,0.027092404,107,-1.330416567,0.107,999,1.339484004
SRR8743164_quant,253,2.9889,0.7258,6,1.3923,0.4637,Root,Preflowering,5,RPR05,Root_Preflowering_TP05,TP05R6,TP5R6,1,t642,6,6,0.061606108,0.084648327,0.025537147,220,-0.902302012,0.22,999,0.026881146
SRR8743167_quant,363,2.206,0.5549,2,0.976,0.4835,Root,Preflowering,6,RPR06,Root_Preflowering_TP06,TP06R6,TP6R6,1,t642,6,2,0.092720663,0.088192378,0.041558229,532,0.108962412,0.532,999,-0.478268368
SRR8743171_quant,274,3.8177,0.8298,6,1.8378,0.6428,Root,Preflowering,8,RPR08,Root_Preflowering_TP08,TP08R6,TP8R6,1,t642,6,6,0.078352427,0.117507559,0.032561407,160,-1.2025012,0.16,999,1.059291367
SRR8743173_quant,488,4.0346,0.8474,8,2.3628,0.7493,Root,Preflowering,9,RPR09,Root_Preflowering_TP09,TP09R14,TP9R14,1,t642,14,8,0.049037508,0.137433858,0.031011952,1,-2.850396202,0.001,999,2.566222856
SRR8743174_quant,893,4.7027,0.8942,8,2.0446,0.68,Root,Preflowering,9,RPR09,Root_Preflowering_TP09,TP09R6,TP9R6,1,t642,6,8,0.10343364,0.124537533,0.034674533,315,-0.608628041,0.315,999,-0.041695452
SRR8743175_quant,826,4.2519,0.8716,2,0.9673,0.4775,Root,Preflowering,9,RPR09,Root_Preflowering_TP09,TP09R17,TP9R17,1,t642,17,2,0.091575963,0.087103583,0.041045164,532,0.108962412,0.532,999,-0.406683895
SRR8743176_quant,1116,4.6266,0.8775,7,1.7648,0.5615,Root,Preflowering,10,RPR10,Root_Preflowering_TP10,TP10R14,TP10R14,1,t642,14,7,0.063739385,0.102930945,0.026224639,72,-1.494455681,0.072,999,1.003096317
SRR8743179_quant,991,4.7611,0.8912,11,2.9006,0.8264,Root,Preflowering,11,RPR11,Root_Preflowering_TP11,TP11R14,TP11R14,1,t642,14,11,0.085945054,0.151813439,0.027258283,13,-2.416453942,0.013,999,2.827219272
SRR8743181_quant,523,2.2837,0.6098,12,2.2354,0.6263,Root,Preflowering,11,RPR11,Root_Preflowering_TP11,TP11R17,TP11R17,1,t642,17,12,0.050686907,0.114633031,0.024489139,1,-2.611203466,0.001,999,2.227782508
SRR8743182_quant,2506,4.0806,0.737,13,3.1665,0.8604,Root,Preflowering,12,RPR12,Root_Preflowering_TP12,TP12R6,TP12R6,1,t642,6,13,0.095387513,0.157513453,0.02534635,13,-2.451080318,0.013,999,3.547144333
SRR8743183_quant,4811,7.0938,0.9552,10,2.5594,0.7709,Root,Preflowering,12,RPR12,Root_Preflowering_TP12,TP12R14,TP12R14,1,t642,14,10,0.047440959,0.141140221,0.028693699,1,-3.265499606,0.001,999,2.677518742
SRR8743184_quant,3819,5.6345,0.8982,11,2.5367,0.7314,Root,Preflowering,12,RPR12,Root_Preflowering_TP12,TP12R17,TP12R17,1,t642,17,11,0.056874203,0.13370167,0.02671518,1,-2.87579823,0.001,999,2.992600421
SRR8743185_quant,7014,6.9996,0.935,9,2.5777,0.7906,Root,Preflowering,13,RPR13,Root_Preflowering_TP13,TP13R14,TP13R14,1,t642,14,9,0.042397905,0.144783833,0.030224919,1,-3.387467423,0.001,999,3.74240157
SRR8743186_quant,5231,5.7145,0.8561,12,2.9984,0.8228,Root,Preflowering,13,RPR13,Root_Preflowering_TP13,TP13R17,TP13R17,1,t642,17,12,0.071406788,0.15040893,0.026231565,1,-3.011720452,0.001,999,2.998071381
SRR8743187_quant,5139,6.2142,0.9034,13,3.0899,0.8535,Root,Preflowering,13,RPR13,Root_Preflowering_TP13,TP13R6,TP13R6,1,t642,6,13,0.065278703,0.157118252,0.026187861,1,-3.506951206,0.001,999,3.218699043
SRR8743188_quant,7429,8.5341,0.9752,10,2.7205,0.8039,Root,Preflowering,14,RPR14,Root_Preflowering_TP14,TP14R6,TP14R6,1,t642,6,10,0.048128802,0.147444562,0.028514683,1,-3.482969175,0.001,999,3.741193131
SRR8743189_quant,6921,7.5074,0.9373,13,3.2389,0.876,Root,Preflowering,15,RPR15,Root_Preflowering_TP15,TP15R14,TP15R14,1,t642,14,13,0.051263505,0.161053319,0.024296285,1,-4.518790239,0.001,999,3.78456911
SRR8743190_quant,5564,6.9143,0.9148,10,3.0696,0.865,Root,Preflowering,15,RPR15,Root_Preflowering_TP15,TP15R17,TP15R17,1,t642,17,10,0.053447843,0.158473035,0.024563454,1,-4.275668789,0.001,999,3.759512904
SRR8743191_quant,13252,6.3952,0.825,11,2.9608,0.8462,Root,Preflowering,16,RPR16,Root_Preflowering_TP16,TP16R6,TP16R6,1,t642,6,11,0.052360465,0.155186614,0.026825242,1,-3.833186211,0.001,999,3.317787524
SRR8743192_quant,9779,9.016,0.9825,16,3.3585,0.8485,Root,Preflowering,17,RPR17,Root_Preflowering_TP17,TP17R6,TP17R6,1,t642,6,16,0.071304538,0.155565459,0.023038613,1,-3.657378157,0.001,999,2.995438692
SRR8743193_quant,11008,9.4668,0.9841,10,2.9215,0.8402,Root,Preflowering,17,RPR17,Root_Preflowering_TP17,TP17R14,TP17R14,1,t642,14,10,0.051735726,0.154116332,0.026553466,1,-3.855639963,0.001,999,3.305169401
SRR8743194_quant,11789,9.717,0.9885,12,2.903,0.8173,Root,Preflowering,17,RPR17,Root_Preflowering_TP17,TP17R17,TP17R17,1,t642,17,12,0.050373932,0.15017267,0.026862906,1,-3.715113211,0.001,999,3.073687508
SRR8743195_quant,4081,6.625,0.9307,17,3.4552,0.8756,Root,Postflowering,9,RPO09,Root_Postflowering_TP09,TP09R4,TP9R4,1,t642,4,17,0.069289065,0.160704241,0.023409703,1,-3.905012222,0.001,999,3.542885209
SRR8743196_quant,3235,5.4711,0.8786,12,3.005,0.8411,Root,Postflowering,9,RPO09,Root_Postflowering_TP09,TP09R21,TP9R21,1,t642,21,12,0.051761051,0.154101328,0.026440427,1,-3.870598425,0.001,999,3.715585784
SRR8743197_quant,8285,8.4911,0.9708,11,3.0955,0.865,Root,Postflowering,9,RPO09,Root_Postflowering_TP09,TP09R15,TP9R15,1,t642,15,11,0.064219115,0.158439409,0.025793653,1,-3.652847989,0.001,999,3.787689335
SRR8743198_quant,2531,6.1714,0.9484,11,3.1679,0.8691,Root,Postflowering,10,RPO10,Root_Postflowering_TP10,TP10R4,TP10R4,1,t642,4,11,0.076018342,0.159452062,0.024755801,3,-3.370269515,0.003,999,2.932733315
SRR8743199_quant,2817,6.2803,0.9334,14,3.0146,0.8136,Root,Postflowering,10,RPO10,Root_Postflowering_TP10,TP10R21,TP10R21,1,t642,21,14,0.060151575,0.149127493,0.025624657,1,-3.472277393,0.001,999,2.418927421
SRR8743200_quant,9227,7.7124,0.9504,15,3.6113,0.9036,Root,Postflowering,10,RPO10,Root_Postflowering_TP10,TP10R15,TP10R15,1,t642,15,15,0.105075153,0.16593085,0.021840991,6,-2.78630661,0.006,999,3.280035016
SRR8743201_quant,7415,7.9707,0.9642,20,3.8345,0.9096,Root,Postflowering,11,RPO11,Root_Postflowering_TP11,TP11R4,TP11R4,1,t642,4,20,0.067768791,0.167589455,0.019640596,1,-5.082364205,0.001,999,3.685213417
SRR8743202_quant,950,4.016,0.8259,13,3.3701,0.8857,Root,Postflowering,11,RPO11,Root_Postflowering_TP11,TP11R21,TP11R21,1,t642,21,13,0.064412476,0.162929065,0.022855979,1,-4.310320287,0.001,999,3.657295454
SRR8743203_quant,7227,7.5772,0.9592,10,2.9667,0.8508,Root,Postflowering,11,RPO11,Root_Postflowering_TP11,TP11R15,TP11R15,1,t642,15,10,0.046214086,0.156351011,0.026475833,1,-4.159904018,0.001,999,3.467306603
SRR8743204_quant,4543,5.6033,0.8699,13,3.247,0.8714,Root,Postflowering,12,RPO12,Root_Postflowering_TP12,TP12R21,TP12R21,1,t642,21,13,0.062049206,0.160220284,0.024148809,1,-4.065255537,0.001,999,4.003535178
SRR8743205_quant,5478,7.0082,0.9288,12,3.3045,0.8843,Root,Postflowering,13,RPO13,Root_Postflowering_TP13,TP13R4,TP13R4,1,t642,4,12,0.065025596,0.162726235,0.023693398,1,-4.123538421,0.001,999,3.924195677
SRR8743208_quant,7249,7.579,0.9436,12,3.0419,0.8333,Root,Postflowering,14,RPO14,Root_Postflowering_TP14,TP14R21,TP14R21,1,t642,21,12,0.064102939,0.153116255,0.02530298,2,-3.517898501,0.002,999,3.788325013
SRR8743211_quant,2310,4.4513,0.7998,13,3.1491,0.8512,Root,Postflowering,15,RPO15,Root_Postflowering_TP15,TP15R4,TP15R4,1,t642,4,13,0.065263152,0.156305515,0.025358621,1,-3.590193804,0.001,999,3.190093145
SRR8743213_quant,5420,7.4253,0.9477,11,2.7204,0.7902,Root,Postflowering,17,RPO17,Root_Postflowering_TP17,TP17R4,TP17R4,1,t642,4,11,0.04307291,0.144780416,0.027841667,1,-3.65306816,0.001,999,3.610091359
SRR8743216_quant,3785,3.2343,0.6869,4,1.1115,0.4467,Root,Control,2,RCO02,Root_Control_TP02,TP02R11t,TP2R11,1,t642,11,4,0.082111364,0.081466487,0.032658019,498,0.019746335,0.498,999,-0.433059392
SRR8743217_quant,6231,4.1948,0.714,5,1.5867,0.5983,Root,Control,2,RCO02,Root_Control_TP02,TP02R19,TP2R19,1,t642,19,5,0.088330041,0.109419112,0.035474621,296,-0.594483344,0.296,999,-0.095364032
SRR8743219_quant,256,2.6758,0.7067,4,1.1898,0.5253,Root,Control,3,RCO03,Root_Control_TP03,TP03R11,TP3R11,1,t642,11,4,0.098912507,0.095877528,0.041183078,520,0.073694825,0.52,999,-0.469285474
SRR8743220_quant,2196,4.0529,0.8246,12,2.7038,0.77,Root,Control,3,RCO03,Root_Control_TP03,TP03R19,TP3R19,1,t642,19,12,0.100776016,0.14150781,0.028626121,95,-1.42288906,0.095,999,0.94519973
SRR8743221_quant,911,3.4446,0.7698,4,0.8733,0.3108,Root,Control,3,RCO03,Root_Control_TP03,TP03R2r,TP3R2,1,t642,2,4,0.047806043,0.056653941,0.021299137,378,-0.415411109,0.378,999,1.367700414
SRR8743222_quant,247,2.5451,0.6377,6,2.0695,0.7296,Root,Control,4,RCO04,Root_Control_TP04,TP04R11,TP4R11,1,t642,11,6,0.098037583,0.133351423,0.034343367,173,-1.028257927,0.173,999,0.373002712
SRR8743223_quant,275,2.6866,0.7093,5,1.2793,0.5344,Root,Control,4,RCO04,Root_Control_TP04,TP04R19,TP4R19,1,t642,19,5,0.096142154,0.097550627,0.040030769,479,-0.03518474,0.479,999,-0.269855272
SRR8743224_quant,434,2.8334,0.7225,8,2.102,0.7103,Root,Control,4,RCO04,Root_Control_TP04,TP04R2,TP4R2,1,t642,2,8,0.079569793,0.129828058,0.032904157,100,-1.527413879,0.1,999,0.628949093
SRR8743225_quant,1286,2.2642,0.581,9,2.0303,0.6437,Root,Control,5,RCO05,Root_Control_TP05,TP05R11,TP5R11,1,t642,11,9,0.077655379,0.117830039,0.030160554,117,-1.332026605,0.117,999,0.765268243
SRR8743226_quant,1395,4.6269,0.8854,4,1.0449,0.3907,Root,Control,5,RCO05,Root_Control_TP05,TP05R2,TP5R2,1,t642,2,4,0.060088257,0.071499902,0.026575548,374,-0.429403963,0.374,999,-0.299319618
SRR8743227_quant,618,4.086,0.8565,7,1.7047,0.5923,Root,Control,5,RCO05,Root_Control_TP05,TP05R19,TP5R19,1,t642,19,7,0.082033137,0.108438312,0.032739844,247,-0.806514999,0.247,999,0.647784045
SRR8743229_quant,3337,4.0279,0.7852,10,2.5344,0.7732,Root,Control,6,RCO06,Root_Control_TP06,TP06R19,TP6R19,1,t642,19,10,0.090260871,0.141519642,0.030440828,70,-1.683882305,0.07,999,1.690626981
SRR8743231_quant,4783,2.8618,0.6218,15,3.258,0.8554,Root,Control,7,RCO07,Root_Control_TP07,TP07R11,TP7R11,1,t642,11,15,0.07894498,0.156616867,0.024741968,1,-3.139276779,0.001,999,3.093691533
SRR8743232_quant,2747,5.1289,0.8691,11,2.6702,0.7883,Root,Control,8,RCO08,Root_Control_TP08,TP08R19,TP8R19,1,t642,19,11,0.048572105,0.144841419,0.028957973,1,-3.324449376,0.001,999,3.196120062
SRR8743233_quant,2290,5.7691,0.9103,10,2.7269,0.7888,Root,Control,8,RCO08,Root_Control_TP08,TP08R11,TP8R11,1,t642,11,10,0.042398734,0.144502863,0.027061369,1,-3.773058613,0.001,999,3.895291735
SRR8743234_quant,2405,3.3539,0.7465,11,2.8979,0.8297,Root,Control,8,RCO08,Root_Control_TP08,TP08R2,TP8R2,1,t642,2,11,0.102621096,0.152201177,0.027455409,57,-1.805840144,0.057,999,1.192062785
SRR8743235_quant,3300,4.4949,0.8069,10,3.0116,0.854,Root,Control,9,RCO09,Root_Control_TP09,TP09R19,TP9R19,1,t642,19,10,0.068701389,0.15679425,0.025903833,1,-3.40076552,0.001,999,2.39197878
SRR8743236_quant,6365,4.176,0.7087,14,3.4009,0.8829,Root,Control,9,RCO09,Root_Control_TP09,TP09R2,TP9R2,1,t642,2,14,0.079242892,0.162548513,0.022772882,1,-3.658106315,0.001,999,2.440388264
SRR8743237_quant,1356,5.0082,0.8952,11,2.8813,0.8251,Root,Control,9,RCO09,Root_Control_TP09,TP09R11,TP9R11,1,t642,11,11,0.048586358,0.150790584,0.027641929,1,-3.697434708,0.001,999,3.195812748
SRR8743238_quant,2661,5.4472,0.893,16,3.4752,0.8857,Root,Control,10,RCO10,Root_Control_TP10,TP10R19,TP10R19,1,t642,19,16,0.071780107,0.162166577,0.02308978,1,-3.914566028,0.001,999,2.839696502
SRR8743239_quant,12112,9.5762,0.9893,13,3.2906,0.8737,Root,Control,10,RCO10,Root_Control_TP10,TP10R11,TP10R11,1,t642,11,13,0.063452791,0.160281945,0.024101506,1,-4.017556132,0.001,999,3.991488446
SRR8743240_quant,4964,6.2634,0.9257,10,2.8022,0.8209,Root,Control,10,RCO10,Root_Control_TP10,TP10R2,TP10R2,1,t642,2,10,0.06990666,0.150320932,0.027914817,1,-2.880702078,0.001,999,2.304989361
SRR8743241_quant,7223,8.1514,0.962,18,3.614,0.8884,Root,Control,11,RCO11,Root_Control_TP11,TP11R19,TP11R19,1,t642,19,18,0.079539462,0.163487097,0.021567456,1,-3.892328925,0.001,999,3.026180276
SRR8743242_quant,12659,9.7536,0.9876,13,2.9977,0.8264,Root,Control,11,RCO11,Root_Control_TP11,TP11R11,TP11R11,1,t642,11,13,0.05913546,0.151668719,0.026473082,1,-3.495371573,0.001,999,4.039498898
SRR8743243_quant,8690,5.0675,0.8136,10,2.766,0.8186,Root,Control,11,RCO11,Root_Control_TP11,TP11R02z,TP11R2,1,t642,2,10,0.04427717,0.150191514,0.028184812,1,-3.757851648,0.001,999,3.478205585
SRR8743244_quant,9962,8.4735,0.9683,15,3.0442,0.8095,Root,Control,12,RCO12,Root_Control_TP12,TP12R11,TP12R11,1,t642,11,15,0.061717678,0.148645074,0.025273171,1,-3.439512772,0.001,999,3.169595692
SRR8743245_quant,12900,9.9356,0.9923,16,3.4311,0.8765,Root,Control,12,RCO12,Root_Control_TP12,TP12R2,TP12R2,1,t642,2,16,0.092287278,0.160933328,0.023589298,5,-2.910050526,0.005,999,2.864633045
SRR8743246_quant,14158,10.1165,0.9899,18,3.521,0.877,Root,Control,12,RCO12,Root_Control_TP12,TP12R19,TP12R19,1,t642,19,18,0.082464932,0.161379182,0.022845125,1,-3.454314677,0.001,999,3.68320463
SRR8743247_quant,12342,8.708,0.9599,15,3.0378,0.8081,Root,Control,13,RCO13,Root_Control_TP13,TP13R19,TP13R19,1,t642,19,15,0.059805804,0.148111837,0.025467284,1,-3.46743033,0.001,999,3.246432474
SRR8743248_quant,10970,9.0237,0.9762,13,3.1541,0.8618,Root,Control,13,RCO13,Root_Control_TP13,TP13R2,TP13R2,1,t642,2,13,0.057969568,0.158384689,0.025127967,1,-3.996149825,0.001,999,3.356783254
SRR8743249_quant,13757,9.66,0.9841,18,3.7205,0.9073,Root,Control,13,RCO13,Root_Control_TP13,TP13R11,TP13R11,1,t642,11,18,0.087382934,0.167567896,0.020062037,1,-3.996850476,0.001,999,4.08804627
SRR8743250_quant,11921,9.7161,0.9873,12,2.9683,0.8278,Root,Control,14,RCO14,Root_Control_TP14,TP14R11,TP14R11,1,t642,11,12,0.054059976,0.151528754,0.026329452,1,-3.701891697,0.001,999,3.488741866
SRR8743251_quant,8931,8.9789,0.9841,16,3.3996,0.8669,Root,Control,15,RCO15,Root_Control_TP15,TP15R19,TP15R19,1,t642,19,16,0.061231632,0.159065292,0.022690999,1,-4.311562502,0.001,999,4.13350286
SRR8743252_quant,17230,9.8689,0.984,14,3.3482,0.8733,Root,Control,15,RCO15,Root_Control_TP15,TP15R11,TP15R11,1,t642,11,14,0.058754087,0.160573358,0.023178612,1,-4.392811394,0.001,999,3.809844397
SRR8743253_quant,13954,9.8135,0.9865,13,3.2641,0.8696,Root,Control,17,RCO17,Root_Control_TP17,TP17R11,TP17R11,1,t642,11,13,0.068337935,0.160069913,0.023835929,1,-3.848475084,0.001,999,3.422663109
SRR8743254_quant,6655,7.6333,0.9436,15,3.275,0.86,Root,Control,17,RCO17,Root_Control_TP17,TP17R19,TP17R19,1,t642,19,15,0.058671327,0.158108456,0.024361543,1,-4.081725401,0.001,999,3.628965504
SRR8743255_quant,16584,10.7654,0.9957,22,3.7396,0.8866,Root,Control,17,RCO17,Root_Control_TP17,TP17R2,TP17R2,1,t642,2,22,0.08190485,0.163159075,0.021252849,1,-3.823215628,0.001,999,3.905121528
