,Group_2,Group_1,RCO02,RCO03,RCO04,RCO05,RCO06,RCO07,RCO08,RCO09,RCO10,RCO11,RCO12,RCO13,RCO14,RCO15,RCO16,RCO17,RPR03,RPR04,RPR05,RPR06,RPR07,RPR08,RPR09,RPR10,RPR11,RPR12,RPR13,RPR14,RPR15,RPR16,RPR17,RPO09,RPO10,RPO11,RPO12,RPO13,RPO14,RPO15,RPO16,RPO17,ZCO03,ZCO04,ZCO08,ZCO09,ZCO10,ZCO11,ZPR03,ZPR04,ZPR08,ZPR09,ZPR10,ZPO10,ZPO11,SCO04,SCO08,SCO09,SCO10,SCO11,SPR04,SPR08,SPR09,SPR10,SPO10,SPO11
jgi.Rhice1_1.726182.estExt_Genewise1Plus.C_2670020,MAPK,MAPK,0.877596667,0,0,0,0.002402667,4.085375,3.066833333,3.752868333,0,8.147493333,26.88492,9.699385,10.9968,18.930294,11.5529,11.39704333,0,0,0,0,0,0,0,2.734983333,0,0,0,0,0,2.53704,4.930518333,5.09905,3.609866667,4.725216667,7.2301,3.085,6.9809,5.656033333,4.844195,0,0,0,0,0.3325885,0.484765,0,0,0,0,0,0,0,0.4335285,0.57719,0.928385,0,0.541295,1.826975,0,0,0,0.4442675,0,0
jgi.Rhiir2_1.1765895.gm1.4649_g,MAPK,MAPK,0.413695,0,0.9526167,2.5174333,2.2937333,0,0,1.792725,2.71643,1.73736,2.844454,4.3251733,5.75283,2.08684,1.21024,6.3274533,0,0,0,0,0,0,0,0,0,0,2.7735,3.296465,0,2.689425,5.0611767,0,2.9237267,0,13.46271,0.5606233,6.01895,0.8287217,0,5.5037,0,0,0,0,0.2446825,0,0,0,0,0,0.2360375,0,0.456346,0,0,0.2627165,0,0.7166495,0.559498,0,0,0.219532,0,0.15079
jgi.Rhice1_1.729236.estExt_Genewise1Plus.C_6080026,MAPK,MAPK,1.459735,0,0,0,0,0,0,0,0,0,2.40112,0,0,0.327896,0,2.1654317,0,0,0,0,0,0,0,0,0,0,0,0,1.2473625,0,0.8339233,1.357085,0,0,11.54555,1.8833667,3.71585,0,0,0,0,0,0,0,0,0,0,0,0,0,0,0,0,0,0.2040865,0.294513,0,0,0.628083,0,0,0,0,0
jgi.Gloin1.309151.CE209027_422,MAPK,MAPK,6.83E-06,0,4.62E-05,0.000533,0.0001505,0,0,7.92E-05,0.0003275,3.92E-05,0.0000032,4.12E-05,0.0001035,0.0000104,0.000004,0.0000435,0,0,0,0,0,0,0,0,0,0,9.48E-05,0.0000135,0,0.0000375,0.000078,0,0.000415667,0,0.0004235,3.33E-06,0.0003395,1.37E-05,0,9.93E-05,0,0,0,0,0.0000145,0,0,0,0,0,0.0000215,0,0.0000105,0,0,0.0000085,0,0.000075,0.000014,0,0,0.000019,0,0.0000015
jgi.Rhidi1.756010.gm1.7084_g,AMT,AMT,0,0,0,2.61985,7.4777,3.59182,5.26484,13.8361283,10.6280283,12.1099383,24.65357,29.54355,49.0026,35.07656,24.5021,38.4159167,0,0,0,0,0,0,0.992755,1.86445,0,12.9359333,2.6087667,32.55615,26.931325,6.59111,26.4864,16.3037517,11.019265,0,9.36575,0,8.7046,1.1984467,3.30231,0,1.57156,0,0.3904645,1.363905,1.0325,0.661308,0,0.382365,0,0,0.999265,0,0.6285405,2.879695,0.513125,0.370605,0.3805125,2.680895,7.459715,0,9.335225,0.3127035,0,0.614331
jgi.Rhidi1.762053.gm1.13127_g,AMT,AMT,1.230445,0,0,0,0,0,0,0,2.6261333,1.7810567,4.14998,11.3572133,14.10215,10.607766,16.1979,9.631085,0,0,0,0,0,0,0,0,0,5.94865,3.8710617,8.437315,5.18793,4.999425,17.1900833,8.7045667,0,2.7873733,0,0,0,0,0,0,0,0,0.4006605,0,0,0.207758,0,0.3923325,0,0,1.436765,0,0,0.416277,0,0.3802545,1.9528,1.361475,1.2979405,0,0.67611,0.320958,0,0
jgi.RhiirA5.494804.estExt_Genemark1.C_970016,AQPF,AQPF,5.725705,0,4.3553,0,3.783412,8.0423,28.70107,28.654785,76.32885,91.758833,145.55988,146.678267,114.28365,118.9644,134.019,150.982833,0,0,0,0,0,0,16.88875,5.327517,0.693145,38.653667,28.743717,68.660715,38.313835,100.02005,169.79255,76.2084,29.243317,15.344967,32.11645,12.890873,40.9291,6.440133,10.305785,12.649567,0,0,0.51106,0,1.201734,0.264875,0,0,0,0,0.608805,0,0.802225,2.66401,0,0.96928,0.359258,3.314231,8.69149,0,7.13974,0.410625,0.95688,0.79058
jgi.Rhice1_1.706192.estExt_Genewise1.C_120022,AQPF,AQPF,0,0,0,0,1.4851533,0,0,0.9463533,11.2417983,10.2908917,23.063688,22.9241083,12.6743,9.283448,11.8358,20.9067,0,0,0,0,0,0,0,0,0,0,2.4621,8.0596,14.7845,0,31.168005,0,6.0138,12.6657167,0,3.5555833,0,6.5188167,0,3.43615,0,0,0,0,0,0,0,0,0,0,0,0,0,0,0,0,0,0,0,0,0,0.5052,0,0
jgi.Rhidi1.767359.gm1.18433_g,AQPF,AQPF,0.6001667,0,0,0,1.4732917,0,0,0,2.3809167,2.4790667,1.85218,2.87646,2.713275,0,0,11.0057767,0,0,0,0,0,0,0,0,0,0,0,0,0,0,1.2116183,1.7311333,0,0,0,0,0,0,0,0,0,0,0,0,0.3088155,0,0,0,0,0,0,0,0,0,0,0,0,0.32393,0,0,1.370735,0,0,0
jgi.RhiirA4.478708.gm1.28504_g,AQPF,AQPF,0.02995733,0,0,0,0.10426633,0,0,0,0.2712375,0.16084083,0.9531406,0.62720083,1.1006165,1.0148384,0.344033,0.80853517,0,0,0,0,0,0,0,0,0,0.31160167,0,0.3234275,0.6645125,0,0.5848225,0.11173933,0,0,0,0,0,0,0,0,0,0,0,0,0.0292675,0,0,0,0,0,0,0,0,0,0,0.1028405,0,0.2003135,0,0,0.1034295,0,0,0
jgi.Rhidi1.618466.e_gw1.33.4.1,AA permease,AAT,6.321085,2.3760833,0,4.4964667,10.6195117,12.717795,10.6075718,14.9406333,37.1361167,27.6059933,24.623134,19.6367283,1.61508,1.162564,0,17.6375883,0,0,0,0,0,0,8.5851667,3.2134667,3.47105,28.5744,32.0574167,17.1036,18.52025,3.9115,19.66037,29.8170842,0.9446433,0,0,0,0,0,0,0,0,0,0.55346,0.000001,0.300279,0,0,0,0,0,0,0,0,0.578725,1.70994,0,0.66194,1.9579,9.525275,0,6.47909,0,1.82963,0.52164
jgi.Rhice1_1.840025.gm1.28809_g,AA permease,AAT,1.1213017,0,0,0,0,2.032815,4.419615,2.6761467,8.9630017,9.3014667,6.415068,2.6511967,7.062645,0,0.742884,4.8614317,0,0,0,0,0,0,2.5814833,0,3.17155,8.82075,2.1687467,5.83665,0,0,1.8604333,7.8667667,0,0,0,0,0,0,0,0,0,0,0.272903,0.2036035,0.5923,0,0,0,0,0,0,0,0,0,1.686085,0.94345,0.326324,0.833942,0.830045,0,1.410245,0,0.2946545,0
jgi.Rhice1_1.822151.gm1.10935_g,AA permease,AAT,0,0,0,0,0,0,0,0,0,2.2064667,0.973054,0.5181367,5.11015,1.22612,0,3.0281867,0,0,0,0,0,0,11.0242167,6.8003167,0,0,0,0,0,0,0,3.4881933,0.9962867,2.7663167,8.73589,0,4.32528,5.58203,11.9125,4.3553,1.437505,1.67895,0.58141,0,4.43798,0.2102785,1.470525,0,18.16069,2.479055,0,0.816485,0,1.3750435,2.94887,2.62702,2.390205,3.4040925,0.4418365,0,2.123565,1.054285,0.78848,0
jgi.Rhice1_1.800436.estExt_fgenesh1_pm.C_6070001,AA permease,AAT,1.0302767,0,0,2.6918333,2.7291133,2.29627,4.8129633,1.707335,3.4260533,11.84661,3.606832,1.15897,0,0,0,2.39969,0,0,0,0,0,0,0,1.6531483,3.0526,9.7290167,0,0,0,0,6.7878667,3.0821,0,0,0,0,0,0,0,0,0,0,0,0.4238085,0,0,0,0,0,0,0,0,0,0,0.2926805,0,0,0.3964345,0,0,0.293926,0,0,0
jgi.Rhidi1.745093.estExt_fgenesh1_pg.C_3680008,AA permease,AAT,0,0,0,0,0,0,0,0,0,0.274645,0.963668,1.5728083,1.589505,0.403748,0.515739,0.8246283,0,0,0,0,0,0,0,0,0,4.97618,0,0,0,0,0,0,0,0,0,0,0,0,0,0,0,0,0.475269,0,0.4210325,0,0,0,0,0,0,0,0,0.245655,0,0,0,0.2136405,0.284647,0,0,0.1895235,0.2078365,0
jgi.Rhice1_1.684792.e_gw1.1.113.1,AA permease,AAT,0,0,0,0,0,0,0,0,0,0,1.106634,0,0,1.240246,0,1.6671617,0,0,0,0,0,0,0,0,0,0,0,0,0,0,0,0,0,1.39909,0,2.2560667,0,0,0,0,0,0,0,0,0,0,0,0,0,0,0,0,0.297359,0.3074775,0,0,0,0,0,0,0,0,0,0
jgi.Rhidi1.756408.gm1.7482_g,AA permease,AAT,0,0,0,0,0,0,0,0,0,0,0,0.5099233,0,0,0,0,0,0,0,0,0,0,0,0,0,1.9566,0,0,0,0,2.4721167,1.2053417,0,0,0,0,0,0,0,0,0,0,0,0,0,0,0,0,0,0,0,0,0,0,0,0,0,0,0,0,0,0,0,0
jgi.Rhiir2_1.1778705.gm1.17459_g,AA permease,AAT,0,0,0,0,0,0,0,0,1.241258,0,0,0,4.12642,0,0,0,0,0,0,0,0,0,0,0,0,0,0,0,0,0,1.97165,0,0,0,0,0,0,0,0,0,0,0,0,0,0,0,0,0,0,0,0,0,0,0,0,0,0,0,0,0,0,0.284139,0,0
jgi.RhiirA4.470278.gm1.20074_g,AA permease,AAT,0,0,0,0,0,0,0,0,0,0,0,0,0,0,0,0,0,0,0,0,0,0,3.484817,0,0,0,0,0,0,0,0,0,0,0,0,0,0,0,0,0,0,0,0,0,0,0,0,0,0,0,0,0,0,0,0,0,0,0,0,0,0,0,0,0
jgi.RhiirA5.415291.gm1.10024_g,AA permease,AAT,0,0,0,0,0,0,0,0,0,0,0.756562,0,0,2.05034,0,0,0,0,0,0,0,0,0,0,0,0,0,0,0,0,0,0,0,0,0,0,0,0,0,0,0,0,0,0,0,0,0,0,0,0,0,0,0,0,0,0,0,0,0,0,0,0.221473,0,0.14027
jgi.RhiirC2.842478.estExt_Genemark1.C_360006,AA permease,AAT,0,0,0,0,0,0,0,0,0,0,0,0.5644233,0,0,0,0,0,0,0,0,0,0,0,0,0,0,0,0,0,0,0,0,0,0,0,0,0,0,0,0,0,0,0,0,0,0,0,0,0,0,0,0,0,0,0,0,0,0,0,0,0,0,0,0
jgi.Rhice1_1.875200.estExt_Genemark1.C_1340048,AA permease,AAT,0,0,0,0,0,0,0,0,0,0,0,0,0,0.50658,0,0,0,0,0,0,0,0,0,0,0,0,0,0,0,0,0,0,0,0,0,0,0,0,0,0,0,0,0,0,0,0,0,0,0,0,0,0,0,0,0,0,0.2227735,0,0,0,0,0,0,0
jgi.Rhiir2_1.1775683.gm1.14437_g,AA permease,AAT,0,0,0,0,0,0,0,0,0,0,0,0,0,0,0,0,0,0,0,0,0,0,0,0,0,0.1944667,0,0,0,0,0,0.0838725,0,0,0,0,0,0,0,0,0,0,0,0,0,0,0,0,0,0,0,0,0,0,0,0,0,0,0,0,0,0.273115,0,0
jgi.Rhidi1.759019.gm1.10093_g,AA permease,AAT,0,0,0,0,0,0,0,0,0,0,0,0,0,0,0,0,0,0,0,0,0,0,0.004211667,0,0,0,0,0,0,0,0,0,0,0,0,0,0,0,0,0,0,0,0,0,0,0,0,0,0,0,0,0,0,0,0,0,0,0,0,0,0,0,0,0
jgi.RhiirA4.512566.MIX19105_342_51,AA trans,AAT,1.9475833,0,0,0,0.7484033,0,3.00445,2.23948,3.38419,0.8333717,1.067856,7.6019583,2.80965,14.085974,2.7349,12.5654633,1.6641217,0,0,0,0,0,0,0,8.3921333,10.6188833,2.6050167,3.581225,4.217535,0,3.3956733,9.536475,0,6.7013983,0,2.05782,9.9154,1.087175,0,9.7166,0,0,0,0,0,0,0,0,0,0,0,0,0,0,0.339961,0,0,0,0.4886705,0,0,0,0,0
jgi.Rhidi1.773871.gm1.24945_g,AA trans,AAT,1.4478333,0,0,0,0.9629017,0,0,0,6.5270833,10.7580183,3.147936,10.1679983,9.119355,6.509346,3.83688,9.80715,0,0,0,0,0,0,0,2.0437333,0,3.5008333,1.429805,0,4.71436,3.909525,4.6120217,3.92793,3.89905,3.3362833,0,0,4.77078,0,0,0,0,0,0,0,0.3740665,0,0,0,0,0,1.08713,0,0.349182,1.5283825,0,0,0.414438,0,0.512405,0,0.358915,0,0,0.2181355
jgi.Rhice1_1.708440.estExt_Genewise1.C_510022,AA trans,AAT,0,0,0,0,0,0,0,0,7.1888833,3.0303833,6.141364,2.678865,12.398565,6.33825,3.66568,4.67381,0,0,0,0,0,0,0,3.9050833,0,6.69645,0,9.9846,0,0,1.1184633,3.6402667,1.1479533,0,0,2.6937333,9.96745,0,3.458325,12.1626667,0,0,0.4074305,0,0.3010755,0,0,0,0,0,0,0,0,0,0.3416085,0,0,0.64677,0,0,0,0,0,0
jgi.Rhice1_1.688643.e_gw1.53.75.1,AA trans,AAT,1.448827,0,0,0,1.520433,2.9857,3.59595,0,0,0,2.55618,3.764092,0,5.586152,0,1.843985,0,0,0,0,0,0,0,0,0,0,0,0,1.99188,0,1.181982,6.677667,1.366782,0,12.2912,0,0,1.602543,5.4475,2.53415,0,0,0,0,0,0,0,0,0,0,0,0,0,0,0.8017,0,1.00617,0.380109,0,0,0,0,0,0.263074
jgi.Rhice1_1.873480.estExt_Genemark1.C_750035,AA trans,AAT,1.75827,0,0,0,0,0,0,0,0.6065117,7.0506667,5.287624,1.5380167,4.59225,3.626906,4.98794,3.7501917,0,0,0,0,0,0,0,0,0,4.3977333,0.890825,0,0,0.692775,2.992565,0,0,1.1052883,3.51177,0,0,0,0,1.9661667,0,0,1.138,0,0,0,0,0,0,0,0,0.3267155,0,0.2945275,0.476549,0,0,0,0,0,0,0,0,0.1551725
jgi.Gloin1.188140.CE88016_228,AA trans,AAT,0,0,0,0,0,0.87493,0,0,0,0.6810783,7.59341,0.9676265,2.73913,1.501852,3.1974,1.02248,0,0,0,0,0,0,0,0,0,4.7054833,6.6288067,3.483645,1.7910425,1.263875,2.9469683,1.2700933,0,1.2418583,3.422095,0,0,0,0,0,0,0,0.2913755,0.177222,0,0,0,0,0,0,0,0,0,0.90513,0.1918255,0,0.4058345,0.755538,0,0,0,0.2314505,0.271308,0
jgi.Gloin1.24928.gm1.24816_g,AA trans,AAT,0,0,0,0,0,0,0,0,0,6.3145783,0.879546,0,3.92232,2.295798,0,0.600295,0,0,0,0,0,0,0,0,0,0,0,0,1.58734,0,1.8328333,0,0,2.6622,4.018205,0,0,0,0,0,0,0,0,0,0.250816,0,0,0,0,0,1.445185,0,0,0,0,0,0.3296295,0,0.407255,0,0,0,0,0
jgi.Gloin1.18787.gm1.18675_g,AA trans,AAT,0,0,0,0,0.930285,0,0.000831,0,3.126113333,0.000168833,2.9736346,1.783415,1.429795,0,1.3352,1.266013333,0,0,0,0,0,0,0,0,0,0,3.596406667,0,0,0,1.666286667,0,0,0,0,0,0,0,0,0,0,0,0,0,0,0,0,0.0002335,0,0,0,0,0,0,0.0006175,0.000194,0,0,0.2500705,0,0,0,0.00015,0.154842
jgi.Rhiir2_1.1853167.estExt_Genewise1.C_340169,AA trans,AAT,0,0,0,0,0.7428067,0,0,0,2.6285283,0,0.65217,0,0,0,0,1.0561033,0,0,0,0,0,0,0,0,0,0,0,0,0,0,0.667485,0,0,0.9449783,0,0,0,0,0,0,0,0,0,0,0,0,0,0,0,0,0,0,0,0,0,0,0,0,0,0,0,0,0,0
jgi.Rhice1_1.871333.estExt_Genemark1.C_250025,AA trans,AAT,0,0,0,0,0,0,0,1.8711167,0,0,1.04238,0,0,0,0,0,0,0,0,0,0,0,0,0,0,0,0,3.6095,0,0,0,0,0,0,0,0,0,0,0,0,0,0,0,0,0,0,0,0,0,0,0,0,0,0,0.342438,0,0,0.3241785,0,0,0,0,0,0
jgi.Rhiir2_1.1856517.estExt_Genewise1.C_890017,AA trans,AAT,0,0,0,0,0,0,0,0,0,0,0,0.5647317,0,0,0,0,0,0,0,0,0,0,0,0,0,0,0,0,0,0,0,3.1796833,0,0,0,0,0,0,0,0,0,0,0,0,0,0,0,0,0,0,0,0,0,0,0,0,0,0,0,0,0,0,0,0
jgi.Rhice1_1.806625.estExt_fgenesh1_pg.C_2300016,AA trans,AAT,0,0,0,0,0,0,0,0,0,0.6663683,1.133402,0.2655067,0,0,0,0.2925967,0,0,0,0,0,0,0,0,0,0,0,0,0,0,0,0,0,0,0,0,0,0,0,0,0,0,0,0,0,0,0,0,0,0,0,0,0,0,0,0,0,0,0,0,0,0,0,0
jgi.Rhidi1.630687.e_gw1.544.32.1,FAT,FAT,12.74985,0,0.6965783,2.4541833,7.293915,2.55242,3.3026833,11.5126433,24.3132083,32.5195367,62.2143,52.1251,86.2584,56.35222,44.702,62.8864167,0,0,0,1.9764,0,0,0,5.20875,1.66442,17.7845167,34.1772,52.2094,26.58875,25.722,59.1286667,35.5264333,18.2837667,29.5867167,29.23445,8.2443,3.20743,1.584515,13.285175,9.2018767,0,2.54522,0,0,2.350185,0,1.11,0,0,0,0.2304035,0.310326,0.2227425,1.984385,1.58235,1.26849,0.6378055,0.527412,6.85679,0,2.262745,0.85689,0,0.4221765
jgi.RhiirA1_1.340139.e_gw1.269.3.1,FAT,FAT,0.4428667,0,0,0,1.6023967,2.40863,6.00399,4.83561,6.2763833,5.1620517,30.90686,14.60215,32.57585,15.91206,0,15.409295,0,0,0,0,0,0,0,1.25028,7.05799,11.2837833,4.6791,9.2209,25.442425,5.79895,9.4799733,8.00698,8.7406017,17.23265,9.9156,9.7861933,23.89405,0.8618717,5.144235,10.1158733,0,0,1.672185,0,0,0,0,0,0,0,0,0,0.2120815,0.842831,1.7939615,0,0.186911,0,0,0.387078,0.794705,0,1.25004,1.17132
jgi.RhiirA4.462288.gm1.12084_g,FAT,FAT,0.6120667,0,0,0,13.0507683,2.649545,8.3457767,4.6620983,7.3185583,13.34855,14.81732,4.68045,0,7.888596,0,35.1861333,0,0,0,0,0,0,0,3.02855,0,8.3872333,1.334485,14.6313,1.8926,7.0777,10.1369058,4.5052667,2.2429167,4.6207633,5.04255,2.4883167,4.868715,3.3712,3.378515,2.0793,0,1.87019,0,0,0,0,0,0,0,0,0,0,0,0,0.0051145,0.3784625,0.836935,0,0.96094,0,0,0,0,0.437431
jgi.Gloin1.121763.CE21639_3186,FAT,FAT,9.124367,0,0,0,0.000001,0.907861,1.469906,0.0000075,0.0000005,15.50618,6.020102,11.14911,18.82895,8.04914,21.1091,23.9101,0,0,0,0,0,0,0,0.0000005,3.67E-05,1.47E-05,1.63027,34.1875,0.00004,6.97305,18.41385,13.58922,0.0000105,1.984341,3.053047,3.986062,0.000008,1.67E-07,0.000002,1.545386,0,0,0.0000005,0,1.157695,0.463595,1.075535,0,1.61796,0,0.314018,0,0,0.0000005,0.0000005,0.735475,0,1.542245,4.87703,0,2.191695,0.835,0.2290265,0.399621
jgi.Gloin1.66221.e_gw1.2600.4.1,FAT,FAT,0.5634367,0,0,0,2.5027133,0,0,2.2157117,5.854055,6.1789483,11.7257,8.9995117,11.88669,3.272126,6.26631,11.2022583,0,0,0,0,0,0,0,0,0,1.7345867,1.4862967,9.303005,3.7759575,2.215915,13.1254317,2.8337117,0.74668,5.1987367,0,4.245245,9.61416,0.531285,0.99982,3.402215,0.3080655,0,0.3524015,0.2109765,0.77919,0.0742985,0,0.1227275,0,0,0,0.322092,0.3110575,0.128341,0.251582,0,0.120845,0.1119935,0.308613,0,0.62671,0.1974475,0.2178435,0.135505
jgi.Gloin1.1425.gm1.1313_g,FAT,FAT,2.4397617,0,0,2.4423333,0,0,0,0.5218217,9.0851333,2.21914,3.602696,2.2348317,10.26995,6.02276,2.44735,7.99307,0,0,0,0,0,0,0,0,3.4827667,4.6155333,1.2160017,0,5.498655,1.712605,2.111915,2.96655,3.31601,5.75722,4.594835,6.9671633,12.930295,0,0,10.2275,0,0,0,0,0.3227895,0,0.75284,0,0,0,0,0.301258,0,0,0,0,0,0,1.32108,0,3.24497,0,0,0.601125
jgi.RhiirA4.341828.estExt_Genewise1.C_3120041,FAT,FAT,1.1200197,0,0,1.5490083,0.6025993,0,0.7357433,0.6614118,4.0267717,5.203305,4.414188,3.0199567,6.752015,5.20498,3.12543,6.7585233,0,0,3.6644833,0,0,0,0,0.47565,0,3.767455,2.021555,4.52546,2.9451,2.99643,7.4131517,4.0804583,2.1556317,5.3297917,1.19467,6.8989933,6.662,0,0,4.5183917,0.422911,0,0.1919985,0,0,0,0.647927,0.2585115,0,0.3174925,0.2177375,0,0.350266,0.2175865,0,0,0.2043155,0.1277365,0,0.253169,0.1550685,0.3330525,0.097946,0
jgi.Rhidi1.25349.CE25239_9078,FAT,FAT,0,0,0,0,1.2191167,0,1.5644833,3.1114467,1.7720667,4.5443183,6.745272,2.43877,2.49626,3.682258,6.07227,5.6621883,0,0,0,0,0,0,2.3425167,0,0,6.1181167,1.7351667,0,1.108525,0.674705,1.5207067,2.6631617,7.40361,5.5264833,0,2.9186833,0,2.6153183,2.291515,5.2045167,0,1.30778,0.22602,0,0.2454945,0,0,0,0,0,0.66591,0.3188225,0.2190085,1.0973355,0,0,0,0.4998055,4.3668,0,2.367825,0.2215435,0.243137,0.453883
jgi.Rhice1_1.816566.gm1.5350_g,FAT,FAT,0,0,0,0,0.502875,0.83809,2.6767667,3.797735,1.5583917,3.96066,10.155198,4.8090583,9.640975,0.88187,3.06277,2.9605217,0,0,0,0,0,0,0,0,1.7286667,3.2757967,0,4.812665,1.71563,0,2.3528133,0,0,1.0378367,10.00616,1.47214,3.046605,2.2008833,2.311615,1.70805,0,0,0,0,0,0,0,0,0,0,0,0,0,0,0.184236,0,0,0.694275,0,0,0,0,0.245178,0.1525655
jgi.Rhice1_1.880175.estExt_Genemark1.C_4980006,FAT,FAT,1.62126667,0,0.01178883,0,0.77542867,1.304505,0.060048,0.66536667,5.07660167,2.33417167,5.035028,1.32469683,5.6046,1.719476,5.44407,5.17512167,0,0,0,0,0,0,0,2.03143333,0,2.80211667,5.59297667,3.001335,0,1.129685,4.13540733,2.59045,0,0,0,0,0,0,0,0.02714033,0,0,0.000015,0,0,0,0,0,0,0,0,0,0.0000025,0.357065,1.442445,0,0,0,2.483905,0,0.432667,0,0,0
jgi.Rhidi1.753506.gm1.4580_g,FAT,FAT,0.106126667,0,0,0.629166667,0.001627167,0,0.215826667,0.002400167,3.273692,2.317458333,6.331716,3.602928333,2.662055,0.64323,3.78308,2.324413333,0,0,0,0,0,0,0,0,1.033613333,1.2601185,2.354696667,0.0151295,2.9433,2.089275,5.597455,2.548378333,0.738815,0.002317333,0,2.345755167,1.428745,0.525688333,2.6254745,2.785016667,0.0013815,0,0.000204,0.379501,0.0923125,0.0644165,1.0179,0,0,0,0,0.2154155,0,0.105487,0.3727175,0,0.000243,0,0.3038495,0,0.2046165,0.1970235,0,0.062667
jgi.Gloin1.319629.MIX1298_1255_99,FAT,FAT,1.268578,0,0,0,0,0.812435,0,0,4.88E-05,2.69644,3.20188,2.576343,0,2.599324,0.593802,4.029518,0,0,0,0,0,0,0,0,0,0,9.082167,3.23481,0,0,1.287032,1.179373,0,0,0,0,0,0,0,0,0,0,0,0.33076,0,0,0,0,0,0,0,0,0,0,0,0,0,0,0.875341,0,0,0,0,0
jgi.Rhiir2_1.625930.CE625797_11500,FAT,FAT,0.920955,0,0,0,0,0,0,0,0,0,1.700578,1.489145,0,3.81695,1.45179,3.0921917,0,0,0,0,0,0,0,0,0,0,1.037135,0,1.32516,0.80656,1.8117833,1.4417267,5.9012667,1.26238,0,0,3.61032,2.1616,0,0,0,0,0,0,0.2898825,0,0,0,0,0,0,0,0.2587255,0.279156,0,0,0,0.2598225,0.3944325,0.157761,0.82775,0,0,0
jgi.RhiirA4.448948.estExt_fgenesh1_pg.C_23260002,FAT,FAT,0,0,0,0,0,0,0,0,0,0.59404,0,0.9508417,0,4.49984,1.11551,2.2894983,0,0,0,0,0,0,0,0,0,0,0,0,6.248625,0,0,0,0,4.3326167,0,4.4909333,0,0,0,6.0014667,0,0,0,0,0.428282,0,0,0,0,0,0,0,0,0,0.4089885,0,0,0,0,0,0,0,0,0
jgi.RhiirA1_1.499094.MIX11411_2014_99,FAT,FAT,0.526945,0,0,0,1.31074,0,0,1.17283,2.8521083,1.06914,0.813312,0,0,0.4617134,0.385381,1.6443583,0,0,0,0,0,0,0,0,0,0.8737583,1.389525,2.099415,0,0,1.8855067,0.65333,1.2577867,0.6529433,0,1.523015,0,0,1.45433,1.8938183,0,0,0,0,0,0,0,0,0,0,0,0,0,0,0.3007175,0,0,0,0.1475325,0,0,0,0,0
jgi.Rhice1_1.823241.gm1.12025_g,FAT,FAT,0,0,0,0,0.6085,0,2.4804917,2.3737333,0,0,1.39773,0.99158,1.298235,0.93449,0,2.011885,0,0,0,0,0,0,0,0,0,0,0,0,0,1.27256,0,0,0,1.054175,0,0,6.59305,0,2.287535,1.407865,0,0,0,0,0,0,0,0,0,0,0,0,0,0,0,0,0.192808,0,0,0,0,0.2199165,0,0
jgi.Gloin1.15836.gm1.15724_g,FAT,FAT,0,0,0,0,1.9119833,0,0,0,0,0,1.60536,1.7923517,0,3.51808,0,0.834395,0,0,0,0,0,0,0,0,0,1.9160833,0,4.14394,0,0,0,0,0,1.2888167,0,0,0,0,0,0,0,0,0,0,0,0,0,0.335828,0,0,0,0,0,0.355599,0,0.325546,0,0.2715655,0.412281,0,1.08588,0,0,0
jgi.Gloin1.777.gm1.665_g,FAT,FAT,0,0,0,0,0,0.2661345,0,0,0.567655,0,0,1.1375617,1.306605,0,0,1.7887617,0,0,0,0,0,0,0,0,0,0.4410167,0,0,0,0,0,0,2.69307,3.5757267,0,0,0,0,0.73405,0,0.342421,0,0,0.226524,0.6072605,0,0,0.0905185,0,0,0,0.506369,0,0.156166,0.463114,0.0878135,1.011535,0.082472,1.003544,0,1.53411,0,0,0.439175
jgi.Rhice1_1.871020.estExt_Genemark1.C_180037,FAT,FAT,0.56065,0,0,0,0,0,0,0.47519,2.1350333,0,2.437976,0.6603867,0,0,0.742884,0,0,0,0,0,0,0,0,0,0,0,0,0,0,1.55956,0.9302183,0,0,1.291925,0,1.7853667,0,0,2.80345,0,0,0,0.335378,0.2036035,0.2961485,0.3950215,0,0,0,1.99397,0,0,0,0.347746,0.281014,0.318448,0,0,0,0,0,0,0.2946545,0
jgi.Rhice1_1.828713.gm1.17497_g,FAT,FAT,0,0,0,0,0.4825567,0,0,0,0,0,1.096956,1.8486483,1.81161,1.38049,4.70243,1.6381517,0,0,0,0,0,0,0,0,0,0,0.8761767,0,0,0.653125,2.9019133,0,0,0,0,0,0,0,0,0,0,0,0.2690785,0,0,0,0,0,0,0,0,0,0,0,0,0,0,0.212602,0,0,0,0,0,0
jgi.Rhidi1.747025.estExt_fgenesh1_pg.C_6300005,FAT,FAT,0,0,0,0,0,0,0,0,0,0,1.102396,0.6827317,0,0,0,0.75239,0,0,0,0,0,0,0,0,0,0,0,0,0,0,1.1486117,0,4.7362283,0,0,0.8719183,0,0,4.698645,0,0,0,0,0,0,0,0,0,0,0,0,0,0,0,0,0,0,0,0,0,0,0,0,0
jgi.Rhiir2_1.417684.CE417551_35564,FAT,FAT,0.4135817,0,0,0,0.0940505,0,0.248045,0,0,0,2.059636,0.4981117,0,0,0,0.6392617,0,0,0,0,0,0,0,0,0,0.88111,0.4642717,0,0.6584425,0,0,0.5280267,0,0,0,0,1.54912,0,0,0.8685033,0.903515,0.692845,0,0,0.259862,0.1736305,0.892604,0.357631,0,0,0.249762,0,0,0,0,0,0.303628,0.1309365,0.119928,0,0.9316035,0,0,0.0740415
jgi.RhiirC2.865015.estExt_fgenesh1_pg.C_4300006,FAT,FAT,0,0,0,0,0,0,0,0,0,0,2.65578,0,0,0,0,0,0,0,0,0,0,0,0,0,0,0,0,0,0,0,0,0,0,1.743583,0,0,11.2764,0,0,0,0,0,0,0,0,0,0,0,0,0,0,0,0,0,0,0,0,0,0,0,0,0,0,0
jgi.Rhidi1.793244.MIX14540_931_99,FAT,FAT,0,0,0,0,0,0,0,0.399005,0,0.5373417,0,2.1144667,0,0.28208,1.17561,1.1475567,0,0,0,0,0,0,0,0,0,0,0,0,0,0.653125,0,0,0,1.02223,0,0,0,0,0,1.3652017,0,0,0,0,0,0,0,0,0,0,0,0,0,0.2784305,0,0,0,0,0,0,0,0,0,0
jgi.RhiirA4.335081.e_gw1.9772.1.1,FAT,FAT,0,0,0,0,0,0,0,0,0,0,0,0,0,0,0,0,0,0,0,0,0,0,0,0,0,0,0,0,0,0,0,0,0,0,0,0,0,0,0,0,0,0,1.29389,2.130775,0,1.33679,0,0,0,0,0,0,1.995585,0,3.85401,1.220885,0,5.602525,1.60966,0,0,0,1.183175,1.433395
jgi.RhiirC2.695672.estExt_Genewise1Plus.C_4300012,FAT,FAT,0,0,0,0,2.1386333,0,0,1.7526167,0,0,0,0,0,1.102228,0,0.8417317,0,0,0,0,0,0,0,0,0,0,0,0,0,0,0,0,0,0,0,0,0,0,2.89587,0,0,0,0,0,0,0,0,0,0,0,0,0,0,0,0,0,0,0,0,0,0,0,0,0
jgi.RhiirA1_1.531369.estExt_Genemark1.C_1290014,FAT,FAT,0,0,0,0,0,0,0,0,3.828383,0,1.132934,0,0,0,0,0,0,0,0,0,0,0,0,0,0,0,0,0,0,0,1.180428,0,0,0,0,0,0,0,0,0,0,0,0,0,0,0,0,0,0,0,0,0,0,0,0,0,0,0,0,0,0,0,0,0
jgi.Rhice1_1.836137.gm1.24921_g,FAT,FAT,0,0,0,0,0,0,0,0,4.4906,0,0,0.6121317,0,0,0,0,0,0,0,0,0,0,0,0,0,0,0,0,0,0,0,0,0,0,0,0,0,0,0,0,0,0,0,0,0,0,0,0,0,0,0,0,0,0,0,0,0,0,0,0,0,0,0,0
jgi.Rhice1_1.726046.estExt_Genewise1Plus.C_2560007,FAT,FAT,1.288298,0,0,0,0,0,0,1.287605,0,0,1.12508,0,0,0,0,0,0,0,0,0,0,0,0,0,0,1.518963,0,0,0,0,0,0,0,0,0,0,0,0,0,0,0,0,0,0,0,0,0,0,0,0,0,0,0,0,0,0,0,0,0,0,0,0,0,0
jgi.Rhice1_1.423507.CE423295_84836,FAT,FAT,0,0,0,0,0,0,0,0,0,0.6847017,0.463812,0.5662717,0,1.187132,0,0,0,0,0,0,0,0,0,0,0,0,0,0,0,0,0,0,0,0,0,0,0,0,0,0,0,0,0,0,0,0,0,0,0,0,0,0,0,0,0.1479915,0.168138,0,0.1585915,0,0,0,0.140832,0.1542605,0
jgi.RhiirB3.495678.MIX19198_17_43,FAT,FAT,0,0,0,0,0,0,0,0,0,0,0,0,0,0,0,0,0,0,0,0,0,0,0,0,0,0,0,0,0,0,0,0,2.377017,0,0,0,0,0,0,0,0,0,0,0,0,0,0,0,0,0,0,0,0,0,0,0,0,0,0,0,0,0,0,0
jgi.Rhice1_1.851889.MIX8835_422_38,FAT,FAT,0,0,0,0,0,0,0,0,0,0,0.887178,0,0,0,0,0.674485,0,0,0,0,0,0,0,0,0,0,0,0,0,0,0,0,0,0,0,0,0,0,0,0,0,0,0,0,0,0,0,0,0,0,0,0,0,0,0,0,0,0,0,0,0,0,0,0
jgi.RhiirA1_1.433835.estExt_fgenesh1_pm.C_1290003,FAT,FAT,0,0,0,0,0,0,0,0,0,0,0,0,0,1.341648,0,0,0,0,0,0,0,0,0,0,0,0,0,0,0,0,0,0,0,0,0,0,0,0,0,0,0,0,0,0,0,0,0,0,0,0,0,0,0,0,0,0,0,0,0,0,0,0,0,0
jgi.RhiirB3.296676.gw1.8314.2.1,FAT,FAT,0,0,0,0,0,0,0,0,0,0,0,0,0,0,0,0,0,0,0,0,0,0,0,0,0,0,0,0,0,0,0,0,0,0,0,0,0,0,0,0,0,0,0,1.255655,0,0,0,0,0,0,0,0,0.82593,1.129265,0,0,0,0,0,0,0,0,0,0
jgi.Rhice1_1.799859.estExt_fgenesh1_pm.C_2360002,FAT,FAT,0,0,0,0,0,0,0,0,0,0,0,0,0,0,0,0,0,0,0,0,0,0,0,0,0,0,0,0,0,0,0,0,0,0,0,0,0,0,0,0,0,0,0,0,0,0,0,0,0,0,0,0,0,0,0,0,0,0,0,0,0,0,0,0.1753175
jgi.Gloin1.9491.gm1.9379_g,FAT,FAT,3.33E-07,0,0,0,0,0,0,0,0,0,0,0,0,0,0,0,0,0,0,0,0,0,0,0,0,0,1.67E-07,0,0.00000025,0,1.67E-07,3.33E-07,0.0000045,0,0,0,0.0000015,6.67E-07,0,0,0,0,0,0,0,0,0,0,0,0,0,0,0,0,0,0,0,0,0,0,0,0,0,0
jgi.Rhidi1.740622.estExt_fgenesh1_pg.C_950003,HMGbox,Mating,0,0,0,0,0,0,0,0,0,0,3.14786,1.576923,5.30095,2.997278,1.71998,1.375058,0,0,0,0,0,0,0,0,0,0,0,0,0,0,0,0,0,0,0,0,0,0,0,0,0,0,0,0,0,0,0,0,0,0,0,0,0,0,0,0,0,0.655945,0,0,0,0.57813,0,0
jgi.Gloin1.30829.gm1.30717_g,HMGbox,Mating,0,0,0,0,0,0,0,0,0,5.83225,0,2.086817,0,2.27096,0,0,0,0,0,0,0,0,0,0,0,0,0,0,0,0,0,0,0,0,0,0,0,0,0,0,0,0,0,0,0,0,0,0,0,0,0,0,0,0,0,0,0,0,0,0,0,0,0,0
jgi.RhiirA4.509360.MIX15899_51_44,HMGbox,Mating,0,0,0,0,0,0,0,0,0,0,0,0,0,0,0,0.8510267,0,0,0,0,0,0,0,0,0,3.87485,0,0,0,0,0,0,0,0,0,0,0,0,0,0,0,0,0,0,0,0,0,0,0,0,0,0,0,0,0,0,0,0,0,0,0,0,0,0
jgi.Rhice1_1.545464.CE545252_1792,HMGbox,Mating,0,0,0,0,0,0,0,0,0,0,0,0,0,0,0,1.54456,0,0,0,0,0,0,0,0,0,0,0,0,0,0,0,0,0,0,0,0,0,0,0,0,0,0,0,0,0,0,0,0,0,0,0,0,0,0,0,0,0,0,0,0,0,0,0,0.351968
jgi.Rhidi1.766330.gm1.17404_g,HMGbox,Mating,0,0,0,0,0,0,0,0,0,0,0,0,0,0,0,0,0,0,0,0,0,0,0,0,0,0,0,0,0,0,0,0,0,0,0,0,0,0,0,0,0,0,0,1.054115,0,0,0,0,0,0,0,0,0,0,0,0,0,0,0,0,0,0,0,0
jgi.RhiirB3.523893.estExt_Genemark1.C_3210004,KCH,Mating,1.442275,0,0,0,0.785865,0,0,0,3.09875,7.011935,0,6.8665983,4.963675,5.37682,1.56572,5.2017883,0,0,0,0,0,0,0,0,0,0,1.118525,0,2.1926225,0.869855,8.7911333,2.6543333,0,1.9083833,0,0,0,0,0,0,0,0,0.3521725,0,0,0,0,0.344924,0,0.13382,0,0,0,0,2.065915,0.3302685,0.245892,1.20429,0.714296,0,2.074955,0,0,0
jgi.Rhidi1.739385.estExt_fgenesh1_pg.C_440051,KCH,Mating,0,0,0,0,0,0,0,0,2.200734,2.0921,1.46794,0,9.55743,1.08567,0,0,0,0,0,0,0,0,0,0,0,0,2.938367,8.2163,0,0,0.81692,1.736583,0,0,0,0,0,0,0,0,0,0,0,0,0,0,0,0,0,0,0,0,0,1.008279,0,0,0,0.529215,0,0,1.766775,0,0,0
jgi.Rhiir2_1.1773749.gm1.12503_g,KCH,Mating,0,0,0,0,0,0,0,0,0,3.1968333,1.409804,0,0,0,0,1.36175,0,0,0,0,0,0,0,0,0,4.7148333,4.9392333,0,0,0,0,0,0,0,0,0,0,0,0,0,0,0,0,0,0,0,0,0,0,0,0,0,0.3940405,0,0.4212065,0,0,0.456548,0,0,0,0,0,0
jgi.Rhice1_1.826484.gm1.15268_g,KCH,Mating,0,0,0,0,0,0,0,0,0,0,3.762358,0,0,0,0,0,0,0,0,0,0,0,0,0,0,0,1.1463633,0,0,0,0,0,0,0,0,0,0,0,0,0,0.427305,1.627985,0,0,0,0,0,0,0,0,0,0,0,1.07786,0.2902705,0,0,0,0.702429,0,1.285685,0,0.64594,0
jgi.Rhice1_1.690584.e_gw1.95.58.1,KCH,Mating,0,0,0,0,0,0,0,0.7117383,0,0,2.51099,0,0,0,0,0,0,0,0,0,0,0,0,0,0,0,0,0,0,0,0,2.8619167,0,0,0,0,0,0,0,0,0,0,0,0,0,0,0,0,0,0,0,0,0,0,0,0,0,0,0,0,0,0,0,0
jgi.Rhice1_1.696034.e_gw1.297.14.1,KCH,Mating,0,0,0,0,0,0,0,0,0,0,3.39345,0,0,0,0,0,0,0,0,0,0,0,0,0,0,0,0,0,0,0,0,0,0,0,0,0,0,0,0,0,0,0,0,0.4890125,0,0.425363,0,0,0,0,0,0,0,1.541845,0,0,0,0,0,0,0,0,0,0
jgi.Rhice1_1.819922.gm1.8706_g,RXT2_N,Mating,0,0,0,0,0,0,0,0,1.27194,0,0.868328,0.3368268,0.99439,0.494282,0,0.5092917,0,0,0,0,0,0,0,0.0000525,0,0,0,0,0.8476158,0,0,0,0,0,0,0,0,0,0,1.29467,0,0,0,0.131158,0,0,0,0,0,0,0,0,0,0,0,0.204267,0.566061,0.1695235,0.1766585,0,0,0.171317,0,0
jgi.Rhice1_1.708337.estExt_Genewise1.C_480083,Pik1,pheromone,0,0,0,0,0,0,0,0.2178383,0,0,0.76853,0.2852767,0,1.405724,1.28366,0.665025,0,0,0,0,0,0,0,0,0,0,0,0,0,0,0.783335,0.875935,1.14887,1.181305,1.80753,0.645985,3.192215,2.0434283,0,0,0,0,0.4515875,0.0921085,0,0,0,0,0.93479,0,0,0.17458,0.119171,0.4101795,0.12592,0,0.291417,0.2532885,0.123474,0,0,0,0,0.2340425
jgi.Rhice1_1.880258.estExt_Genemark1.C_5070014,STE3,pheromone,0,0,0,0,0,0,0,0,0,0,0,0,0,0,0,0.9504983,0,0,0,0,0,0,0,0,0,0,0,0,4.8889625,0,0,0,0,0,0,0,0,0,0,0,0,0,0,0,0,0,0,0,0,0,0,0,0,0.913815,0,0,0,0.3984105,0,0,0,0,0,0
jgi.Rhiir2_1.63741.CE63608_846,Ank_2,PT,11640.615,20541.1167,14482.45,34271.46,14654.2883,5885.8,17587.4,14770.4017,25685.4833,16891.53,15035.042,7757.47,8541.555,6144.444,1346.7,12044.4683,17126.0583,18377.6317,49200.2833,23446.9833,18766.1,30568.84,41961.4833,42897.1167,31519.9083,42861.5833,20952.9167,13445.4,15628.36,4878.74,19242.4333,21528.95,25281.6667,17846.5667,14002.9,8891.55,13715.295,12921.2867,14487.1,24712.2167,1077.2765,1992.122,652.898,403.6565,371.2385,286.1715,1311.424,1174.9445,4775.95,1038.3395,587.349,233.4345,584.518,262.1625,230.5485,191.7595,150.1485,125.1813,720.7865,42.0165,315.666,199.857,168.4665,165.53
jgi.RhiirA5.289181.e_gw1.400.3.1,Ank_2,PT,15.909267,0,0,0,0,0,0,0,38.707167,56.344667,164.5282,68.6372,0,121.89162,42.1608,163.077333,0,0,0,0,0,0,0,0,0,93.262167,35.081333,0,0,23.42295,132.0785,35.737167,76.876333,160.1835,0,0,0,50.494333,0,52.708333,0,0,0,0,0,0,0,0,0,0,0,0,0,0,0,0,0,0,2.827015,0,8.4132,0,0,0
jgi.Rhice1_1.666261.gw1.522.6.1,Ank_2,PT,0,0,0,0,0,0,0,0,169.954833,137.564833,20.1528,17.986167,335.437,11.89796,99.1731,207.157,0,0,0,0,0,0,0,52.825,0,0,41.260333,0,0,0,60.784,171.281667,0,0,0,0,0,0,0,138.268167,0,0,0,0,0,0,0,0,0,0,0,0,0,0,2.96206,13.1439,9.854405,0,0,0,0,0,0,0
jgi.Rhiir2_1.1437652.gw1.374.18.1,Ank_2,PT,33.549333,0,0,0,68.2555,0,0,0,0,124.8925,19.203,26.652,137.0075,73.20728,66.6812,90.096833,0,0,0,0,122.273,0,0,0,0,0,31.757333,0,0,68.6268,134.105833,60.6685,27.842667,37.658833,0,0,0,0,0,0,0,0,4.862445,0,0,0,0,0,0,0,0,0,0,0,0,0,0,0,0,5.02645,0,0,0,1.18716
jgi.Gloin1.182527.CE82403_5721,Ank_2,PT,7.696975,0.73834,2.2898067,2.52548,6.16903,3.418325,27.041285,20.3931517,38.0719167,96.9902833,73.49188,97.0183833,45.40045,25.887,24.6819,47.6790667,1.7110333,0,0,0,0,0,3.7978333,6.160185,0.2763267,12.2962433,28.821395,20.84195,27.4132,7.604605,51.5763333,49.72695,14.6769267,5.4184383,0,4.0061517,12.308065,3.95356,9.35945,8.5338383,0,0,1.221154,0,0.353401,0.225095,1.33717,0.530165,1.343595,0,0.521435,0,0.3428375,0.4538465,1.0335155,0,0.661982,0.171059,4.86631,0.1040815,0.362621,0,0.2015665,0.5817895
jgi.Gloin1.196598.CE96474_1456,Ank_2,PT,1.43799,0,0,0,0,0,0,15.154083,0,18.257183,83.92218,44.841333,105.9165,34.47128,67.3071,61.065117,0,0,0,0,0,0,19.169,8.96285,0,74.733983,18.291233,91.666,44.927,17.66245,45.143033,31.6713,10.539033,8.169333,0,0,0,0,0,0,0,0,2.316175,0,0,0,0,0,0,0,0,0,0,0,0,0,1.45019,0,0,0,7.69365,0,0,0
jgi.RhiirC2.122768.CE122672_2766,Ank_2,PT,3.0216,0,0,0,0,13.08005,11.387067,0,36.249683,24.660017,22.15386,38.0841,9.4656,18.41608,30.9378,61.601,0,0,0,0,0,0,0,0,0,0,6.587967,0,8.068375,31.116225,44.044867,19.383783,0,55.498417,0,4.0947,21.9818,23.397333,33.3575,11.454033,3.67174,0,3.00003,0,3.625415,0,0,0,0,0,0,3.16987,0,1.606435,5.0657,4.243265,3.00443,2.46045,3.145085,0,1.330005,1.237485,0,0
jgi.Gloin1.77911.e_gw1.17146.2.1,Ank_2,PT,8.6677517,1.155595,0,3.0522667,1.3385183,0,9.4542917,4.9646617,12.92645,21.5266,14.214636,16.6732133,41.1084,17.76808,16.6624,19.9172683,0,0,0,0,0,0,0,0,3.1315667,4.7673833,9.49633,7.9919,10.43145,5.7052,30.9637767,12.7089333,20.0682667,15.3457167,7.8507,18.7513867,15.27465,7.8232133,10.09246,19.1678667,0,0,0,0,0.2926975,0,0,0,0,0,0,0,0.5342905,0.3436065,0.2776935,0,0.644885,0,0.796705,0,2.508035,0,0,0
jgi.Rhiir2_1.1464759.e_gw1.294.40.1,Ank_2,PT,1.855817,0,0,0,0,0,0,0,8.938067,20.86195,28.59106,9.417017,115.672,27.77522,0,52.925617,4.36865,0,0,0,0,0,0,0,0,0,33.19175,0,0,23.82925,9.957567,25.83095,5.754867,0,24.58505,0,49.9684,0,0,0,0,0,0,0,0,0,3.20085,0,0,0,0,0,1.23373,0,0,0,0,1.264325,0,1.88226,0,0,0,0
jgi.RhiirC2.530939.CE530843_18449,Ank_2,PT,2.22193,1.1294933,0,0,3.5527667,0,2.5216233,0.4586033,7.4226383,11.734275,23.732652,13.553735,16.328825,13.398362,8.1148,28.6334567,0,0,0,0,0,0,0,0,0,4.6608167,12.5519183,7.81135,13.565,3.4254,18.0055683,9.0853983,6.88235,5.3918667,3.836685,10.9594767,11.36379,1.0674817,3.57946,4.41135,0.400279,0,1.329049,0,0.859725,0.7417205,0,0,0,0,0,0,0.77885,0.336269,0.990665,0.916437,2.39349,0.439867,2.33898,0,2.238775,0.518695,0.872086,0.6744795
jgi.Rhidi1.323554.CE323444_855,Ank_2,PT,0,0,0,0,0,0,0,0,0,0,0,0,0,0,0,49.84583,0,0,0,0,0,0,0,0,0,0,0,0,0,0,136.96983,0,0,0,0,0,0,0,0,0,0,0,0,0,0,0,0,0,0,0,0,0,0,0,0,0,5.0589,0,0,0,0,0,0,0
jgi.Gloin1.65443.e_gw1.1892.1.1,Ank_2,PT,0.9481795,0,0,11.5307667,0,1.89568,4.5676148,3.1707603,4.8779127,16.0471017,9.605454,10.6827537,11.875565,8.221136,15.0041,15.513092,0,0,0,0,0,0,0,0,10.9021667,0,0,7.5479025,7.7611752,5.469065,14.0714288,2.7518667,1.7356,5.8337167,0,0.007893,0,2.44495,10.4573,11.3696167,2.39098,0,0,0,0,0,0,0,0,0,0,0,0,0,0,0,0,0,4.307825,0,0,0,0,0.0003555
jgi.RhiirA4.326771.e_gw1.1226.1.1,Ank_2,PT,1.908311,0,0,0,2.280922,0,1.67E-05,0,7.065167,3.681563,23.18463,12.40738,4.023215,6.880128,8.11524,12.62463,1.268218,0,0,0,0,0,0,0,0,6.514667,1.511375,13.63758,3.86245,0,7.958288,0,4.539442,3.186003,0,3.219217,0,0,0,6.200608,0,0,0.51831,0,0.2847715,0,0.3851395,0,0,0,0.552795,0,0,0.0001225,0.652493,0,0,0.594005,3.211195,0,0.78171,0,0,0.2963625
jgi.Rhiir2_1.646564.CE646431_2544,Ank_2,PT,3.24315,0,0,0,2.115383,0,2.456055,1.030473,12.536817,13.820733,10.766258,6.654833,3.25123,6.000322,6.07227,8.184313,0,0,0,0,0,0,0,0,0,8.899167,2.262817,8.26985,2.7713,3.373525,0,15.7333,0,2.572033,0,0,0,0,0,0,0,0,1.28202,2.67236,1.591342,0,0,0,0,0,0,0,0,2.867465,2.691945,0,5.50946,1.06986,2.09207,0,1.641895,0,0.57094,0.688463
jgi.Gloin1.68236.e_gw1.4508.3.1,Ank_2,PT,3.6234183,0,0,5.5481333,1.7014333,0,1.630855,0,0.824385,1.5306083,3.11046,8.0671367,7.83565,3.911354,0,6.714495,0,0,0,0,0,0,3.8617,0,0,5.86485,2.6735517,0,4.165105,2.377405,6.9094667,1.4366917,1.0615783,3.081605,0,2.2957883,0,0,3.19811,8.7239333,0,0,0,0,0.334244,0,0,0,0,0,0,0,0,0.3228075,0,0,0,0,1.369205,0,0,0.60452,0,0.194174
jgi.Gloin1.174545.CE74421_273,Ank_2,PT,5.304583,0,0,0,0,0,0,0,7.5477,0,32.7494,0,0,7.4469,0,14.713883,0,0,0,0,0,0,0,0,0,0,0,0,0,0,0,0,0,0,0,0,0,11.395867,0,0,0,0,0,0,0,0,0,0,0,0,0,0,0,0,0,0,2.161045,0,0,0,0,0,0,0
jgi.Gloin1.80267.e_gw1.21285.1.1,Ank_2,PT,0,0,0,10.84235,8.001467,3.565015,0,0,7.13805,0,3.05216,2.316283,0,7.1385,0,2.858117,0,0,0,0,0,0,0,11.808017,0,0,3.88395,0,0,0,5.062947,0,0,4.414683,0,0,0,0,0,0,0,0,1.17084,0,0.871335,0.52151,2.085055,0,0,0,0,0,0,0.871215,0,0,0,0.81561,1.24268,0,0.87722,0,0,0.73643
jgi.Gloin1.76681.e_gw1.15331.2.1,Ank_2,PT,0,4.4005,0,0,1.686883,0,0,10.214517,2.717167,0,0,6.07905,0,0,8.37974,0,0,0,0,0,0,0,0,0,0,0,23.0469,0,0,0,6.971733,5.547767,0,0,0,0,0,0,0,0,0,0,0,0,0,0,0,0,0,0,0,0,0,0,1.79601,0,0,2.72124,1.93367,0,1.859415,0,0,0
jgi.Rhice1_1.815372.gm1.4156_g,Ank_2,PT,0,0,0,0.85902,2.8612,0,0,0,0,6.52755,1.743554,1.033852,3.052175,4.927898,3.09388,8.444783,0,0,0,0,0,0,0,0,0,0,2.37165,5.5984,3.012525,1.58349,3.734567,0,1.785183,2.414567,8.0269,14.842867,7.7502,0,0,0,0,0,0,0,0,0,0,0,0,0,0,0,0,0,0,0,0,0.969205,0.50459,0,0,0,0,0.67212
jgi.Rhiir2_1.1832627.estExt_fgenesh1_pm.C_900002,Ank_2,PT,1.7271372,0,0,0,0.8862267,0,0,0.43171,2.9728067,2.252185,6.950666,6.0175517,3.32218,4.715234,5.40587,8.09704,0,0,0,0,0,0,0,0,0,2.1629167,2.147715,0,1.5628625,1.059985,8.1116767,2.8804133,0,0.5387683,0,0.29461,3.16314,0.4670433,0,3.39627,0,0,0,0,0.1325595,0.077451,0,0.146254,0,0.447369,0,0,0.365117,0.000156,0.249611,0,0,0.651886,0.8349475,0.2861415,0.5923515,0.1177835,0,0.156401
jgi.Gloin1.9381.gm1.9269_g,Ank_2,PT,1.236885,0,0,0,0,2.068015,0,0,2.5779,5.33411,7.548556,5.57589,2.631855,3.723018,7.07932,6.3703333,0,1.333545,0,0,0,0,0,2.14695,0,1.4252883,4.332,0,1.0651,2.162095,3.85,1.853,0,0.9715167,0,0.6740967,2.735435,1.7720833,0,0,0,0,1.2225785,0,0.411828,0,0.953495,0,0,0.691495,0.27821,0.266864,0,0,0.1945485,0,1.12387,0,0.9368615,0.333455,0,0.184308,0.861445,0.117393
jgi.RhiirB3.425822.gm1.1793_g,Ank_2,PT,1.2133183,0.4550283,0,1.3832783,1.3179982,0.15014,1.294874,1.9983087,1.6029933,2.8932717,2.930866,4.3413297,4.62864,3.860532,1.88444,4.3185667,0,0,0,0,0,0,1.0397783,0,0,1.5837733,1.2992017,2.02333,2.8544475,1.568445,4.5820483,1.6187317,1.2002383,2.0913583,1.73696,0.6944883,0.56476,0.1460947,1.35912,2.2943017,0,0.056363,0.396943,0.032194,0.577025,0.108188,1.496732,0,0.2928815,0.038372,0.164002,0.0428965,0.037784,0.129014,1.2140425,0.0475835,0.440803,0.2462525,2.1487085,0.145414,1.152807,0.287679,0.13892,0.140539
jgi.Gloin1.31520.gm1.31408_g,Ank_2,PT,0,0,0,0,0,0,0,2.106983,0,5.997317,0,2.807683,7.05455,10.1671,0,7.7851,0,0,0,0,0,0,0,0,0,0,0,0,0,0,4.507217,0,0,0,0,0,0,5.812533,0,7.650283,0,0,0,0,0,0,0,0,0,0,0,1.303215,0,0,0,0,0,0,1.502305,0,0,1.00123,0,0
jgi.RhiirA4.346075.estExt_Genewise1.C_8720003,Ank_2,PT,0.5042317,0,0,0,0.3353467,0,0,1.2215583,0.6526467,5.2789833,3.333038,0.8991183,6.738845,2.26111,0.378597,4.05045,0,0,0,0,0,0,0,0,0,3.1230583,1.03469,0,2.73625,2.192853,5.1790617,1.2325783,2.3164867,2.4138917,5.562495,0.4606717,0,1.1671783,0,2.8684867,0,1.4896,0.1280805,0,0.394966,0.1624555,0,0,0.976365,0,0,0.6231775,0.191962,0.1328355,0.131434,0,0.4125535,0,0.805946,0.1508195,0,0.247147,0.136049,0.2436775
jgi.Gloin1.20102.gm1.19990_g,Ank_2,PT,0.3333883,0.768245,0,4.0583,0.4003333,0,0,0,0.4743667,3.1131017,2.73486,1.812465,8.55904,4.138086,0.975295,6.3286517,0,0,0,0,0,0,0,0,0,1.3795033,3.2665133,0,0,3.01126,4.623295,0,1.3713467,4.355625,0,0.45179,0,0,2.434635,1.2637833,0,0,0,0.137399,0.79856,0,0,0,0,0,0.1923125,0,0,0,0.188564,0,0.218508,0.3554575,0,0,0,0,0.1969055,0
jgi.Rhice1_1.805504.estExt_fgenesh1_pg.C_1580004,Ank_2,PT,0,0,0,0,0,0,0,0,0,12.381383,0,0,0,0,16.4696,0,0,0,0,0,0,0,0,0,0,0,0,0,0,0,0,0,0,6.39675,0,9.2371,0,0,0,9.184833,0,0,0,0,0,0,0,0,0,0,0,0,0,0,0,0,1.205355,0,0,0,0,1.00123,0,0
jgi.RhiirA1_1.451585.gm1.3950_g,Ank_2,PT,0.1114078,0,0,0,0.5537067,0,0.4392717,0,1.93854,1.28996,1.676128,4.748485,1.18133,0.70365,1.10318,2.6658717,0,0,0,0,0,0,2.1278833,0,0,0,0.9179383,0,0,0.612885,2.6346067,0,2.08495,2.9334667,9.32035,3.9344183,0,1.5108383,0,4.589045,0,0,0.253328,0,0,0,0.51346,0.2482185,1.56742,0,0.2162415,0,0.2091255,0,0.4242165,0,0.737765,0.655866,0.303618,0,0,0,0,0.137961
jgi.Rhidi1.652642.estExt_Genewise1Plus.C_1400028,Ank_2,PT,0.000001,0,0,2.33E-06,0.676035,0,1.311598,0,0,1.315575,1.929194,5.951367,5.2909,0,11.9684,1.975033,0,0,0,0,0,0,1.22E-05,0,0,2.33E-06,0.0000005,0,1.503305,0,2.010067,0,0,2.864169,0,6.927834,20.861,0,0,0.0000015,0,0,0,0,0,0,0,0,0,0,0,0,0,0,0,0,0,0.58521,0,0,0.621895,0.0000005,0,0
jgi.Rhice1_1.128100.CE127888_9456,Ank_2,PT,9.658833,0,0,0,0,0,0,0,19.927,0,0,0,0,0,7.27407,5.81535,0,0,0,0,0,0,0,0,0,0,0,0,0,0,0,0,0,0,0,0,0,0,0,0,0,0,0,0,0,0,0,0,0,0,0,0,0,0,0,0,0,0,0,0,0,0,0,0
jgi.RhiirA1_1.457119.gm1.9484_g,Ank_2,PT,0.33064,0,0,0,0,0.0004035,0,0,3.7599833,1.74216,0.9040704,4.250385,4.04195,4.606714,0,4.21608,0,0,0,0,0,0,0,0,0,0,0.7980583,6.4188,0,0,2.8856183,0,0,0,0.000844,0,5.2882,0,0,0,0,1.06173,0,0,0,0,0,0,0,0,0,0,0,0,0,0,0.88113,0,0,0,0,0,0.1911155,0
jgi.RhiirC2.430646.CE430550_1183,Ank_2,PT,0,0,0,0,0,0,0,0,0,0,0,2.7805,6.76705,2.03888,0,0,0,0,0,0,0,0,0,0,0,0,0,5.1955,2.795875,0,0,3.173667,0,3.224,0,0,0,3.88495,0,7.3757,0,0,0,0,0,0,0,0,0,0,0,0,0,0,0.888715,0,0,0,0,0,0,0,0,0
jgi.Rhiir2_1.1427491.gw1.592.9.1,Ank_2,PT,0,0,0,0,0,0,0,0,4.8551833,0,7.0107,5.4934833,0,0,0,0,0,0,0,0,0,0,0,0,0,0,0,0,0,0,0,8.4337833,0,0,0,0,0,0,0,0,0,0,0,0,0.99168,0.59595,0,0,0,0.4315845,0,0,0,0,0,0,0,0,2.1855,0,0,0,0,0.655875
jgi.Rhice1_1.82225.CE82013_48599,Ank_2,PT,0,0,0,0,0.2846467,0,1.1694517,0.4707233,0.94985,1.1852233,2.6052,2.4118817,0,2.0497524,2.77383,1.5032533,0,0,0,0,0,0,0,0,0,2.2920333,0,7.33715,0.7329825,0.3426395,1.1743833,0,2.0780633,0.6029833,0,0,1.72449,0,0,0,0,0,0.619173,0,0.506349,0,0,0,0,0,0,0,0,0.137459,0.135739,0,0.62842,0,0,0,0,0,0,0
jgi.Rhice1_1.817370.gm1.6154_g,Ank_2,PT,0,0,0,0,0,0,0,0.6466817,5.9694367,0,0,1.8589133,0,0.734334,0.476338,0.45515,0,0,0,0,0,0,0,0,0,3.51955,0,0,1.73916,0.52927,4.0405183,1.30016,0,0,0,1.3357883,0,0,0,0,0,0,0,0,0.195243,0,0,0,0,0,0,0,0,0.4551595,1.4358245,0,0,0.545391,0,0,0,0,0.4094805,0
jgi.RhiirA1_1.541382.estExt_Genemark1.C_16360002,Ank_2,PT,0.002483667,0,0,0,0.001651833,0,0,0.000986,0.000515333,4.768301667,1.034456,0.390285,0,0.267877,0.74827,1.484082167,0,0,0,0,0,0,0,0,0,1.688998333,0.003651,0,0.0057485,0.0040415,2.071096333,0.003335833,0.009934667,1.883779667,0.0158375,7.056016667,3.613185,0.004412333,0,0.008914333,0,0,0.31161,0,0.001447,0.0008035,0,0,0,0,0,0.0009605,0.0004205,0.000377,0.000124,0,0.0008435,0,0.001983,0,0.518955,0.0012245,0.0009735,0.000904
jgi.Rhice1_1.699639.e_gw1.568.7.1,Ank_2,PT,0,0,0,0,0,0,0,0,0.7772233,0,2.61256,1.2898717,6.63609,0.573814,3.6365,2.599895,0,0,0,0,0,0,0,0,0,0,0,0,1.458585,0.88777,0.9751367,1.58689,1.0008467,0,0,2.5816133,0,1.59869,0,2.2279,0,0,0,0,0,0,0,0,0,0,0,0,0,0,0,0,0,0,0,0,0,0,0.669495,0.3929425
jgi.Rhidi1.46019.CE45909_2695,Ank_2,PT,0,0,0,0,1.1491667,0,0.9404383,0,1.113595,0,4.857548,0,5.979925,1.623172,3.43432,2.0090567,0,0,0,0,0,0,0,0,0,0,0,0,0,0,2.4802167,1.9407167,0,0,0,0,0,0,0,0,0,0,0,0,1.314735,0,0,0,0,0,0,0,0.409305,0,0,0,1.05174,0,0.690825,0.480855,0,0,0,0
jgi.Gloin1.308919.CE208795_348,Ank_2,PT,1.2349733,0,0,0,0,0,1.1124383,0,0.5623283,0,2.294934,0.6931533,2.4761,0.832228,1.73422,1.8320133,0,0,0,0,0,0,0,0,0,0,0,0,0,1.28462,0,1.3871633,1.83895,0.9794167,0,0.535565,3.143705,0,2.181495,0,0,0,0,0,0.2344205,0,0,0.647265,0,0,0,0,0,0,0,0,0,0,1.4882935,0,2.545845,0.4202845,0,0
jgi.RhiirA4.356427.estExt_Genewise1Plus.C_3180024,Ank_2,PT,0.005527833,0,0,0,0,0.00001,0,0,0.099353333,0.389388333,2.838048,0.461764667,0.042222,1.632196,4.8833,1.312919667,0,0,0,0,0,0,0,0,0,0,0.020185667,0.122994,2.0646525,0.542595,4.990816667,0,0,0,0,0,0.060101,0,2.43804,0,0,0.0106345,0,0,0,0,0,0,0,0,0,0,0,0,0,0,0.2188015,0.177968,0.540145,0,0,0,0.0073465,0
jgi.Rhice1_1.214149.CE213937_12561,Ank_2,PT,0,0,0.7785933,0,0,0,0,0,2.7096333,0,1.210116,0,0,0.760056,1.48366,0.8808433,0,0,0,0,0,0,1.71855,0,0,0,1.7831667,0,0,0,0,0.9822533,0,0.9604167,2.64655,0,0,0,0,0,0,0,0.744505,0,0,0,0,0,0,0,0,0,0,0.23595,0,0,0,0.180151,0,0,0,0,0.4245195,0.1241865
jgi.Rhidi1.8061.CE7951_15087,Ank_2,PT,0,0,0,0,0,0,0.806988333,0,0.844346667,0.9192035,0.00198,0.425773167,0,0.958294,3.96494,0.001985,0,0.041605333,0,0,0,0,0,0,0,0,1.943516667,0,0,0.711445,1.02285,0.001798833,1.402691667,0.006848667,2.669235,0.0037335,0.0044905,0.005998,0,0,0,0,0,0,0.203963,0,0.0018675,0,0,0.002634,0.001029,0.0010335,0,0,0,0,0.003461,0,0.001991,0.0012085,0.577695,0.0010045,0.0028515,0.1259925
jgi.Rhice1_1.716370.estExt_Genewise1.C_5720012,Ank_2,PT,0,0,0,0.6563283,0,0.37497,0,1.3814283,0,0.760315,1.146178,0.63124,1.68932,0,0.274062,0.523745,0,0,0,0,0,0.706036,0,0,0,0,0.8646033,0,0.500315,0,0.594015,1.39384,0,0.4643383,0,0,0,0,0,0,0,0,0,0,0.114789,0.076711,0,0,0,0,0,0,0,0,0.3239495,0,0,0,0.1540465,0,0.1074715,0,0,0
jgi.Rhice1_1.837157.gm1.25941_g,Ank_2,PT,0,0,0,0.7843933,0,0,0,0,0.9558533,0.373285,0.597376,0.2376117,1.85138,0.35293,0.982614,0.67875,0,0,0,0,0,0,0,0,0,0,0,0,1.3848275,0,0,1.1105383,1.4522467,0,0,0.7393483,0,0,0,0.000007,0,0,0.125334,0,0,0,0,0,0,0,0,0,0,0.316626,0.1284435,0,0,0.120856,0,0,0,0,0,0
jgi.Gloin1.65202.e_gw1.1640.6.1,Ank_2,PT,0,0,0,0,0,0,0,0,0,0,0,0,0,0,0,0,0,0,0,0,0,0,0,0,0,0,0,0,11.64178,0,0,0,0,0,0,0,0,0,0,0,0,0,0,0,0,0,0,0,0,0,0,0,0,0,0,0,0,0,0,0,0,0,0,0
jgi.Rhice1_1.832987.gm1.21771_g,Ank_2,PT,0,0,0,0,0.4888367,0,0,0,0,0,3.871914,0.951725,0,0,0.486967,0,0,0,0,0,0,0,0,0,0,0,0,0,0,0,0.6663383,0,1.22,0,0,0,0,0,0,0,0,0,0,0.274436,0,0,0,0,0,0,0.1920565,0,0,0.232467,0.376625,0,0,0.17749,0,0,0,0,0,0.1143565
jgi.Rhice1_1.324914.CE324702_7296,Ank_2,PT,0,0,0,0,0,0,0,0,0,0,7.13898,0,0,0,0,0.8013867,0,0,0,0,0,0,0,0,0,0,0,0,0,0,0,0,0,0,0,0,0,0,0,0,0,0,0,0,0,0,0,0,0,0,0,0,0,0,0,0,0,0,0,0,0,0,0,0
jgi.Rhice1_1.694703.e_gw1.225.21.1,Ank_2,PT,0,0,0,0,0,0,0,0,0,0,1.372178,0,0,0,0,1.4263967,0,0,0,0,0,0,0,0,0,0,0,0,0,0,2.1130333,0,0.81447,0,0,0,0,0,0,0,0,0,0,0,0,0.1745985,0,0,0,0,0,0,0,0.3065155,0.24791,0,0,0.234059,0.4877495,0,0,0,0.275621,0
jgi.Rhice1_1.80743.CE80531_23444,Ank_2,PT,0,0,0,0,0,0,0,0,0,0.6534833,0,0,0,0,0,0.2892617,0,0,0,0,0,0,0,0,0,0,0,1.421355,0,0,0.45306,0,0,0.6130233,0,2.3645133,0,0,0,0,0,0,0,0,0,0,0,0,0,0,0,0,0,0,0,0,0,0,0,0,0,0,0,0.091702
jgi.Rhice1_1.840982.gm1.29766_g,Ank_2,PT,0,0,0,0,0,0,0,0,0,1.1887567,1.212088,0.5779917,0,0,0,0,0,0,0,0,0,0,0,0,0,0,0,0,0,0,0.7935467,0,0,0,0,0,0,0,0,0,0,0,0,0,0,0,0,0,0,0,0,0,0,0,0,0,0.2876655,0,0,0,0,0,0,0
jgi.Rhidi1.794490.MIX15786_365_83,Ank_2,PT,0,0,0,0,0,0,0,0,0,0,1.121992,0.4156483,0.4263295,0,0.199062,0.159143,0,0,0,0,0,0,0,0,0,0,0,0,0,0,0,0,0,0.3372667,0,0,0,0,0.75121,0,0,0,0.077166,0,0,0,0,0,0,0,0,0,0,0.079878,0,0,0,0,0.363857,0,0,0,0,0.051035
jgi.RhiirA1_1.450240.gm1.2605_g,Ank_2,PT,0,0,0,0,0,0,0,0,0,0,0,0,0,0,0,0,0,0,0,0,0,0,0,0,0,0,0,0,0,0,0,0,0,0,0,0,0,0,0,0,0,3.30955,0,0,0,0,0,0,0,0,0,0,0,0,0,0,0.245892,0,0,0.50802,0,0,0,0
jgi.Rhice1_1.874781.estExt_Genemark1.C_1190004,Ank_2,PT,0,0,0,0,0,0,0,0,0,0,0,0,0,0,0,0,0,0,0,0,0,0,0,0,0,0,0,0,0,0,0,0,0,0,0,0,0,0.60832,0,0,0,0,0,0,0,0,0,0,0,0,0,0,0,0,0,0,0,0,0,0,0,0,0,0
jgi.Gigro1.1941547.gw1.473.33.1,Ank_2,PT,0,0,0,0,0,0,0,0,0,0,0,0.500515,0,0,0,0,0,0,0,0,0,0,0,0,0,0,0,0,0,0,0,0,0,0,0,0,0,0,0,0,0,0,0,0,0,0,0,0,0,0,0,0,0,0,0,0,0,0.2408835,0,0,0,0,0,0
jgi.Gigro1.1254418.CE1254417_3273,Ank_2,PT,0,0,0,0,0,0,0,0,0,0,0,0,0,0,0,0,0,0,0,0,0,0,0,0,0,0,0.526225,0,0,0,0,0,0,0,0,0,0,0,0,0,0,0,0,0,0,0,0,0,0,0,0,0,0,0,0,0,0,0,0,0,0,0,0,0
jgi.Rhice1_1.277357.CE277145_8075,Ank_2,PT,0,0,0,0,0,0,0,0,0,0,0,0,0,0,0,0,0,0,0,0,0,0,0,0,0,0,0,0,0,0,0,0,0,0,0,0,0,0,0,0,0,0,0,0,0,0,0,0,0,0,0,0,0,0,0.915345,0,0,0,0,0,0,0,0,0.57579
jgi.Rhice1_1.834145.gm1.22929_g,Ank_2,PT,0,0,0,0,0,0,0,0,0,0,0,0,0,0,0,0,0,0,0,0,0,0,0,0,0,0,0,0,0,0,0,0,0,0,0,0,0,0,0,0,0,0,0,0,0,0,0,0,0,0,0,0,0,0,0,0,0,0.606655,0,0,0,0,0,0
jgi.Rhice1_1.726926.estExt_Genewise1Plus.C_3220026,Ank_2,PT,0,0,0,0,0,0,0,0,0,0,0,0,0,0,0,0,0,0,0,0,0,0,0,0,0,0,0,0,0,0,0,0,0,0,0,0,0,0,0,0,0,0,0,0,0,0,0,0,0,0,0,0,0,0,0,0,0,0,0,0,0,0,0,0.462813
jgi.Gigro1.2149052.estExt_fgenesh1_pg.C_20790002,Ank_2,PT,0,0,0,0,0,0,0,0,0,0,0,0,0,0,0,0,0,0,0,0,0,0,0,0,0,0,0,0,0,0,0,0,0,0,0,0,0,0,0,0,0,0,0,0,0,0,0,0,0,0,0,0,0,0.1608115,0.130464,0,0,0,0,0,0,0,0,0
jgi.Gigro1.2254969.estExt_Genemark1.C_22890006,Ank_2,PT,0,0,0,0,0,0,0,0,0,0,0,0,0,0,0,0,0,0,0,0,0,0,0,0,0,0,0,0,0,0,0,0,0,0,0,0,0,0,0,0,0,0,0,0,0,0,0,0,0,0,0,0.159655,0,0,0,0,0,0,0,0,0,0,0,0
jgi.Rhiir2_1.1743780.estExt_Genewise1Plus.C_10194,Ank_2,PT,0,1.67E-07,0,5.17E-06,1.67E-07,0,0,0,0,1.67E-07,0.0000002,0,0,0,0,0,0,0,0,0,0,0,0,0,0,1.67E-07,3.33E-07,0,0,0,0,0,6.67E-07,3.33E-07,0,0,0,0,0.0000005,1.67E-07,0,0,0,0,0,0,0,0,0,0,0,0,0,0,0,0,0,0,0,0,0,0,0,0
jgi.Rhidi1.632308.e_gw1.710.8.1,SPX,PT,13.055807,0,1.00091,2.537183,5.454717,4.63798,9.393537,5.875847,9.024603,29.905247,16.21632,20.873318,1.815005,0,0,7.820748,0,0,0,0,0,0,10.564717,1.805617,0,23.11685,25.789705,3.32915,24.1387,0,20.431412,19.0347,3.757512,1.435843,0,0,0,0,0,0,0,0,1.541095,0,2.620054,0,0,0,0,0,0,0,0,1.614035,4.448415,1.06665,1.90277,0.986419,8.205165,0,6.38975,0,0,0.596057
jgi.Gloin1.67530.e_gw1.3883.5.1,SPX,PT,12.7441717,0,0,4.5242283,0,1.29637,0.377285,5.1900833,4.868805,4.4032533,9.296164,6.85556,12.81912,14.384748,9.0013,11.2518567,0,0,0,0,0,0,3.8050517,0,0,5.09189,7.624065,3.72214,7.6542,5.734445,9.1518583,6.76087,9.8312117,8.3229133,10.4072,3.9738333,9.42505,0.7053783,0,3.3009333,0,0,0.219124,0.267377,0.357046,0,0.444005,0,0,0,0.263406,0,0,1.34175,0.3668265,0,0,0.1728485,5.539795,0.105166,2.45724,0,0.191483,0.9297395
jgi.RhiirA1_1.541994.estExt_Genemark1.C_19900001,SPX,PT,0,0,0,0.2057283,0.637965,1.104246,6.6622483,1.91416,5.2284667,16.0160617,15.82149,13.8998833,12.56512,12.83957,14.5773,19.6967,0,0,0,0,0,0,0,0,0,3.7225667,1.8266167,1.859305,6.9375925,10.561185,7.638805,4.06874,3.9965567,7.1179667,2.21214,0,5.55766,0,2.23487,1.9770567,0.197445,0,0.349516,0,0.2973255,0,0.3282795,0,0,0.478898,0,0,0,0.485333,0.421632,0,0.3094305,0.251604,2.242225,0,0.560645,0.253378,0,0.9302565
jgi.Rhice1_1.850804.MIX7750_82_66,SPX,PT,5.8133267,0,0,0,0.67286,2.24278,10.42551,8.77625,1.594585,14.1828233,11.770928,6.2075667,0,0.588632,3.27846,6.0312117,0,0,0,0,0,0,3.3208667,4.5189,0,8.4964167,6.5696383,15.3694,4.48875,0,16.491915,15.9005483,0,0,0,0,0,0,0,2.2854333,0,0,0,0,0.648355,0,0,0,0,0,0.31354,0,0,0,0.8576365,0,1.02707,0.291315,1.21397,0,2.47655,0,0,0
jgi.Rhice1_1.875447.estExt_Genemark1.C_1430059,SPX,PT,1.1180617,0,1.2873233,5.8181,0,0,0.6717417,4.2803833,10.3553183,16.1995333,8.923084,4.3791267,6.022625,1.260578,0,5.1651567,0,0,0,0,0,0,0,0,0,0,2.7215667,12.1212,4.478225,0,0.885795,13.2352167,0,0,0,0,0,1.11986,0,0,0,0,0.9631855,0,1.29393,0,0,0,0,0,0,0,0,0,0.3073545,0,0,0,0.60565,0,2.779955,0,0,0.18773
jgi.Rhice1_1.812888.gm1.1672_g,SPX,PT,0,0,0,0,0.4699,0,4.38765,0,2.2271833,2.0802833,7.84756,7.58988,14.5679,6.986474,0,8.4241,0,0,0,0,0,0,0,0,0,0,1.6710017,2.24854,2.420045,4.170515,7.3801,4.98761,4.1947633,2.3907233,6.286975,0.7617433,0,0,0,1.5960533,0.647835,0,0.262386,0,0,0,0,0,0,0,0,0.3018095,0.216552,0.4942725,0.65913,0.249273,0,1.094103,0,0,0,0.4188075,0.947776,0.696124
jgi.Rhidi1.621919.e_gw1.114.47.1,SPX,PT,0,0,0,0,0,0,1.8114667,0,0,2.0707333,5.4473,0,5.94097,7.7203,0,3.0384833,0,0,0,0,0,0,0,0,0,7.3497333,1.6249583,4.467785,0,3.791095,5.3133,2.2588667,3.1983167,0,0,0,0,0,0,0,0,0,0,0,0,0,0,0,0,0,0,0,0.389463,0,0,0,0.4848365,0.39487,0,0,0,0,0.439083,0
jgi.Rhice1_1.697754.e_gw1.408.8.1,SPX,PT,2.765,0,0,0,0,0.754905,0,0,0.9229533,0.8568083,3.73962,2.9110433,1.01601,1.819686,0.474396,2.829545,0,0,0,0,0,0,0,0,2.0253,3.5053667,0,0,0,0,1.1730117,0,0.5942533,2.6462933,4.09447,0,2.35946,2.2486433,0,0,0,0,0,0,0.1944875,0,0,0,0,0,0,0,0,0.2266865,0.8402565,0,0,0.7163225,1.050565,0,0,0,0.2039375,0.350085
jgi.Rhice1_1.814896.gm1.3680_g,SPX,PT,0,0,0,0,0,0,0.5266267,0,1.9282317,1.2040067,2.274994,2.4241533,0,0.943732,3.56007,4.45975,0,0,0,0,0,0,0,0,0,0,0,0,1.8521,0,2.3305,0,0.8283517,0,11.1738,0.9113667,0,0,0,0,0,0,0.8462885,0,0,0,0,0,0,0.89539,0,0,0,0,0.75569,0,0.419016,0.9514,0,0,0,0,0,0
jgi.Rhice1_1.850558.MIX7504_40_53,SPX,PT,0.8775967,0,0,0,0,0,0,0,0,0,0,1.1411083,0,0.91005,0,2.2528017,0,0,0,0,0,0,0,2.7349833,0,0,0,0,0,0,0,0,0,0,0,0,0,0,0,0,0,0,0,0,0.484765,0,0,0,0,0,0.94262,0,0,0,0,0,0,0,2.6799,0,0.470113,0,0,0
jgi.Rhidi1.819748.estExt_Genemark1.C_5190004,SPX,PT,0,0,0,0,0,0,4.2036333,0,0,0,0,1.654715,0,0,0,0.7708583,0,0,0,0,0,0,0,0,0,0,0,0,0,0,0,0,0,1.3821217,0,0,0,0,0,0,0,0,0,0,0,0,0,0,0,0,0,0,0,0,0,0,0,0,0,0,0,0,0,0
jgi.RhiirA4.505709.MIX12248_34_31,SPX,PT,0,0,0,0,0,0,0,0,0,0,2.73418,0,0,0,1.29557,1.1534583,0,0,0,0,0,0,0,0,0,0,0,0,0,0,0,0,0,0,0,0,0,0,0,0,0,0,0,0,0,0,0,0,0,0,0,0,0,0,0,0,0,0.2332335,0.3540265,0,0,0.234318,0,0.160949
jgi.Rhidi1.802426.MIX23722_77_13,SPX,PT,0,0,0,0,0,0,0,0,0,0,0,0,0,0,0,0,0,0,0,0,0,0,0,0,0,0,0,0,0,0,1.244695,0,0,0,0,0,0,0,0,0,0,0,0,0,0,0,0,0,0,0,0,0,0,0,0,0,0,0,0.2166525,0,0,0,0,0
jgi.Rhice1_1.721132.estExt_Genewise1Plus.C_520042,SPX,PT,0,0,0,0,0,0,0,0,0,0,0,0,0,0,0,0,0,0,0,0,0,0,0,0,0,0,0,0,0,0,1.194543,0,0,0,0,0,0,0,0,0,0,0,0,0,0,0,0,0,0,0,0,0,0,0,0,0,0,0,0,0,0,0,0,0
jgi.Gloin1.34584.gm1.34472_g,SPX,PT,0,0,0,0,0.80205,0,0,0,0,0,0,0.000001,0,0,0,1.17E-06,0,0,0,0,0,0,0,0,0,0,0,0,0,0,0,0,0,0.0000445,0,0,0,0,0,0,0,0,0,0,0,0,0,0,0,0,0,0,0,0,0,0,0,0,0,0,0,0,0,0
jgi.Rhidi1.639105.estExt_Genewise1.C_1210029,Sporulation,spore,41.53378,0,5.4259833,25.1837667,22.6380783,9.74755,89.8850833,53.2914167,120.4489167,141.2275333,182.6004,144.19625,164.0685,126.76362,133.23,160.3831667,0,0,0,1.2666683,10.38955,0,31.9871167,34.7432167,28.42115,90.3893667,97.92935,121.84565,73.7246,48.5997,142.4318667,109.39645,41.9777333,34.3921,16.39005,23.3661833,70.68325,10.2649,7.6456,17.1096,5.792785,0,10.3957,0.774095,6.796615,2.3823895,2.64475,0.63194,3.940695,0.4880985,1.53279,0.72274,4.1107,4.795825,16.698221,1.83584,3.448145,8.6418,22.24835,0,20.31063,1.04217,1.150875,1.6997395
jgi.Gloin1.225791.CE125667_3718,Sporulation,spore,45.87394,6.8968833,2.93505,10.4203017,20.432315,9.76868,43.58375,33.6420217,60.5968667,84.2994667,140.5562,100.1358667,158.0695,113.4216,82.4158,77.0637333,0,0,0,0,0,0,16.1174167,9.4981167,14.53045,50.6625167,44.8861667,120.27635,72.154575,36.2077,85.8655833,74.6354833,29.1736833,14.0716333,20.64645,20.25824,6.17995,9.1227333,35.706795,13.8589667,0,0.605915,1.5096665,0.3232795,2.35563,0.278329,3.273475,0,0,0,0,0,0.4401325,3.159735,5.41005,2.022065,1.92288,2.0950515,7.68705,0,10.57381,0.862485,1.4825695,2.018275
jgi.Rhice1_1.691414.e_gw1.114.81.1,Sporulation,spore,5.50634,2.24515,0,4.9441833,0.43033,9.74876,28.0763167,9.5526667,30.6246667,28.6546333,30.1612,30.0922667,52.11095,35.26238,27.1696,42.9053167,0.74021,0,0,0,0,0,11.5484833,6.0727833,11.15975,3.0916,12.4813667,24.55875,38.4997,22.5351,39.4231,12.4411333,6.4364333,8.41495,8.0269,7.7896333,7.088,6.82725,0,7.6671833,0,2.821085,0,0.3640075,0,0.942665,0,0,0,0,0,0,1.9634965,5.47846,3.434495,1.14946,5.70583,0.484603,1.412925,0.733165,2.36484,1.465651,1.137005,0.33606
jgi.RhiirA4.233641.CE233640_1510,Sporulation,spore,3.961135,0,0,4.1481,4.712433,2.8235,4.448462,5.816102,37.71942,21.6316,38.43988,40.81788,48.781,52.73034,26.0218,48.48023,0.0000805,0,0,4.863483,9.4001,0,0,2.33E-06,0,3.91955,14.6029,5.4429,30.946,15.904,54.10023,14.32818,7.792733,15.92547,0,7.013007,13.78225,1.897534,13.8349,3.59075,2.913235,0.6678,3.804715,0,1.03619,0.344685,1.219285,0,0,0,0,0.4858975,0.463495,0.50644,3.2764,1.11149,1.414625,1.080645,5.616255,0,1.74765,1.905792,1.60721,0.961587
jgi.RhiirA4.343446.estExt_Genewise1.C_4330025,Sporulation,spore,13.662985,1.93685,0,0.7410567,5.1395,3.63846,18.68005,3.6424217,20.0871667,25.8071317,38.92378,35.7247183,25.01055,31.05528,19.7758,29.3573733,0,0,0,0,0,3.16722,0,6.7783667,0,8.8605667,20.5659,45.44385,9.485675,7.26145,33.7543167,30.0109167,20.29775,24.7056,32.8955,11.8346833,0,6.5084,18.41405,7.44955,0,0,0.532,0,0.391717,0,0,0,0,0,0,0.600055,0.4360275,0.554995,0.697185,0,1.122945,0.848,0,0,4.429295,0,0,0
jgi.Rhidi1.632981.e_gw1.817.11.1,Sporulation,spore,9.274667,0,0,0,3.37015,10.68485,11.06445,3.085717,9.3013,9.713767,54.2693,32.512617,7.36935,31.4725,18.1173,22.03475,12.2569,0,0,0,0,0,0,7.15305,0,0,24.209833,0,0,0,53.544733,4.866167,9.4412,1.969051,0,17.93685,0,8.0107,0,11.649983,0,0,3.198335,2.157075,1.053475,0,0,0,0,0,0,1.3206,0.9484,0,0,0,0.127858,0,0,0,0,0,0,1.402225
jgi.Gloin1.160709.CE60585_890,Sporulation,spore,3.1219917,0,0,1.8937,5.488175,0.86542,5.22546,3.1620883,11.1323833,11.1384433,12.40935,19.5103567,16.52065,25.40828,19.5509,24.6131333,0,0,0,0,0,0,2.198,0,0,7.208655,5.7277367,14.34595,19.476175,4.530975,30.6776333,12.04633,4.64145,10.713175,0,7.7441667,16.31755,5.5808667,0,12.2321267,0.355937,0,0.234858,0,0.855375,0.3403575,0,0.9871895,3.564265,0.85916,0.246129,0.331087,0,1.684471,0.4830795,0,0.8407,0,4.064995,0,0.4839245,0.458096,0.537015,0.598501
jgi.Rhice1_1.690724.e_gw1.99.46.1,Sporulation,spore,0,0,0,0,2.869958,6.8594,6.27885,11.856345,16.241283,17.027467,29.00382,15.476467,26.3866,10.238618,8.29499,29.52931,0,0,0,0,0,0,0,0,0,0,21.403717,5.6445,16.5672,9.25872,18.1533,6.986383,0,6.049783,16.18595,0,7.14635,7.871283,0,13.145617,0,0,0,0,1.966685,0,0,0,8.34185,0,0,0,0,0,2.56464,1.1474,1.796535,1.46455,0,0,0.745935,0,0.572675,0.67713
jgi.Rhiir2_1.1462546.e_gw1.218.41.1,Sporulation,spore,0,0,0,8.268433,1.33812,0,0,1.617807,6.742117,0,7.569608,17.177043,5.1043,10.051088,0,12.166708,0,0,0,0,0,0,0,0,4.643233,0,3.7594,4.68126,2.51915,6.6204,12.898415,8.872033,0,6.217117,0,6.03565,0,4.20565,0,6.411117,2.087415,0,1.776235,0,0.454091,0,0,0,7.0963,0,0,1.16824,0.84832,0.442007,0,0,0.505945,0.82421,1.681277,0,0.439063,0.41502,0.91676,1.104485
jgi.Gloin1.15620.gm1.15508_g,Sporulation,spore,0,0,0,1.7108333,0,0,0,0.7758067,4.48275,4.6635277,13.84004,7.000725,13.85065,5.35488,11.2464,13.190435,0,0,0,0,0,0,0,0,0,1.2396767,0.95099,3.113393,7.445235,2.539805,8.217225,3.2534683,6.77415,8.8236733,10.784045,0.6534983,3.835955,0,2.853025,9.023998,0.3234165,0,1.5233375,0,0.2318955,0,1.61581,0,0,0,0,0,0,0.54205,0.4387365,0,0.1822175,0.4427215,1.756275,0,2.50721,0,0.229386,1.450995
jgi.Gloin1.6912.gm1.6800_g,Sporulation,spore,1.3582767,0,0,0,0,0,0,0,0.8753783,3.72978,0,1.3056383,6.62799,0.431844,0,7.4493133,0,0,0,0,0,0,0,0,0,2.5456833,0,4.90224,0,1.630065,5.379995,2.0722667,7.9104333,17.66175,43.84645,9.5097833,0,2.66154,0,0,0,0,0,0,0,0,0,0,0,0,0,0,0,0,0,0,0,0.3627985,0.4827855,0,0,0.320958,0,0.425233
jgi.RhiirA1_1.529698.estExt_Genemark1.C_520010,Sporulation,spore,2.03065,0,0,0,0.1183578,0,0.5126067,0.2150717,5.1130167,2.440655,6.564314,4.7717117,8.692575,3.46032,3.48522,3.2881183,0,0,0,0,0,0,1.44376,0.6750617,0,0,1.1423867,5.17805,1.55719,2.764275,8.1198217,1.1724965,4.1702783,3.33311,5.3537,4.4428317,1.72305,0.8512083,0.2181585,3.66228,0.1837235,0,0.364109,0,0.5562955,0.0771785,0,0,0,0,0.1602805,0.219951,0.1230645,0.5583705,0.3752775,0,0.143904,0.280039,3.21577,0,0.4653965,0.2957145,0,0.5634745
jgi.RhiirA1_1.531925.estExt_Genemark1.C_1570001,Sporulation,spore,0.6457167,0,0,3.4728333,0,0,0,0,0,1.0604017,3.46451,3.0507892,0.000055,5.285348,6.95991,13.6223333,0,0,0,0,0,0,0,0,0,0,0,5.29825,0,2.30862,8.4427833,0,0,4.6235167,0,0,0,0,2.427855,0,0.832335,0,0.632496,0,1.2157495,0,0,0,1.3915,0,0.383602,0,0,1.337925,0.468435,0.84207,0,0.354504,1.997765,0,0.927575,0,1.017158,0.281893
jgi.Gloin1.110778.CE10654_1100,Sporulation,spore,0,0,0,0,0,0,0,0,0,1.15847,1.23397,0,19.54665,0,11.4195,8.231533,0,0,0,0,0,0,0,0,0,4.45045,0,5.92545,3.97135,0,0,0,5.473957,4.57975,0,0,17.24035,0,0,0,0,0,0,0,0,0,0,0,0,0,0,0,0,0,0.399713,0,0,0,0,0,0,0,0,0
jgi.RhiirA1_1.99612.CE99611_1651,Sporulation,spore,0,0,0,0,0,0,0,0,0,5.307137,1.911164,2.367233,3.49431,1.565936,0,1.789667,0,0,0,5.46745,0,0,0,0,0,4.615533,0,0,0,0,6.8313,0,0,0,8.73115,0,8.1148,0,0,4.5495,0,0,0,0,0,0,1.40758,0,0,0,0,0,0,0,0,0,0,0,0,0,0,0,0,0
jgi.Rhice1_1.684211.gw1.60.97.1,Sporulation,spore,0,0,0,0,0,0,0,0,9.1796,0,0,17.4628,0,0,9.43659,8.403683,0,0,0,0,0,0,0,0,0,0,0,0,0,0,0,0,0,0,0,0,0,0,0,0,0,0,0,0,0,1.223295,0,0,0,0,0,0,1.871745,0,0,0,0,0,0,0,0,0,0,0
jgi.Gloin1.149238.CE49114_533,Sporulation,spore,0.29075,0,0,0,0,0,0,0.9713033,1.529795,2.71195,4.174958,5.41163,3.532245,2.23525,0.850562,5.2837483,0,0,0,0,0,0,0,0,0,0,0,0,0,2.310425,2.4471483,1.9586833,0,1.5078233,2.27584,1.131945,4.42797,0.6246217,0,1.1858617,0,0.917505,0.197577,0.120654,0.293785,0.117045,0.406014,0,0,0,0.2376645,0.2208435,0.4829175,0,0.3306925,0,0.3830035,0,0.5534025,0.568775,1.426745,0,0,0
jgi.Rhice1_1.247312.CE247100_23337,Sporulation,spore,0,0,0,0,1.8087,0,0,0,0,8.0759233,4.211766,0.9693983,0,3.721026,10.3838,3.11305,0,0,0,0,0,0,0,0,0,0,0,0,2.3695225,0,0,0,0,4.3982667,0,0,0,0,0,4.0931333,0,0,0,0,0,0,0,0,0,0,0,0,0,0,0,0,0,0,0,0,0,0,0,0
jgi.Rhice1_1.820336.gm1.9120_g,Sporulation,spore,0,0,0,0,0,0,0,0,2.147017,2.020133,2.04378,3.04276,6.34805,0,0,2.19725,0,0,0,0,0,0,0,0,0,0,0,6.0192,3.09465,1.09189,0,0,0,0,0,6.19705,0,0,0,6.161983,0,0,0,0,0,0,0,0,0,0,0,0,0,0,0,0,0,0,1.16815,0,0,0,0,0
jgi.Rhidi1.742319.estExt_fgenesh1_pg.C_1700020,Sporulation,spore,0,0,0,5.34145,0,0,0,0,0,0,2.36714,0,2.7492,2.742002,0,0,0,0,0,0,0,0,0,0,0,0,0,0,0,1.426305,0,0,1.607978,0,0,0,0,2.265183,0,0,0,0,0,0,0,0,0,0,0,0,0,0,0,0,0,0,0,0,0,0,0,0,0,0
jgi.Rhice1_1.392816.CE392604_26487,Sporulation,spore,0,0,0,0,0,0,0,0,0,0,0,3.79712,0,2.61206,0,5.004088,0,0,0,0,0,0,0,0,0,0,0,0,0,0,0,0,0,0,0,0,0,0,0,0,0,0,0,0,0,0,0,0,0,0,0,0,0,0,0,0,0.737245,0,0,0,0,0,0,0
jgi.Gigro1.2184212.gm1.32886_g,Sporulation,spore,0,0,0,0,0,0,0,0,0,0,0,0,0,0,0,0,0,0,0,0,0,0,0,0,0,0,0,0,0,0,0,0,5.8316,0,0,0,0,0,0,0,1.902775,0,1.24109,0,0,0,0,0,0,0,1.318545,0,0,1.666475,0,1.464105,1.558555,0,1.94309,3.0383,0,0,0,0
jgi.Rhice1_1.65120.CE64908_148590,Sporulation,spore,0,0,0,0,0,0,0,0,0,0,0,0,0,0.997352,0,2.279683,0,0,0,0,0,0,0,0,0,0,0,0,8.787075,0,0,0,0,0,0,0,0,0,0,0,0,0,0,0.498391,0.72819,0,0,0,0,0,0,0,0,0,1.4106,0,0,0,1.02642,0,0,0,0,0
jgi.RhiirA4.446902.estExt_fgenesh1_pg.C_10110003,Sporulation,spore,0,0,0,0,0,0,0,0,0,0.2925583,0.600014,0,0,0.1535794,0.640065,0.5616533,0,0,0,0,0,0,0,0,0,0,0,0,1.353095,0,0.3466867,0,1.20969,1.1346683,0,0.7691283,0,0,0,0,0,0,0,0,0.133381,0,0.60805,0,0,0,0,0,0.118854,0.254304,0,0,0.103927,0.1181555,0.302401,0,0.2501905,0,0,0
jgi.RhiirA5.402676.estExt_fgenesh1_pg.C_14740004,Sporulation,spore,0,0,0,1.1533283,0,0.658915,0,0,0,0,3.160966,0.6734217,1.031425,0,0,0,0,0,0,0,0,0,0,0,0,0,0.688085,0,0,0,0.5217017,0,0,0,0,0,0,0,0,0,0,0,0,0,0,0,0,0,0,0,0,0,0,0,0,0,0,0,0,0,0,0,0,0
jgi.RhiirA4.548574.estExt_Genemark1.C_17240005,Sporulation,spore,0,0,0,0,0,0,0,0,0,0,0,0,0,0.440934,0.918831,2.490487,0,0,0,0,0,0,0,0,0,0,0,0,0,0,0,0,0,0,0,3.059483,0,0,0,0,0,0,0,0,0,0,0,0,0,0,0,0,0,0,0,0,0.398208,0,0,0,0,0,0,0
jgi.Rhiir2_1.1424046.gw1.469.8.1,Sporulation,spore,0,0,0,0,0,0,3.33E-07,0,0,0,0,0.24189,0,0,0,0,0,0,1.646872,0,0,0,1.505963,0,0,0,1.67E-07,0,0,0,0,0,0,0,0,1.732937,0,0,0,0.8618433,0,0,0,0,0,0,0,0,0,0,0,0,0,0,0,0,0,0.122761,0,0,0,0,0,0
jgi.Rhidi1.751205.gm1.2279_g,Sporulation,spore,0,0,0,0,0,0.943405,0,0,0,0,0,0,0,0,0.691397,0,0,0,0,0,0,0,0,0,0,0,1.030592,0,0,0.76823,0,0,0,0,0,0,0,0,0,2.3992,0,0,0,0,0,0,0,0,0,0,0,0,0,0,0,0,0,0,0.67674,0,0,0,0,0
jgi.Rhidi1.790758.MIX12054_251_76,Sporulation,spore,0,0,0,0,0.5293417,0,0,0,0,0.29472,1.813266,0,0,0,0,0,0,0,0,0,0,0,0,0,0,0,0,0,0,0,0.3492467,0,0,0,0,0,0,0,0,0,0,0,0,0,0,0,0,0,0,0,0,0,0,0,0,0,0,0,0,0,0,0,0,0
jgi.RhiirA4.144121.CE144120_837,Sporulation,spore,0,0,0,0,0,0,0,0,0,0,0,0.6321417,0,0,0,0,0,0,0,0,0,0,0,0,0,0,0,0,0,0,0,1.63755,0,0,0,0,0,0,0,0,0,0,0,0,0,0,0,0,0,0,0,0,0,0,0,0,0,0,0,0,0,0,0.56535,0
jgi.Rhiir2_1.1760705.estExt_Genewise1Plus.C_5520003,Sporulation,spore,0,0,0,0,0,0,0,0,0,0,0,0.2771267,0,0,0,0.24923,0,0,0,0,0,0,0,0,0,0,1.2147033,0,0,0,0,0,0,0,0,0,0,0.6237867,0,0,0,0,0,0,0,0,0,0,0,0,0,0,0,0,0,0,0,0,0,0,0,0,0,0
jgi.Rhice1_1.831676.gm1.20460_g,Sporulation,spore,0,0,0,0,0,0,0,0,0,0,1.012252,0,0,0,0,0,0,0,0,0,0,0,0,0,0,0,0,0,0,0,0,0,1.3501833,0,0,0,0,0,0,0,0,0,0.192397,0,0,0,0,0,0,0,0,0,0,0,0,0,0,0,0,0,0,0,0,0.2089375
jgi.RhiirC2.844829.estExt_Genemark1.C_1560007,Sporulation,spore,0,0,0,0,0,0,0,0,0,0,0.631156,0,1.153985,0,0,1.029707,0,0,0,0,0,0,0,0,0,0,0,0,0,0,0,0,0,0,0,0,0,0,0,0,0,0,0,0,0,0,0,0,0,0,0,0,0,0,0,0,0,0,0,0,0,0,0,0
jgi.Rhidi1.225962.CE225852_3157,Sporulation,spore,0,0,0,0,0,0,0,0,0,0,0,0.2734633,0.9481,0.295252,0.307626,0,0,0,0,0,0,0,0,0,0,0,0,0,0,0.6158,0.76065,0,0,0,0,0,0,0,0,0,0,0,0,0,0,0,0,0,0,0,0,0,0,0,0,0,0,0,0.172471,0,0,0,0,0
jgi.Rhice1_1.385663.CE385451_29488,Sporulation,spore,0,0,0,0,0,0,0,0,1.1232767,0,0,0.3765933,0,0,0,0,0,0,0,0,0,0,0,0,0,0,0,0,0,0,0,0,0,0,0,0,0,0,0,0,0,0,0,0,0,0,0,0,0,0,0,0,0,0,0,0,0,0.4184735,0,0.127197,0,0,0,0
jgi.Rhidi1.761334.gm1.12408_g,Sporulation,spore,0,0,0,0,0,0,0,0,0,0,0,0,0,0,0,0,0,0,0,0,0,0,0,0,0,0,0,0,0,0,0,0,0,1.577155,0,0,0,0,0,0,0,0,0,0,0,0,0,0,0,0,0,0,0,0,0,0,0,0,0,0,0,0,0,0
jgi.Gloin1.1569.gm1.1457_g,Sporulation,spore,0,0.3418617,0,0,0,0,0,0,0,0,1.0018,0,0,0,0,0,0,0,0,0,0,0,0,0,0,0,0,0,0,0,0,0,0,0,0,0,0,0,0,0,0,0,0,0,0,0,0,0,0,0,0,0,0,0,0,0,0,0,0,0,0,0,0,0
jgi.RhiirA4.284740.gw1.2226.1.1,Sporulation,spore,0,0,0,0,0,0,0,0,0,0,0,0,0,0.230474,0,0,0,0,0,0,0,0,0,0,0,0,0.7158867,0,0,0,0,0,0,0,0,0,0,0,0,0,0,0,0,0,0,0,0,0,0,0,0,0,0,0,0,0,0,0,0,0,0,0,0,0
jgi.Rhidi1.116403.CE116293_137,Sporulation,spore,0,0,0,0,0,0,0,0,0,0,0,0,0,0,0,0,0,0,0,0,0,0,0,0,0,0,0,0,0,0,0,0,0,0,0,0,0,0,0,0,0,0,0,0,0,0,0,0,0,0,0.4872295,0,0,1.0861355,0,0,0.559925,0,0,0,0,0,0,0
jgi.RhiirA1_1.491539.MIX3856_685_97,Sporulation,spore,0,0,0,0,0,0,0,0,0,0,0,0,0,0,0,0.687915,0,0,0,0,0,0,0,0,0,0,0,0,0,0,0,0,0,0,0,0,0,0,0,0,0,0,0,0,0,0,0,0,0,0,0,0,0,0,0,0,0,0,0,0,0,0,0,0
jgi.RhiirA5.502445.estExt_Genemark1.C_9210005,Sporulation,spore,0,0,0,0,0,0,0,0,0,0,0,0,0,0,0,0.6506683,0,0,0,0,0,0,0,0,0,0,0,0,0,0,0,0,0,0,0,0,0,0,0,0,0,0,0,0,0,0,0,0,0,0,0,0,0,0,0,0,0,0,0,0,0,0,0,0
jgi.Rhiir2_1.1886599.estExt_Genemark1.C_6750005,Sporulation,spore,0,0,0,0,0,0,0,0,0,0,0,0,0,0,0,0,0,0,0,0,0,0,0,0,0,0,0,0,0,0,0,0,0,0,0,0,0,0,1.91089,0,0,0,0,0,0,0,0,0,0,0,0,0,0,0,0,0,0,0,0,0,0,0,0,0
jgi.Gloin1.8229.gm1.8117_g,Sporulation,spore,0,0,0,0,0,0,0,0,0,0,0,0,1.897925,0,0,0,0,0,0,0,0,0,0,0,0,0,0,0,0,0,0,0,0,0,0,0,0,0,0,0,0,0,0,0,0,0,0,0,0,0,0,0,0,0,0,0,0,0,0,0,0,0,0,0
jgi.Rhice1_1.714274.estExt_Genewise1.C_3220003,Sporulation,spore,0,0,0,0,0,0,0,0,0,0,0,0.2824217,0,0,0,0,0,0,0,0,0,0,0,0,0,0,0,0,0,0,0.3441617,0,0,0,0,0,0,0,0,0,0,0,0,0,0,0,0,0,0,0,0,0,0,0,0,0,0,0,0,0,0,0,0,0
jgi.RhiirA5.401499.estExt_fgenesh1_pg.C_9960003,Sporulation,spore,0,0,0,0,0,0,0,0,0,0,0,0,0,0.71452,0,0,0,0,0,0,0,0,0,0,0,0,0,0,0,0,0,0,0,0,0,0,0,0,0,0,0,0,0,0,0,0,0,0,0,0,0,0,0,0,0,0,0,0,0,0,0,0,0,0
jgi.Rhidi1.761530.gm1.12604_g,Sporulation,spore,0.1157083,0,0,0,0,0,0,0,0,0,0.1982496,0,0,0,0,0,0,0,0,0,0,0,0,0,0,0,0,0,0,0,0,0,0,0,0,0,0,0,0,0,0,0,0,0,0,0,0,0,0,0,0,0,0,0,0,0,0.1555705,0,0.173393,0,0.4680195,0,0,0
jgi.RhiirA4.478212.gm1.28008_g,Sporulation,spore,0,0,0,0,0,0,0,0,0,0,0,0,0,0,0,0,0,0,0,0,0,0,0,0,0,0,0,0,0,0,0.49966,0,0,0,0,0,0,0,0,0,0,0,0,0,0.138206,0,0,0,0,0,0,0,0,0,0,0,0,0,0,0,0,0,0,0
jgi.RhiirA4.441465.estExt_fgenesh1_pg.C_1530015,Sporulation,spore,0,0,0,0,0,0,0,0,0,0,0,0,0,0,0,0,0,0,0,0,0,0,0,0,0,0,0.47111,0,0,0,0,0,0,0,0,0,0,0,0,0,0,0,0,0,0,0,0,0,0,0,0,0,0,0,0,0,0,0,0,0,0,0,0,0.17442
jgi.RhiirA1_1.470168.gm1.22533_g,Sporulation,spore,0,0,0,0,0,0,0,0,0,0,0,0,0,0,0.216729,0.1735433,0,0,0,0,0,0,0,0,0,0,0,0,0,0,0.2303967,0,0,0,0,0,0,0,0,0,0,0,0,0,0,0,0,0,0,0,0,0,0,0,0,0,0,0,0.1204565,0,0,0,0,0
jgi.Rhidi1.816920.estExt_Genemark1.C_2800022,Sporulation,spore,0,0,0,0,0,0,0,0,0,0,0,0,0,0.271676,1.13485,0,0,0,0,0,0,0,0,0,0,0,0,0,0,0,0,0,0,0,0,0,0,0,0.0025775,0,0,0,0,0,0,0,0,0,0,0,0,0,0,0,0,0,0,0,0,0,0,0,0,0
jgi.Rhice1_1.809678.estExt_fgenesh1_pg.C_6260006,Sporulation,spore,0,0,0,0,0,0,0,0,0,0,0,0,0,0,0,0,0,0,0,0,0,0,0,0,0,0,0,0,0,0,0,0,0,0,0,0,0,0,0,0,0,0,0,0,0,0,0,0,0,0,0,0,0,0,0,0,0,0.353668,0,0,0,0,0,0.4574395
jgi.RhiirA4.498950.MIX5489_389_49,Sporulation,spore,0,0,0,0,0,0,0,0,0,0,0,0.2380133,0,0,0,0,0,0,0,0,0,0,0,0,0,0,0,0,0,0,0,0,0,0,0,0,0,0,0,0,0,0,0,0,0.0702255,0,0,0,0,0,0,0,0,0,0,0,0,0,0,0,0,0,0,0
jgi.Rhice1_1.547665.CE547453_7636,Sporulation,spore,0,0,0,0,0,0,0,0,0,0,0,0,0,0.30272,0,0,0,0,0,0,0,0,0,0,0,0,0,0,0,0,0,0,0,0,0,0,0,0,0,0,0,0,0,0,0,0,0,0,0,0,0,0,0,0,0,0,0,0,0,0,0,0,0,0
jgi.RhiirA4.545950.estExt_Genemark1.C_8520007,Sporulation,spore,0,0,0,0,0,0,0,0,0,0,0,0,0,0.0000082,1.49531,0,0,0,0,0,0,0,0,0,0,0,0,0,0,0,0,0,0,0,0,0,0,0,0,0,0,0,0,0,0,0,0,0,0,0,0,0,0,0,0,0,0,0,0,0,0,0,0,0
jgi.RhiirA1_1.539007.estExt_Genemark1.C_9340008,Sporulation,spore,0,0,0,0,0,0,0,0,0,0,0,0,0,0,0,0,0,0,0,0,0,0,0,0,0,0,0,0,0,0.60713,0,0,0,0,0,0,0,0,0,0,0,0,0,0,0,0,0,0,0,0,0,0,0,0,0,0,0,0,0,0,0,0,0,0
jgi.Rhice1_1.729772.estExt_Genewise1Plus.C_7610001,Sporulation,spore,0,0,0,0,0,0,0,0,0,0,0,0,0,0,0.398579,0,0,0,0,0,0,0,0,0,0,0,0,0,0,0,0,0,0,0,0,0,0,0,0,0,0,0,0,0,0,0,0,0,0,0,0,0,0,0,0,0,0,0,0,0,0.1549475,0,0,0
jgi.Gigro1.2174586.gm1.23260_g,Sporulation,spore,0,0,0,0,0,0,0,0,0,0,0,0,0,0,0,0,0,0,0,0,0,0,0,0,0,0,0,0,0,0,0,0,0,0,0,0,0,0,0,0,0,0,0,0,0,0.277448,0,0,0,0,0,0,0,0,0,0,0,0,0,0,0,0,0,0
jgi.RhiirA5.274333.estExt_Genewise1.C_5850004,Sporulation,spore,0,0,0,0,0,0,0,0,0,0,0,0.000261167,0,0,0,0,0,0,0,0,0,0,0.0149355,0,0,0,0,0,0,0,0,0,0,0,0,0.005298167,0,0,0,0.003197167,0,0,0,0,0,0,0,0,0,0,0,0,0,0,0,0,0,0.000343,0,0,0,0,0,0
jgi.RhiirA5.493228.estExt_Genemark1.C_210015,Sporulation,spore,0,0,0,0,0,0,0,0,0,0,0,0,0,0,0.004929,0.003665167,0,0,0,0,0,0,0,0,0,0,0,0,0,0,0.009696,0,0,0,0,0,0,0,0,0,0,0,0,0,0,0,0,0,0,0,0,0,0,0,0,0,0,0,0.0046235,0,0,0,0,0
jgi.RhiirA1_1.495706.MIX8023_53_12,Sugar,Sugar,0.8459483,0,0,1.92155,0.644295,0.878145,1.022275,4.860455,3.12175,13.9402683,13.22742,20.16705,22.262,16.104386,21.1804,18.90609,0,0,0,0,0,0,0,2.6442,0,9.4291167,4.04965,2.52134,12.5032,10.145025,16.5463133,5.0438933,13.2202117,13.552275,7.04973,3.27908,3.49044,5.52234,6.4088,14.4512333,0,0,0.4761925,0,0.5171,0,0,0,0,0.870905,0.499071,0,0.241124,0,0.2541975,0.2777125,0.407258,0.494689,1.05278,0,0.2453645,0,0.5286255,0.787267
jgi.Gloin1.12072.gm1.11960_g,Sugar,Sugar,1.1619667,4.7553667,1.03352,0,0.7183933,1.19727,0,1.8913945,21.873245,9.719965,7.994954,6.4348333,0,1.34904,0,0.9598683,1.8581333,0,0,0,0,0,6.5900718,0,0,3.58045,6.5219195,4.76709,0,0.97232,4.3682667,9.5173667,0,0,0,0,0,0,0,0,0,0,0.317426,0,0.3441675,0.4588275,0,0,0,0,0,0,0,0,0.2565615,0.3662705,0.3805125,0,1.7610395,0,1.317135,0,0,0
jgi.Gloin1.3690.gm1.3578_g,Sugar,Sugar,4.860117,0,0,0,0,9.24605,8.7056,0,13.374617,9.61205,7.80528,7.827553,7.2366,1.6215,3.37893,6.407667,0,0,0,0,0,0,0,0,0,6.9842,5.623117,13.27365,0,0,7.320667,0,0,0,0,0,0,0,0,0,0,0,1.97968,0,0,0,2.519375,0,0,0,0,0,0,0,1.040855,0,0,1.004895,1.388438,0,1.08433,0,0,0.70472
jgi.Rhice1_1.843032.gm1.31816_g,Sugar,Sugar,10.3434,0,0,0,46.45933,0,0,0,0,0,17.72192,13.44915,0,0,0,0,0,0,0,0,0,0,0,0,0,0,0,0,0,0,0,0,0,0,0,0,0,0,0,0,0,0,0,0,0,0,0,0,0,0,0,0,0,0,0,0,0,0,11.1218,0,0,0,0,0
jgi.Rhidi1.735519.estExt_fgenesh1_pm.C_180001,Sugar,Sugar,0.49015667,3.89607333,0,2.14645,0,0.980925,1.71288333,4.63976033,6.21328333,9.35630667,5.566444,5.82030333,0,2.046368,0,2.450217,0,0,0,0,0,0,0,0,0,2.59829083,0.0276295,0,0.0138755,0.796625,9.99722167,10.38915,2.30342617,1.246426,0,3.9854,0,2.10601667,0,0.03989983,0,0,0,0,0.286575,0.1682805,0,0,0,0,0,0,0,0,1.08722,0,0,0.2956165,1.72352,1.247465,0,0.004466,0,0.001202
jgi.RhiirC2.470966.CE470870_3048,Sugar,Sugar,0,0,0,0,0,0,3.44415,1.8000833,0,0.4197167,1.78828,0,9.18111,2.996142,3.62376,1.617635,0,0,0,0,0,0,0,0,0,0,0,0,0,0,0,1.8913,2.58125,19.1518667,8.4355,6.1026417,12.126225,0,7.86995,4.0282667,0,0,0,0,0,0,0,0,0,0,0,0,0,0,0,0,0,0,0,0,0,0,0,0.654665
jgi.Gloin1.155358.CE55234_642,Sugar,Sugar,4.2787967,0,0,0,0,1.12668,0,0,4.8438,2.6786,1.007478,6.362855,2.53796,2.414,6.58784,7.7586767,0,0,0,0,0,0,0,0,0,0,4.4361233,0,3.0066,0,6.0739067,4.4276117,0,1.3952067,0,1.5258567,0,0,0,2.2962,0,0,0.300182,0,0,0,0.74887,0,2.27448,0,0,0,0.3038,0,0.3093775,0,0,0,4.02435,0,1.956808,0,0,0
jgi.Rhidi1.631542.e_gw1.632.3.1,Sugar,Sugar,2.829405,0,0,4.174933,0,0,0,0,0,1.8121,0,3.597348,10.48205,5.152884,0,7.762863,0,0,0,0,0,0,0,0,0,0,0,0,11.983225,0,2.745783,6.80795,0,1.744833,0,0,0,0,0,0,0,0,0,0,0,0,0,0,0,0,0,0,0,0,0,0,0,0,0,0,0,0,0,0
jgi.Rhidi1.809388.estExt_Genemark1.C_80086,Sugar,Sugar,0.6442567,0,0,0,0.8569433,2.335975,3.5591283,0,0,0.7803917,4.55453,7.2713333,10.52415,0,0.853681,1.8728,0,0,0,0,0,0,0,0,0,0,2.8422382,0,0,0,4.1981398,2.0485167,2.8013638,5.0504093,4.80825,4.3613583,0,0,0,0,0,0,0,0,0,0,0,0,0,0,0,0,0,0,0,0,0,0.3026515,0.3152965,0.550745,0,0,0,0
jgi.Rhice1_1.871188.estExt_Genemark1.C_220039,Sugar,Sugar,0.000362,0,0,0,0,0,0.6111183,0,2.8486767,7.173735,3.225402,2.7485333,0,1.824568,5.37162,4.1140617,0,0,0,0,0,0,0,1.6349817,0,0,0,0,4.20265,2.274975,1.7678433,5.39235,0,0,0,5.1185133,0,1.1425567,0,0,0,0,0,0,0.305143,0,0,0,0,0,0,0.395203,0.2846835,0,0.433164,0,0,0.2738155,0,0,0,0,0,0.1891065
jgi.RhiirA4.455802.gm1.5598_g,Sugar,Sugar,1.5837033,0,0,0.4468367,0,0.58982,0,0.2516017,3.6304883,0.6776667,4.751934,0.5709583,0,0.711486,4.74604,3.8582833,0,0,0,0,0,0,0,0,0,0,1.2336617,1.45606,0,0,0.904745,0,4.2998833,5.01125,12.52605,3.8976167,0,3.719995,0,0,0,0,0,0,0,0,0,0,0,0,0,0,0,0.2847365,0.420683,0,0,0.6811665,0,0,0,0,0.1470305,0.297321
jgi.RhiirA1_1.509654.MIX21971_23_8,Sugar,Sugar,1.142146,0,0,0,0.0000145,0.000026,2.52E-05,5.516517,0,1.33E-06,0.0000012,5.33E-06,5.366869,1.393884,0,6.423001,0,0,0,0,0,0,0,0,3.566083,4.72595,1.245125,0,0,0.92812,4.948288,3.318057,0.0000135,1.08E-05,4.47005,5.07E-05,0,0,0,0,0,0,0,0,0.329855,0,0,0,0,0,0,0,0,0,0,0,0,0.338284,0,0.000004,0,0,0,0.204896
jgi.Rhice1_1.684790.e_gw1.1.44.1,Sugar,Sugar,0,0,0,0,0,0,1.9771,0,2.1022,2.1288833,6.233746,2.102215,1.64348,2.721588,4.60425,5.3102683,0,0,0,0,0,0,0,0,0,0,1.531125,0,0,0,0.93656,2.7905167,0,0,0,0,0,0,0,0,0,0,0,0,0,0.1792925,0,0,0,0,0,0,0,0,0,0,0,0,0,0,0,0.553005,0,0
jgi.RhiirB3.461970.gm1.37941_g,Sugar,Sugar,0,0,0,0,0,0,0,0,0,0,5.0226,9.570717,0,14.59184,0,0,0,0,0,0,0,0,0,0,0,0,0,0,0,0,0,0,0,0,0,0,0,0,0,0,0,0,0,0,0,0,0,0,0,0,0,0,0,0,0,0,0,1.31635,0,0,0,0,0,0
jgi.Rhiir2_1.1451798.e_gw1.45.70.1,Sugar,Sugar,0,0,0,0,0,0,0,0,0,0,0,2.352827,0,6.601994,3.13613,3.34295,0,0,0,0,0,0,0,0,0,0,0,0,0,4.13219,0,0,3.16915,1.853183,0,2.359717,0,0,0,4.855867,0,0,0,0,0,0,0,0,0,0,0,0,0,0,0,0,0,0,0,0,0,0,0,0
jgi.Gloin1.305647.CE205523_170,Sugar,Sugar,0,0,0,0,0,0,0,0,0,0.914558333,1.171888,1.15131,0,0,2.02605,2.656471667,0,0,0,0,0,0,0,0,0,3.820983333,0,0,0,0.667385,0,0.002689167,0,3.2926,0,0,0,0,0,11.37154667,0,0,0.249717,0,0,0,0,0,0,0,0,0,0,0,0,0,0,0,0.73668,0,0.2575885,0,0,0
jgi.Gloin1.7986.gm1.7874_g,Sugar,Sugar,0,0,0,0,0,0,0,0,0,0,3.29064,0,0,3.179858,2.65855,1.4169383,0,0,0,0,0,0,0,0,0,0,0,4.827585,0,4.705435,6.0517833,0,0,0,0,0,0,0,8.8487,0,0,0,0,0,0,0,0,0,0,0,0.4722785,0,0,0,0,0,0,0.71523,0,0,0,0,0,0
jgi.Rhiir2_1.1845971.estExt_fgenesh1_pg.C_2640011,Sugar,Sugar,0.5221,0,0,0,0,0,0,0,0.76497,0.3594383,2.895164,2.4826817,0,1.320818,0.428826,2.3078383,0,0,0,1.380175,0,0,0,0,0,0.581935,0,0,0,0.4368865,3.58215,0,0.4925333,0,0,0,0,0,0,1.0189967,0,0,0.6317465,0.420337,0,0,0.371119,0,0,0,0.156438,0.2119675,0,0,0.3995395,0.3483055,0.177503,0.1443475,0.21902,0,0.156412,0.1448455,0,0.099435
jgi.Rhiir2_1.1775313.gm1.14067_g,Sugar,Sugar,0,0,0,0,0,0,0,0,2.5984233,3.22967,1.925248,2.4556667,1.59603,0.545442,0.776769,0.6674567,0,0,0,0,0,0,0,0,0,0,0,0,6.9243975,2.51116,0,0,0,0,0,0.71213,0,0,0,0,0,0,0,0,0,0,0,0,0,0,0,0,0,0,0,0,0,0,0,0,0,0,0,0
jgi.Rhice1_1.712651.estExt_Genewise1.C_2020067,Sugar,Sugar,0,0,0,0,0,0,0,0,0.87228,1.6211067,1.018262,1.0762583,0,0.635944,0,0,0,0,0,0,0,0,3.6006167,0,0,0,4.7182467,0,0,0,2.3521033,0,0,0,0,0,0,0,0,0,0,0,0,0.483995,0,0,0,0,0,0,0,0,0,0,0.9328145,0,0,0,0,0,0,0,0.373175,0
jgi.Rhice1_1.874735.estExt_Genemark1.C_1170026,Sugar,Sugar,0,0,0,0,0,0,0.69864,0,0,1.58445,2.06853,1.0519217,3.7577,0,0.877275,1.4026983,0.834215,0,0,0,0,0,0,0,0,0,0,0,0,0,3.1791083,0,1.09892,0,0,0.8127683,0,0,0,0,0,0,0,0,0,0,0,0,0,0,0,0,0,0,0,0,0,0.3542405,0,0,0,0,0,0
jgi.Rhiir2_1.1876872.estExt_Genemark1.C_1210051,Sugar,Sugar,1.8132917,0,0,0,0.874055,0,0.6934133,0,0,0,2.085188,0,2.68353,0,0,0.6961017,0,0,0,0,0,0,0,1.7319833,0,0,1.2978783,3.42047,0,0,2.03351,0,0,0,0,0,0,0,0,0,0,0,0,0,0,0,0,0,0,0,0,0,0,0.33106,0.3258205,0,0,0,1.578605,0,0.327738,0,0,0
jgi.Rhice1_1.833572.gm1.22356_g,Sugar,Sugar,0.51466,1.074342,0,0,0,0,0,0,0,0.6234,0.798806,1.332787,1.460515,1.067722,0,1.331345,0,0,0,0,0,0,0,0,0,0,0,0,1.90998,0.757725,0,0,0,1.185947,0,0,11.12575,0,0,0,0,0,0,0,0,0,0,0,0,0,0,0,0,0,0.518615,0,0,0,0,0,0,0,0,0
jgi.Rhice1_1.873948.estExt_Genemark1.C_930013,Sugar,Sugar,0,0,0,0,0.587375,0,0,1.26849,0,2.151767,1.312352,1.8296,3.06468,0,3.57741,0,0,0,0,0,0,0,0,0,0,1.802217,0,0,0,0,1.550768,0,0,0,0,0,0,0,0,0,0,0,0,0,0,0.167958,0,0,0,0,0,0,0,0,0.271282,0,0,0,0,0,0,0,0,0
jgi.RhiirA4.468768.gm1.18564_g,Sugar,Sugar,0,0,0,0,1.024842,0,0,0,0,0,0,0.740625,5.33298,0,0,0,0,0,0,0,0,0,0,0,0,0,0,0,0,0,0,0,0,0,0,2.453567,0,0,0,5.693517,0,0,0,0,0.395673,0,0,0,0,0,0,0,0,0,0,0,0,0,0,0,0,0,0,0
jgi.RhiirB3.464519.estExt_fgenesh1_pm.C_14640001,Sugar,Sugar,0,0,0,0,0,0,0,0,0,0,2.152,1.29606,0,0,0,0,0,0,0,0,0,0,0,1.87385,0,0,1.463613,0,0,0,2.304705,0,0,0,0,0,0,0,0,2.773433,0,0,0,0,0,0,0,0,0,0,0,0,0,0,0,0,0,0,0,0,0,0,0,0
jgi.RhiirA5.391437.estExt_fgenesh1_pm.C_1260010,Sugar,Sugar,0,0,0,0,0,0,0,0,0.000227,0,0,1.5339317,0,0,8.68638,1.9625,0,0,0,0,0,0,0,0,0,0,0,11.18865,3.749425,0.0000615,0,0,0,0,0,0,0,0,0,0,0,0,0,0,0,0,0,0,0,0,0,0,0,0.87391,0,0,0,0,0,0,0,0,0,0
jgi.Rhidi1.758529.gm1.9603_g,Sugar,Sugar,0,0,0,0,0,0,0,0,0,0.3972967,2.94472,0.5571967,0,1.790118,12.5119,2.022195,0,0,0,0,0,0,0,0,0,0,0,0,0,0,1.61704,0,0,0,0,0,0,0,0,0,0,0,0,0,0,0,0,0,0,0,0,0.3852055,0,0,0,0,0,0.3185935,0.2777965,0,0,0,0,0.172117
jgi.Rhidi1.736584.estExt_fgenesh1_pm.C_2820002,Sugar,Sugar,0,0,0,0,0,0.58982,0,0.2516017,1.4671383,0,4.751934,0.5709583,0,0,0,0.3541667,0,0,0,0,0,0,0,0,0,0,0,1.45606,0,0,0,0,0,0,0,2.0788333,0,0,0,0,0,0,0,0,0,0,0,0,0,0,0,0,0,0,0.420683,0,0,0.6811665,0,0,0,0,0.1470305,0
jgi.RhiirA4.521163.MIX27702_18_36,Sugar,Sugar,0,0,0,0,0,0,0,1.110112,0,0,1.51995,0,3.502495,0,4.08847,2.324558,0,0,0,0,0,0,0,0,0,0,0,0,0,2.42415,0,0,0,0,0,0,0,0,0,2.119133,0,0,0,0,0,0,0,0,0,0,0,0,0,0.312195,0,0,0,0,0.302825,0,0,0,0,0
jgi.Gigro1.1953294.e_gw1.93.42.1,Sugar,Sugar,0,0,0,0,0,0,0,2.311417,3.75695,0,1.238176,0,0,0,0,0.96703,0,0,0,0,0,0,0,0,0,0,0,0,0,0,0,0,0,0,0,0,0,0,0,0,0,0,0,0,0,0,0,0,0,0,0,0,0,0,0,0,0,0,0,0,0,0,0,0
jgi.Rhice1_1.718881.estExt_Genewise1Plus.C_120069,Sugar,Sugar,0.5496033,0,0,0,0,1.332725,0,0,0,0,0,1.03887,0,0,0,0.7715583,0,0,0,0,0,0,0,0,0,0,3.1229167,0,0,0,0,0,0,1.535705,0,0,0,0,0,0,0,0,0,0,0.341052,0,0,0,0,0,0,0,0,0,0,0,0,0,0,0,0,0,0,0.1982575
jgi.RhiirC2.839360.estExt_fgenesh1_pm.C_870001,Sugar,Sugar,0,0,0,0,0,0,0,0,4.0624,1.911267,0,0,0,0,0,0,0,0,0,0,0,0,0,0,0,0,0,0,0,2.32302,0,0,0,0,0,0,0,0,0,0,0,0,0,0,0,0,0,0,0,0,0,0,0,0,0,0,0,0,0,0,0,0,0,0
jgi.Rhice1_1.688767.e_gw1.54.28.1,Sugar,Sugar,0,0,0,0,3.9963233,0,0,0,0,0,0,1.1760233,0,0,0,0,0,0,0,0,0,0,0,0,0,0,0,0,0,0,1.3420367,0,0,0,0,0,0,0,0,0,0,0,0,0,0,0,0,0,0,0,0,0,0,0,0,0,0.4230595,0,0,0,0,0,0,0
jgi.Rhice1_1.881886.estExt_Genemark1.C_8120004,Sugar,Sugar,0,0,0,0,0,0,0,0,0,0,0,0.53395,3.510715,1.948774,0,0,0,0,0,0,0,0,0,0,0,0,0,0,2.295562,0,1.026298,0,0,0,0,0,0,0,0,0,0,0,0,0,0,0,0,0,0,0,0,0,0,0,0,0,0,0,0,0,0,0,0,0
jgi.Gloin1.2726.gm1.2614_g,Sugar,Sugar,0.5710683,0,0,0,0,0,3.2149,0,0,0,0,0,0,0,0,0,0,0,0,0,0,0,0,0,0,0,0,0,0,0,0,0,0,0,0,0,0,0,0,0,0,0,0,0,0,0,0,0,0,0,0,0,0,0,0,0,0,0,0.450251,0,0,0,0,0
jgi.RhiirA1_1.453949.gm1.6314_g,Sugar,Sugar,0,0,0,0,0,0,0,2.1968,0,0,0,0.855045,0,0,0,0.7689717,0,0,0,0,0,0,0,0,0,0,0,0,0,0,0,0,0,0,0,0,0,0,0,0,0,0,0,0,0,0,0,0,0,0,0,0,0,0,0,0,0,0,0,0,0,0,0,0
jgi.RhiirA1_1.469774.gm1.22139_g,Sugar,Sugar,0,0,0,0,0,0,0,0,0,0,0,0,0,0,0,0,0,0,0,0,0,0,0,0,0,0,0,0,0,2.470435,0,0,2.6509,0,0,0,0,0,0,0,0,0,0,0,0,0,0,0,0,0,0,0,0,0,0,0,0,0,0,0,0,0,0,0
jgi.Rhice1_1.875100.estExt_Genemark1.C_1310014,Sugar,Sugar,0,0,0,2.3437667,0,0,0,0,0,0,0,0,0,0,0,0,0,0,0,0,0,0,0,0,0,0,0,0,0,0,0,0,0,0,0,0,0,0,0,0,0,0,0,0,0,0,0,0,0,0,0,0,0,0,0.5267055,0.6646225,0.342827,0.915442,0,0,0,0.2804875,0,0
jgi.Rhice1_1.815421.gm1.4205_g,Sugar,Sugar,0,0,0,0,0,0,0,0,0,0,0,0,0,0,0,0,0,0,0,0,0,0,0,0,0,0,0,0,0,0,0.5025167,0,0,0,0,0,0,0,0,0,0,0,0.2193825,0.6004835,0.679705,0,0,0,0,0.9382015,0.2304265,0,0,0,0.1796395,0.1820465,1.097628,0.369294,0.2392965,0,0.1861255,0.5321965,0,0.5166745
jgi.RhiirA5.454622.MIX6267_38_33,Sugar,Sugar,0,0,0,0,0,0,0,0,0,0,0,0,0,0,0,0,0,0,0,0,0,0,0,0,0,1.949817,0,0,0,0,0,0,0,0,0,0,0,0,0,0,0,0,0,0,0,0,0,0,0,0,0,0,0,0,0,0,0,0,0,0,0,0,0,0
jgi.Rhice1_1.691149.e_gw1.110.16.1,Sugar,Sugar,0,0,0,0,0,0,0,0,0,0.6776667,0.906944,0.482935,0,0,0,0,0,0,0,0,0,0,0,0,0,0,0,0,0,0,0,0,0,0,0,0,0,0,0,0,0,0,0,0,0,0,0,0,0,0,0,0,0,0,0,0,0,0,0,0,0,0,0,0
jgi.Rhidi1.619074.e_gw1.49.18.1,Sugar,Sugar,0,0,0,0,0,0,0,0,1.6467467,0,0,0,0,0,0,0,0,0,0,0,0,0,0,0,0,0,0,0,0,0,0,0,0,0,0,0,0,0,0,0,0,0,0,0,0,0,0,0,0,0,0,0,0,0.3935755,0.317744,0,0,0,0,0,0,0,0,0
jgi.Rhice1_1.822032.gm1.10816_g,Sugar,Sugar,0,0,0,0,0,0,0,0,0,0,0,0,0,0,0,0,0,0,0,0,0,0,0,0,0,0,0,0,0,0,0,0,0,0,0,0,5.05,0,0,0,0,0,0,0,0,0,0,0,0,0,0,0,0,0,0,0,0,0,0,0,0,0,0,0
jgi.Gloin1.6067.gm1.5955_g,Sugar,Sugar,0,0,0,0,0,0,0,0.9207833,0,0,0,0,0,0,0,0,0,0,0,0,0,0,0,0,0,0,0,0,0,0,0,0,0,0,0,0,0,0,0,0,0,0,0,0,0,0,0,0,0,0,0,0,0,0,0,0,0,0,0,0,0,0,0,0
jgi.RhiirA1_1.519507.MIX31824_1_3,Sugar,Sugar,0.5340183,0,0,0,0,0,0,0,0,0,0,0,0,0,0,0,0,0,0,0,0,0,0,0,0,0,0,0,0,0,0,0,0,0,0,0,0,0,0,0,0,0,0,0,0,0,0,0,0,0,0,0,0,0,0,0,0,0,0,0,0,0,0,0
jgi.Rhice1_1.692738.e_gw1.149.10.1,Sugar,Sugar,0,0,0,0,0,0,0,0,0,0,0,0,0,0,0,0,0,0,0,0,0,0,0,0,0,0,0,0,0,0,0,0,0,0,0,0,0,0,0,0,0,0,0,0,0,0,0,0,0,0,0,0,0,0,0,0.4154065,0.4320475,0,0,0,0,0,0,0
jgi.Gigro1.2240366.estExt_Genemark1.C_960031,Sugar,Sugar,0,0,0,0,0,0,0,0,0,0,0,0,0,0,1.42222,0,0,0,0,0,0,0,0,0,0,0,0,0,0,0,0,0,0,0,0,0,0,0,0,0,0,0,0,0,0,0,0,0,0,0,0,0,0,0,0,0,0,0,0,0,0,0,0,0
jgi.RhiirA1_1.338712.e_gw1.193.15.1,Sugar,Sugar,0,0,0,0,0,0,0,0,0,0,0,0,0,0,0,0,0,0,0,0,0,0,0,0,0,0,0,0,0,0,0,0,0.1554437,0,0,0,0,0,0,0,0,0,0,0,0,0,0,0,0,0,0,0,0,0,0,0,0,0,0,0,0,0,0,0.235056
jgi.Rhice1_1.834093.gm1.22877_g,Sugar,Sugar,0,0,0,0,0,0,0,0,0,0,0,0,0,0,0,0,0,0,0,0,0,0,0,0,0,0,0,0,0,0,0,0,0,0,0,0,0,0,0,0,0,0,0,0,0.387533,0,0,0,0,0,0,0,0,0,0,0,0,0,0,0,0,0,0,0
GH20,Trehalose-6-phosphate synthase,Trehalose,10.449463,7.520083,0,9.838297,9.191408,11.271491,26.600041,12.481577,28.574581,44.080096,66.671228,61.569744,66.58085,61.255864,76.932772,63.343789,0,0,0,0,0,0,8.350765,7.745002,0,55.694784,25.358056,11.130645,40.597653,20.141632,82.356564,15.514063,44.731832,19.390355,9.377505,26.127805,45.721232,8.200221,17.15025,14.13695,0.466432,2.740095,2.085271,7.196532,1.57027,1.421307,1.55643,0.319004,8.338865,0,0.9359,0.918547,0,3.497702,2.965604,2.205529,1.836698,1.744595,11.582192,0.73355,3.59933,2.482592,4.623555,1.119399
GH37,Neutral trehalase,Trehalose,18.40162,1.2116467,0,1.2707633,2.836229,3.037045,6.507865,5.6567853,17.0624533,21.6565983,31.203002,32.0251283,38.88649,14.908496,20.18535,34.1517183,0,0,0,0,0,2.59654,2.4179667,1.7950333,0,5.8649183,18.2947333,22.875475,22.0107475,10.54022,21.00802,17.982309,4.9785333,18.50227,20.32465,9.35459,21.35981,4.9469602,2.649235,7.5910617,0,0,2.1203125,0.59523,0.83031,0.6916245,5.0192,0.2392505,4.90667,0.728905,0,1.1253135,0.801826,1.3349345,3.8525555,0.686455,1.5245885,0.79842,4.52611,0.358443,5.106063,1.1655245,1.580608,0.655885
